phage_acc,host_acc,host_organism,label,source,confidence,notes
EU717894.1,GCF_000007145.1,Xanthomonas campestris pv. campestris ATCC 33913,1,literature_curated,0.950000,Wang 2003 Mol Microbiol 48:1049 (receptor); Lee 2009 AEM 75:7828 (genome)
NC_054459.1,NZ_CP150073,Xanthomonas oryzae pv. oryzae,1,literature_curated,0.800000,NCBI: NC_054459.1
ON758385.1,,Xanthomonas sp.,1,literature_curated,0.800000,NCBI: ON758385.1
ON711490.1,,Xanthomonas campestris XC114,1,literature_curated,0.800000,NCBI: ON711490.1
OP067662.1,NZ_CP150073,Xanthomonas oryzae pv. oryzae,1,literature_curated,0.800000,NCBI: OP067662.1
ON996340.1,NZ_CP167225,Xanthomonas euvesicatoria,1,literature_curated,0.800000,NCBI: ON996340.1
ON932078.1,,Xanthomonas arboricola pv. juglandis IVIA 1317-1a,1,literature_curated,0.800000,NCBI: ON932078.1
ON932079.1,,Xanthomonas arboricola pv. juglandis IVIA 1317-1a,1,literature_curated,0.800000,NCBI: ON932079.1
ON932080.1,,Xanthomonas arboricola pv. juglandis IVIA 1317-1a,1,literature_curated,0.800000,NCBI: ON932080.1
ON932081.1,,Xanthomonas arboricola pv. juglandis IVIA 1317-1a,1,literature_curated,0.800000,NCBI: ON932081.1
ON932082.1,,Xanthomonas arboricola pv. juglandis IVIA 1317-1a,1,literature_curated,0.800000,NCBI: ON932082.1
ON932083.1,,Xanthomonas arboricola pv. juglandis IVIA 1317-1a,1,literature_curated,0.800000,NCBI: ON932083.1
ON932084.1,,Xanthomonas arboricola pv. juglandis IVIA 1317-1a,1,literature_curated,0.800000,NCBI: ON932084.1
ON932085.1,,Xanthomonas arboricola pv. juglandis IVIA 1317-1a,1,literature_curated,0.800000,NCBI: ON932085.1
OP292654.1,NZ_CP167993,Xanthomonas vesicatoria,1,literature_curated,0.800000,NCBI: OP292654.1
ON911538.2,,Xanthomonas arboricola pv. juglandis IVIA 1317-1a,1,literature_curated,0.800000,NCBI: ON911538.2
ON911539.2,,Xanthomonas arboricola pv. juglandis IVIA 1317-1a,1,literature_curated,0.800000,NCBI: ON911539.2
ON911540.2,,Xanthomonas arboricola pv. juglandis IVIA 1317-1a,1,literature_curated,0.800000,NCBI: ON911540.2
AB720063.2,NZ_CP118477,Xanthomonas citri,1,literature_curated,0.800000,NCBI: AB720063.2
ON189047.1,,Xanthomonas translucens pv. translucens (DSM 18974),1,literature_curated,0.800000,NCBI: ON189047.1
ON189045.1,,Xanthomonas translucens pv. translucens (DSM 18974),1,literature_curated,0.800000,NCBI: ON189045.1
ON189044.1,,Xanthomonas translucens pv. translucens (DSM 18974),1,literature_curated,0.800000,NCBI: ON189044.1
OK258140.1,,Xanthomonas sp.,1,literature_curated,0.800000,NCBI: OK258140.1
MZ666966.1,NZ_CP150073,Xanthomonas oryzae pv. oryzae,1,literature_curated,0.800000,NCBI: MZ666966.1
MN364664.1,NZ_CP150073,Xanthomonas oryzae pv. oryzae,1,literature_curated,0.800000,NCBI: MN364664.1
GU296433.1,NZ_CP172379,Campylobacter jejuni,1,literature_curated,0.800000,NCBI: GU296433.1
OK624832.1,,Xanthomonas sp.,1,literature_curated,0.800000,NCBI: OK624832.1
MZ345003.1,NZ_CP155977,Xanthomonas campestris pv. campestris,1,literature_curated,0.800000,NCBI: MZ345003.1
OL436139.1,,Salmonella enterica subsp. enterica serovar Pullorum C79-13,1,literature_curated,0.800000,NCBI: OL436139.1
OK258138.1,,Xanthomonas sp.,1,literature_curated,0.800000,NCBI: OK258138.1
OK275492.1,,Xanthomonas sp.,1,literature_curated,0.800000,NCBI: OK275492.1
ON189043.1,,Xanthomonas translucens pv. translucens (DSM 18974),1,literature_curated,0.800000,NCBI: ON189043.1
OK275493.1,,Xanthomonas sp.,1,literature_curated,0.800000,NCBI: OK275493.1
OK275494.1,,Xanthomonas sp.,1,literature_curated,0.800000,NCBI: OK275494.1
OK275495.1,,Xanthomonas sp.,1,literature_curated,0.800000,NCBI: OK275495.1
DQ777876.1,NZ_CP150073,Xanthomonas oryzae,1,literature_curated,0.800000,NCBI: DQ777876.1
MZ326867.1,NZ_AP041801,Stenotrophomonas maltophilia,1,literature_curated,0.800000,NCBI: MZ326867.1
MW825358.1,,Xanthomonas citri 306,1,literature_curated,0.800000,NCBI: MW825358.1
ON189042.1,,Xanthomonas translucens pv. translucens (DSM 18974),1,literature_curated,0.800000,NCBI: ON189042.1
OP583591.1,NZ_CP173422,Xanthomonas perforans,1,literature_curated,0.800000,NCBI: OP583591.1
OP583592.1,NZ_CP173422,Xanthomonas perforans,1,literature_curated,0.800000,NCBI: OP583592.1
OP583593.1,NZ_CP173422,Xanthomonas perforans,1,literature_curated,0.800000,NCBI: OP583593.1
NC_030937.1,,Xanthomonas arboricola pv. juglandis X-J303,1,literature_curated,0.800000,NCBI: NC_030937.1
NC_024789.1,,E. coli O157:H7 R508 (phage type 14),1,literature_curated,0.800000,NCBI: NC_024789.1
NC_024793.1,,E. coli O157:H7 R508 (phage type 14),1,literature_curated,0.800000,NCBI: NC_024793.1
NC_029075.1,NZ_CP014028,Achromobacter xylosoxidans,1,literature_curated,0.800000,NCBI: NC_029075.1
NC_031280.1,,Acinetobacter baumannii Acb8/09,1,literature_curated,0.800000,NCBI: NC_031280.1
NC_042344.1,NZ_CP182287,Xylella fastidiosa,1,literature_curated,0.800000,NCBI: NC_042344.1
NC_042345.1,NZ_CP182287,Xylella fastidiosa,1,literature_curated,0.800000,NCBI: NC_042345.1
NC_030928.1,,Xanthomonas arboricola pv. juglandis X-J303,1,literature_curated,0.800000,NCBI: NC_030928.1
NC_047762.1,NZ_CP168206,Xanthomonas arboricola pv. juglandis,1,literature_curated,0.800000,NCBI: NC_047762.1
NC_023569.1,NZ_CP013250,Vibrio parahaemolyticus,1,literature_curated,0.800000,NCBI: NC_023569.1
NC_052966.1,NZ_CP150073,Xanthomonas oryzae pv. oryzae,1,literature_curated,0.800000,NCBI: NC_052966.1
NC_054460.1,NZ_CP167225,Xanthomonas euvesicatoria,1,literature_curated,0.800000,NCBI: NC_054460.1
NC_047840.1,,Xanthomonas sp.,1,literature_curated,0.800000,NCBI: NC_047840.1
NC_047962.1,NZ_CP169751,Xanthomonas campestris,1,literature_curated,0.800000,NCBI: NC_047962.1
NC_048137.1,NZ_CP016892,Pantoea agglomerans,1,literature_curated,0.800000,NCBI: NC_048137.1
NC_048703.1,NZ_CP082179,Xanthomonas fragariae,1,literature_curated,0.800000,NCBI: NC_048703.1
NC_048751.1,,Pantoea agglomerans BSL,1,literature_curated,0.800000,NCBI: NC_048751.1
NC_024784.1,,E. coli O157:H7 R508 (phage type 14),1,literature_curated,0.800000,NCBI: NC_024784.1
NC_023556.1,,Achromobacter xylosoxidans DSM 11852,1,literature_curated,0.800000,NCBI: NC_023556.1
OP583594.1,NZ_CP173422,Xanthomonas perforans,1,literature_curated,0.800000,NCBI: OP583594.1
NC_014663.1,NZ_CP140715,Acinetobacter johnsonii,1,literature_curated,0.800000,NCBI: NC_014663.1
OP583595.1,NZ_CP173422,Xanthomonas perforans,1,literature_curated,0.800000,NCBI: OP583595.1
NC_005857.1,NZ_CP017928,Klebsiella oxytoca,1,literature_curated,0.800000,NCBI: NC_005857.1
NC_007024.1,NZ_CP103838,Xanthomonas campestris pv. pelargonii,1,literature_curated,0.800000,NCBI: NC_007024.1
NC_011811.1,NZ_CP077850,Erwinia amylovora,1,literature_curated,0.800000,NCBI: NC_011811.1
NC_012742.1,NZ_CP155977,Xanthomonas campestris pv. campestris,1,literature_curated,0.800000,NCBI: NC_012742.1
NC_013697.1,NZ_CP066006,Delftia acidovorans,1,literature_curated,0.800000,NCBI: NC_013697.1
NC_013693.1,NZ_CP026795,Shigella boydii,1,literature_curated,0.800000,NCBI: NC_013693.1
NC_016071.1,NZ_CP074661,Salmonella enteritidis,1,literature_curated,0.800000,NCBI: NC_016071.1
NC_022987.1,NZ_CP182287,Xylella fastidiosa,1,literature_curated,0.800000,NCBI: NC_022987.1
NC_017981.1,NZ_CP167993,Xanthomonas vesicatoria,1,literature_curated,0.800000,NCBI: NC_017981.1
NC_019401.1,NC_017933,Cronobacter sakazakii,1,literature_curated,0.800000,NCBI: NC_019401.1
NC_019520.1,,Escherichia sp.,1,literature_curated,0.800000,NCBI: NC_019520.1
NC_020201.1,NC_004547,Pectobacterium atrosepticum SCRI1043,1,literature_curated,0.800000,NCBI: NC_020201.1
NC_020205.1,NZ_CP118477,Xanthomonas citri,1,literature_curated,0.800000,NCBI: NC_020205.1
NC_021532.1,CP003873,Alteromonas macleodii str. 'Balearic Sea AD45',1,literature_curated,0.800000,NCBI: NC_021532.1
NC_022982.1,NZ_CP182287,Xylella fastidiosa,1,literature_curated,0.800000,NCBI: NC_022982.1
MZ666965.1,NZ_CP150073,Xanthomonas oryzae pv. oryzae,1,literature_curated,0.800000,NCBI: MZ666965.1
MW822539.1,,Xanthomonas albilineans CFBP2523,1,literature_curated,0.800000,NCBI: MW822539.1
MW822538.1,,Xanthomonas albilineans CFBP2523,1,literature_curated,0.800000,NCBI: MW822538.1
KF626667.1,NZ_CP182287,Xylella fastidiosa,1,literature_curated,0.800000,NCBI: KF626667.1
KF771238.1,,E. coli O157:H7 R508 (phage type 14),1,literature_curated,0.800000,NCBI: KF771238.1
KF771239.1,,E. coli O157:H7 R508 (phage type 14),1,literature_curated,0.800000,NCBI: KF771239.1
KF623293.1,NZ_CP013250,Vibrio parahaemolyticus,1,literature_curated,0.800000,NCBI: KF623293.1
KP202971.1,NZ_CP014028,Achromobacter xylosoxidans,1,literature_curated,0.800000,NCBI: KP202971.1
KJ628499.1,,Acinetobacter baumannii Acb8/09,1,literature_curated,0.800000,NCBI: KJ628499.1
JQ015307.1,NC_004547,Pectobacterium atrosepticum SCRI1043,1,literature_curated,0.800000,NCBI: JQ015307.1
KF626666.1,NZ_CP182287,Xylella fastidiosa,1,literature_curated,0.800000,NCBI: KF626666.1
KU595432.1,,Xanthomonas arboricola pv. juglandis X-J303,1,literature_curated,0.800000,NCBI: KU595432.1
KF771236.1,,E. coli O157:H7 R508 (phage type 14),1,literature_curated,0.800000,NCBI: KF771236.1
KU595433.1,,Xanthomonas arboricola pv. juglandis X-J303,1,literature_curated,0.800000,NCBI: KU595433.1
KU197013.1,NZ_CP168206,Xanthomonas arboricola pv. juglandis,1,literature_curated,0.800000,NCBI: KU197013.1
KU197014.1,NZ_CP168206,Xanthomonas arboricola pv. juglandis,1,literature_curated,0.800000,NCBI: KU197014.1
KX241618.1,NZ_CP150073,Xanthomonas oryzae pv. oryzae,1,literature_curated,0.800000,NCBI: KX241618.1
MF375456.1,,Xanthomonas sp.,1,literature_curated,0.800000,NCBI: MF375456.1
AP018399.1,NZ_CP118477,Xanthomonas citri,1,literature_curated,0.800000,NCBI: AP018399.1
MH059633.1,NZ_CP169751,Xanthomonas campestris,1,literature_curated,0.800000,NCBI: MH059633.1
KF771237.1,,E. coli O157:H7 R508 (phage type 14),1,literature_curated,0.800000,NCBI: KF771237.1
JN882285.1,NC_017933,Cronobacter sakazakii,1,literature_curated,0.800000,NCBI: JN882285.1
KY210139.1,NZ_CP167225,Xanthomonas euvesicatoria,1,literature_curated,0.800000,NCBI: KY210139.1
JN022534.1,NZ_CP167993,Xanthomonas vesicatoria,1,literature_curated,0.800000,NCBI: JN022534.1
PX408738.1,NZ_CP167225,Xanthomonas euvesicatoria,1,literature_curated,0.800000,NCBI: PX408738.1
EU710883.1,NZ_CP077850,Erwinia amylovora,1,literature_curated,0.800000,NCBI: EU710883.1
EU717894.1,NZ_CP155977,Xanthomonas campestris pv. campestris,1,literature_curated,0.800000,NCBI: EU717894.1
HM004124.1,NZ_CP140715,Acinetobacter johnsonii,1,literature_curated,0.800000,NCBI: HM004124.1
FJ373894.1,NZ_CP026795,Shigella boydii,1,literature_curated,0.800000,NCBI: FJ373894.1
GU070616.1,NZ_CP074661,Salmonella enteritidis,1,literature_curated,0.800000,NCBI: GU070616.1
JN882298.1,,Escherichia sp.,1,literature_curated,0.800000,NCBI: JN882298.1
KF005317.1,CP003873,Alteromonas macleodii str. 'Balearic Sea AD45',1,literature_curated,0.800000,NCBI: KF005317.1
KF626668.1,NZ_CP182287,Xylella fastidiosa,1,literature_curated,0.800000,NCBI: KF626668.1
KF005318.1,CP003873,Alteromonas macleodii str. 'Balearic Sea AD45',1,literature_curated,0.800000,NCBI: KF005318.1
KF005319.1,CP003873,Alteromonas macleodii str. 'Balearic Sea AD45',1,literature_curated,0.800000,NCBI: KF005319.1
KF005320.1,CP003873,Alteromonas macleodii str. 'Balearic Sea AD45',1,literature_curated,0.800000,NCBI: KF005320.1
AB720064.1,NZ_CP118477,Xanthomonas citri,1,literature_curated,0.800000,NCBI: AB720064.1
KF787094.1,,Achromobacter xylosoxidans DSM 11852,1,literature_curated,0.800000,NCBI: KF787094.1
KF787095.1,,Achromobacter xylosoxidans DSM 11852,1,literature_curated,0.800000,NCBI: KF787095.1
KF626665.1,NZ_CP182287,Xylella fastidiosa,1,literature_curated,0.800000,NCBI: KF626665.1
MH517022.1,,Acinetobacter baumannii 15599,1,literature_curated,0.800000,NCBI: MH517022.1
MK095605.1,NZ_CP016892,Pantoea agglomerans,1,literature_curated,0.800000,NCBI: MK095605.1
MW822537.1,,Xanthomonas albilineans CFBP2523,1,literature_curated,0.800000,NCBI: MW822537.1
MT161383.1,,Xanthomonas campestris pv. campestris GBBC 1419,1,literature_curated,0.800000,NCBI: MT161383.1
MT740307.1,,Pseudomonas syringae pv. actinidiae K7A1,1,literature_curated,0.800000,NCBI: MT740307.1
MT708549.1,NZ_CP022009,Burkholderia gladioli,1,literature_curated,0.800000,NCBI: MT708549.1
MH191395.1,NZ_CP155977,Xanthomonas campestris pv. campestris,1,literature_curated,0.800000,NCBI: MH191395.1
MW082583.1,,Serratia marcescens IMBG291,1,literature_curated,0.800000,NCBI: MW082583.1
MT653137.1,NZ_CP012348,Salmonella enterica subsp. enterica serovar Pullorum,1,literature_curated,0.800000,NCBI: MT653137.1
MT161381.1,,Xanthomonas campestris pv. campestris GBBC 1419,1,literature_curated,0.800000,NCBI: MT161381.1
MT161382.1,,Xanthomonas campestris pv. campestris GBBC 1419,1,literature_curated,0.800000,NCBI: MT161382.1
MT161384.1,,Xanthomonas campestris pv. campestris GBBC 1419,1,literature_curated,0.800000,NCBI: MT161384.1
MT664984.1,NZ_CP150073,Xanthomonas oryzae,1,literature_curated,0.800000,NCBI: MT664984.1
MT161386.1,,Xanthomonas campestris pv. campestris GBBC 1412,1,literature_curated,0.800000,NCBI: MT161386.1
MT161387.1,,Xanthomonas campestris pv. campestris GBBC 1412,1,literature_curated,0.800000,NCBI: MT161387.1
MT161385.1,,Xanthomonas campestris pv. campestris GBBC 1412,1,literature_curated,0.800000,NCBI: MT161385.1
MT951568.1,,Xanthomonas euvesicatoria pv. allii XaaBL11,1,literature_curated,0.800000,NCBI: MT951568.1
MW802488.1,,Xanthomonas albilineans CFBP2523,1,literature_curated,0.800000,NCBI: MW802488.1
MW822535.1,,Xanthomonas albilineans CFBP2523,1,literature_curated,0.800000,NCBI: MW822535.1
MW822536.1,,Xanthomonas albilineans CFBP2523,1,literature_curated,0.800000,NCBI: MW822536.1
MT939492.1,NZ_CP150073,Xanthomonas oryzae pv. oryzae,1,literature_curated,0.800000,NCBI: MT939492.1
MN047793.1,NZ_CP150073,Xanthomonas oryzae pv. oryzae,1,literature_curated,0.800000,NCBI: MN047793.1
MK095606.1,NZ_CP016892,Pantoea agglomerans,1,literature_curated,0.800000,NCBI: MK095606.1
GQ357915.1,NZ_CP066006,Delftia acidovorans,1,literature_curated,0.800000,NCBI: GQ357915.1
MK388689.1,,Pantoea agglomerans BSL,1,literature_curated,0.800000,NCBI: MK388689.1
MG944228.1,NZ_CP150073,Xanthomonas oryzae pv. oryzae,1,literature_curated,0.800000,NCBI: MG944228.1
MG944229.1,NZ_CP150073,Xanthomonas oryzae pv. oryzae,1,literature_curated,0.800000,NCBI: MG944229.1
MG944231.1,NZ_CP150073,Xanthomonas oryzae pv. oryzae,1,literature_curated,0.800000,NCBI: MG944231.1
MG944233.1,NZ_CP150073,Xanthomonas oryzae pv. oryzae,1,literature_curated,0.800000,NCBI: MG944233.1
MG944234.1,NZ_CP150073,Xanthomonas oryzae pv. oryzae,1,literature_curated,0.800000,NCBI: MG944234.1
MG944236.1,NZ_CP150073,Xanthomonas oryzae pv. oryzae,1,literature_curated,0.800000,NCBI: MG944236.1
MG944227.1,NZ_CP150073,Xanthomonas oryzae pv. oryzae,1,literature_curated,0.800000,NCBI: MG944227.1
MK903278.1,,Xanthomonas sp.,1,literature_curated,0.800000,NCBI: MK903278.1
MG944230.1,NZ_CP150073,Xanthomonas oryzae pv. oryzae,1,literature_curated,0.800000,NCBI: MG944230.1
MG944232.1,NZ_CP150073,Xanthomonas oryzae pv. oryzae,1,literature_curated,0.800000,NCBI: MG944232.1
MG944235.1,NZ_CP150073,Xanthomonas oryzae pv. oryzae,1,literature_curated,0.800000,NCBI: MG944235.1
MG983743.2,NZ_CP082179,Xanthomonas fragariae,1,literature_curated,0.800000,NCBI: MG983743.2
MN461279.1,NZ_CP167993,Xanthomonas vesicatoria,1,literature_curated,0.800000,NCBI: MN461279.1
MT119766.1,,Xanthomonas campestris pv. campestris strain Ram 3-1,1,literature_curated,0.800000,NCBI: MT119766.1
MN062187.1,,Xanthomonas sp.,1,literature_curated,0.800000,NCBI: MN062187.1
NC_054458.1,NZ_CP150073,Xanthomonas oryzae pv. oryzae,1,literature_curated,0.800000,NCBI: NC_054458.1
PX408739.1,NZ_CP167225,Xanthomonas euvesicatoria,1,literature_curated,0.800000,NCBI: PX408739.1
NC_069155.1,,Serratia marcescens IMBG291,1,literature_curated,0.800000,NCBI: NC_069155.1
PX530551.1,,Xanthomoans oryzea,1,literature_curated,0.800000,NCBI: PX530551.1
PV764599.1,,Xanthomonas hortorum pv. vitians CFBP8641,1,literature_curated,0.800000,NCBI: PV764599.1
PV764600.1,,Xanthomonas hortorum pv. vitians CFBP8643,1,literature_curated,0.800000,NCBI: PV764600.1
PV764601.1,,Xanthomonas hortorum pv. vitians CFBP8640,1,literature_curated,0.800000,NCBI: PV764601.1
PV764602.1,,Xanthomonas hortorum pv. vitians CFBP8640,1,literature_curated,0.800000,NCBI: PV764602.1
PV764603.1,,Xanthomonas hortorum pv. vitians CFBP8640,1,literature_curated,0.800000,NCBI: PV764603.1
PP431385.1,NZ_CP118477,Xanthomonas citri,1,literature_curated,0.800000,NCBI: PP431385.1
NC_128954.1,NZ_CP168206,Xanthomonas arboricola pv. juglandis,1,literature_curated,0.800000,NCBI: NC_128954.1
PX310626.1,,Xanthomonas citri 3213,1,literature_curated,0.800000,NCBI: PX310626.1
OP413789.1,NZ_CP150073,Xanthomonas oryzae pv. oryzae,1,literature_curated,0.800000,NCBI: OP413789.1
PQ093899.1,NZ_CP169751,Xanthomonas campestris,1,literature_curated,0.800000,NCBI: PQ093899.1
PX444441.1,,Xanthomonas sp. XC263,1,literature_curated,0.800000,NCBI: PX444441.1
PX682299.1,NZ_CP150073,Xanthomonas oryzae pv. oryzae,1,literature_curated,0.800000,NCBI: PX682299.1
PX682300.1,NZ_CP150073,Xanthomonas oryzae pv. oryzae,1,literature_curated,0.800000,NCBI: PX682300.1
PX682301.1,,Xanthomonas oryzae pv. oryzae LN4,1,literature_curated,0.800000,NCBI: PX682301.1
PX682302.1,NZ_CP150073,Xanthomonas oryzae pv. oryzae,1,literature_curated,0.800000,NCBI: PX682302.1
PX682303.1,NZ_CP150073,Xanthomonas oryzae pv. oryzae,1,literature_curated,0.800000,NCBI: PX682303.1
PX682304.1,NZ_CP150073,Xanthomonas oryzae pv. oryzae,1,literature_curated,0.800000,NCBI: PX682304.1
PX682305.1,NZ_CP150073,Xanthomonas oryzae pv. oryzae,1,literature_curated,0.800000,NCBI: PX682305.1
PV764598.1,,Xanthomonas hortorum pv. vitians CFBP8639,1,literature_curated,0.800000,NCBI: PV764598.1
PV037726.1,NZ_CP169751,Xanthomonas campestris,1,literature_curated,0.800000,NCBI: PV037726.1
PV754127.1,,Xanthomonas hortorum pv. vitians AB16734deltaLPS3,1,literature_curated,0.800000,NCBI: PV754127.1
PV702347.1,,Xanthomonas hortorum pv. vitians CFBP8642,1,literature_curated,0.800000,NCBI: PV702347.1
OQ446484.1,NZ_CP166095,Xanthomonas arboricola,1,literature_curated,0.800000,NCBI: OQ446484.1
OQ446486.1,NZ_CP166095,Xanthomonas arboricola,1,literature_curated,0.800000,NCBI: OQ446486.1
OQ446487.1,NZ_CP166095,Xanthomonas arboricola,1,literature_curated,0.800000,NCBI: OQ446487.1
PQ476032.1,NZ_CP114795,Xanthomonas citri pv. citri,1,literature_curated,0.800000,NCBI: PQ476032.1
PV012638.1,NZ_CP118477,Xanthomonas citri,1,literature_curated,0.800000,NCBI: PV012638.1
PP391659.1,,Xanthomonas arboricola pv. pruni strain Xcp1,1,literature_curated,0.800000,NCBI: PP391659.1
PP391660.1,,Xanthomonas arboricola pv. pruni strain Xcp1,1,literature_curated,0.800000,NCBI: PP391660.1
PP391661.1,,Xanthomonas arboricola pv. pruni strain Xcp1,1,literature_curated,0.800000,NCBI: PP391661.1
PP391662.1,,Xanthomonas arboricola pv. pruni strain Xcp1,1,literature_curated,0.800000,NCBI: PP391662.1
PP391663.1,,Xanthomonas arboricola pv. pruni strain Xcp1,1,literature_curated,0.800000,NCBI: PP391663.1
PP391664.1,,Xanthomonas arboricola pv. pruni strain Xcp1,1,literature_curated,0.800000,NCBI: PP391664.1
PP475461.1,,Xanthomonas campestris pv. campestris CECT 97,1,literature_curated,0.800000,NCBI: PP475461.1
PQ571275.1,,Bacteroides salyersiae BG8,1,literature_curated,0.800000,NCBI: PQ571275.1
PQ571276.1,,Bacteroides salyersiae BG8,1,literature_curated,0.800000,NCBI: PQ571276.1
PQ571296.1,,Klebsiella aerogenes MAO-MM-7,1,literature_curated,0.800000,NCBI: PQ571296.1
PV408261.1,,Xanthomonas hortorum pv. vitians CFBP8638 (=LM16734),1,literature_curated,0.800000,NCBI: PV408261.1
PV506377.1,,Xanthomonas oryzae PX079 (Phillipine race 3),1,literature_curated,0.800000,NCBI: PV506377.1
PX682306.1,NZ_CP150073,Xanthomonas oryzae pv. oryzae,1,literature_curated,0.800000,NCBI: PX682306.1
PX682307.1,NZ_CP150073,Xanthomonas oryzae pv. oryzae,1,literature_curated,0.800000,NCBI: PX682307.1
PX682308.1,NZ_CP150073,Xanthomonas oryzae pv. oryzae,1,literature_curated,0.800000,NCBI: PX682308.1
PX630732.1,NZ_CP167241,Xanthomonas arboricola pv. pruni,1,literature_curated,0.800000,NCBI: PX630732.1
PX630734.1,NZ_CP167241,Xanthomonas arboricola pv. pruni,1,literature_curated,0.800000,NCBI: PX630734.1
PX630735.1,NZ_CP167241,Xanthomonas arboricola pv. pruni,1,literature_curated,0.800000,NCBI: PX630735.1
PX630736.1,NZ_CP167241,Xanthomonas arboricola pv. pruni,1,literature_curated,0.800000,NCBI: PX630736.1
PX630737.1,NZ_CP167241,Xanthomonas arboricola pv. pruni,1,literature_curated,0.800000,NCBI: PX630737.1
PX630738.1,NZ_CP167241,Xanthomonas arboricola pv. pruni,1,literature_curated,0.800000,NCBI: PX630738.1
PX630739.1,NZ_CP167241,Xanthomonas arboricola pv. pruni,1,literature_curated,0.800000,NCBI: PX630739.1
PX630740.1,NZ_CP167241,Xanthomonas arboricola pv. pruni,1,literature_curated,0.800000,NCBI: PX630740.1
PX630741.1,NZ_CP167241,Xanthomonas arboricola pv. pruni,1,literature_curated,0.800000,NCBI: PX630741.1
PQ569993.1,NZ_CP155948,Xanthomonas campestris pv. campestris str. 8004,1,literature_curated,0.800000,NCBI: PQ569993.1
PX997083.1,,Xanthomonas citri pv. citr strain XHCZG,1,literature_curated,0.800000,NCBI: PX997083.1
PZ019799.1,,Xanthomonas euvesicatoria pv. euvesicatoria,1,literature_curated,0.800000,NCBI: PZ019799.1
PZ019800.1,,Xanthomonas euvesicatoria pv. euvesicatoria,1,literature_curated,0.800000,NCBI: PZ019800.1
PZ019801.1,,Xanthomonas euvesicatoria pv. euvesicatoria,1,literature_curated,0.800000,NCBI: PZ019801.1
PZ019802.1,,Xanthomonas euvesicatoria pv. euvesicatoria,1,literature_curated,0.800000,NCBI: PZ019802.1
PZ019803.1,,Xanthomonas euvesicatoria pv. euvesicatoria,1,literature_curated,0.800000,NCBI: PZ019803.1
NC_004902.1,NZ_CP150073,Xanthomonas oryzae,1,literature_curated,0.800000,NCBI: NC_004902.1
PX408737.1,NZ_CP167225,Xanthomonas euvesicatoria,1,literature_curated,0.800000,NCBI: PX408737.1
PX630733.1,NZ_CP167241,Xanthomonas arboricola pv. pruni,1,literature_curated,0.800000,NCBI: PX630733.1
PX630731.1,NZ_CP167241,Xanthomonas arboricola pv. pruni,1,literature_curated,0.800000,NCBI: PX630731.1
PX682309.1,NZ_CP150073,Xanthomonas oryzae pv. oryzae,1,literature_curated,0.800000,NCBI: PX682309.1
PX682330.1,NZ_CP150073,Xanthomonas oryzae pv. oryzae,1,literature_curated,0.800000,NCBI: PX682330.1
PX682310.1,NZ_CP150073,Xanthomonas oryzae pv. oryzae,1,literature_curated,0.800000,NCBI: PX682310.1
PX682311.1,,Xanthomonas oryzae pv. oryzae GXB1-2,1,literature_curated,0.800000,NCBI: PX682311.1
PX682312.1,,Xanthomonas oryzae pv. oryzae GX2-3,1,literature_curated,0.800000,NCBI: PX682312.1
PX682313.1,NZ_CP150073,Xanthomonas oryzae pv. oryzae,1,literature_curated,0.800000,NCBI: PX682313.1
PX682314.1,,Xanthomonas oryzae pv. oryzae GXB1-2,1,literature_curated,0.800000,NCBI: PX682314.1
PX682315.1,,Xanthomonas oryzae pv. oryzae LN4,1,literature_curated,0.800000,NCBI: PX682315.1
PX682317.1,NZ_CP150073,Xanthomonas oryzae pv. oryzae,1,literature_curated,0.800000,NCBI: PX682317.1
PX682318.1,NZ_CP150073,Xanthomonas oryzae pv. oryzae,1,literature_curated,0.800000,NCBI: PX682318.1
PX682319.1,NZ_CP150073,Xanthomonas oryzae pv. oryzae,1,literature_curated,0.800000,NCBI: PX682319.1
PX682320.1,NZ_CP150073,Xanthomonas oryzae pv. oryzae,1,literature_curated,0.800000,NCBI: PX682320.1
PX682321.1,NZ_CP150073,Xanthomonas oryzae pv. oryzae,1,literature_curated,0.800000,NCBI: PX682321.1
PX682322.1,NZ_CP150073,Xanthomonas oryzae pv. oryzae,1,literature_curated,0.800000,NCBI: PX682322.1
PX682323.1,,Xanthomonas oryzae pv. oryzae GXB1-2,1,literature_curated,0.800000,NCBI: PX682323.1
PX682324.1,,Xanthomonas oryzae pv. oryzae N1,1,literature_curated,0.800000,NCBI: PX682324.1
PX682327.1,NZ_CP150073,Xanthomonas oryzae pv. oryzae,1,literature_curated,0.800000,NCBI: PX682327.1
PX682328.1,,Xanthomonas oryzae pv. oryzae N1,1,literature_curated,0.800000,NCBI: PX682328.1
PX682329.1,,Xanthomonas oryzae pv. oryzae LN4,1,literature_curated,0.800000,NCBI: PX682329.1
OQ446483.1,NZ_CP166095,Xanthomonas arboricola,1,literature_curated,0.800000,NCBI: OQ446483.1
PX682316.1,,Xanthomonas oryzae pv. oryzae LN4,1,literature_curated,0.800000,NCBI: PX682316.1
NC_072499.1,,Xanthomonas arboricola pv. juglandis IVIA 1317-1a,1,literature_curated,0.800000,NCBI: NC_072499.1
NC_073094.1,,Xanthomonas translucens pv. translucens (DSM 18974),1,literature_curated,0.800000,NCBI: NC_073094.1
NC_073029.1,,Xanthomonas translucens pv. translucens (DSM 18974),1,literature_curated,0.800000,NCBI: NC_073029.1
NC_073030.1,,Xanthomonas translucens pv. translucens (DSM 18974),1,literature_curated,0.800000,NCBI: NC_073030.1
NC_073032.1,,Xanthomonas sp.,1,literature_curated,0.800000,NCBI: NC_073032.1
NC_073033.1,NZ_CP150073,Xanthomonas oryzae,1,literature_curated,0.800000,NCBI: NC_073033.1
NC_073035.1,,Xanthomonas arboricola pv. juglandis IVIA 1317-1a,1,literature_curated,0.800000,NCBI: NC_073035.1
NC_073036.1,,Xanthomonas arboricola pv. juglandis IVIA 1317-1a,1,literature_curated,0.800000,NCBI: NC_073036.1
NC_073093.1,,Xanthomonas translucens pv. translucens (DSM 18974),1,literature_curated,0.800000,NCBI: NC_073093.1
NC_073095.1,,Xanthomonas translucens pv. translucens (DSM 18974),1,literature_curated,0.800000,NCBI: NC_073095.1
OR966858.1,NZ_CP150073,Xanthomonas oryzae pv. oryzae,1,literature_curated,0.800000,NCBI: OR966858.1
OQ622092.1,NZ_CP118477,Xanthomonas citri,1,literature_curated,0.800000,NCBI: OQ622092.1
OQ676962.1,,Xanthomonas sp.,1,literature_curated,0.800000,NCBI: OQ676962.1
OQ790161.1,,Xanthomonas sp.,1,literature_curated,0.800000,NCBI: OQ790161.1
OR258281.1,NZ_CP167993,Xanthomonas vesicatoria,1,literature_curated,0.800000,NCBI: OR258281.1
OR500351.1,,Xanthomonas campestris pv. campestris Tir-1,1,literature_curated,0.800000,NCBI: OR500351.1
OQ756160.1,NZ_CP118477,Xanthomonas citri,1,literature_curated,0.800000,NCBI: OQ756160.1
OP548052.1,NZ_CP167225,Xanthomonas euvesicatoria,1,literature_curated,0.800000,NCBI: OP548052.1
NC_073026.1,,Xanthomonas arboricola pv. juglandis IVIA 1317-1a,1,literature_curated,0.800000,NCBI: NC_073026.1
OQ436456.1,,Xanthomonas sp.,1,literature_curated,0.800000,NCBI: OQ436456.1
OQ427096.1,NZ_CP155948,Xanthomonas campestris pv. campestris str. 8004,1,literature_curated,0.800000,NCBI: OQ427096.1
ON960072.2,NZ_CP150073,Xanthomonas oryzae pv. oryzae,1,literature_curated,0.800000,NCBI: ON960072.2
NC_015464.1,NZ_CP172379,Campylobacter jejuni,1,literature_curated,0.800000,NCBI: NC_015464.1
NC_009543.1,NZ_CP150073,Xanthomonas oryzae,1,literature_curated,0.800000,NCBI: NC_009543.1
NC_019933.2,NZ_CP118477,Xanthomonas citri,1,literature_curated,0.800000,NCBI: NC_019933.2
NC_048147.1,NZ_CP155977,Xanthomonas campestris pv. campestris,1,literature_curated,0.800000,NCBI: NC_048147.1
NC_054461.1,NZ_CP167993,Xanthomonas vesicatoria,1,literature_curated,0.800000,NCBI: NC_054461.1
NC_055835.1,,Xanthomonas campestris pv. campestris GBBC 1419,1,literature_curated,0.800000,NCBI: NC_055835.1
NC_055836.1,,Xanthomonas campestris pv. campestris GBBC 1419,1,literature_curated,0.800000,NCBI: NC_055836.1
NC_055837.1,,Xanthomonas campestris pv. campestris GBBC 1419,1,literature_curated,0.800000,NCBI: NC_055837.1
NC_055838.1,,Xanthomonas campestris pv. campestris GBBC 1419,1,literature_curated,0.800000,NCBI: NC_055838.1
NC_055839.1,,Xanthomonas campestris pv. campestris GBBC 1412,1,literature_curated,0.800000,NCBI: NC_055839.1
OP948730.1,,Xanthomonas oryzae pv. oryzae LA1+,1,literature_curated,0.800000,NCBI: OP948730.1
MW435566.1,NZ_CP150073,Xanthomonas oryzae pv. oryzae,1,literature_curated,0.800000,NCBI: MW435566.1
ON189046.1,,Xanthomonas translucens pv. translucens (DSM 18974),1,literature_curated,0.800000,NCBI: ON189046.1
NC_069744.1,,Xanthomonas sp.,1,literature_curated,0.800000,NCBI: NC_069744.1
NC_069745.1,,Xanthomonas arboricola pv. juglandis IVIA 1317-1a,1,literature_curated,0.800000,NCBI: NC_069745.1
OR122686.1,,Salmonella sp.,1,literature_curated,0.800000,NCBI: OR122686.1
NC_073205.1,,Salmonella enterica subsp. enterica serovar Pullorum C79-13,1,literature_curated,0.800000,NCBI: NC_073205.1
PP566124.1,,Dickeya dadantii BIM B-921,1,literature_curated,0.800000,NCBI: PP566124.1
OQ603351.1,,Pseudomonas sp. AY2,1,literature_curated,0.800000,NCBI: OQ603351.1
OQ446488.1,NZ_CP166095,Xanthomonas arboricola,1,literature_curated,0.800000,NCBI: OQ446488.1
OQ603353.1,,Xanthomonas sp. Q,1,literature_curated,0.800000,NCBI: OQ603353.1
OQ603354.1,,Xanthomonas sp. SH23,1,literature_curated,0.800000,NCBI: OQ603354.1
OQ603355.1,,Xanthomonas sp. SH47,1,literature_curated,0.800000,NCBI: OQ603355.1
OQ603356.1,,Xanthomonas sp. SH48,1,literature_curated,0.800000,NCBI: OQ603356.1
OQ055246.1,NZ_CP150073,Xanthomonas oryzae pv. oryzae,1,literature_curated,0.800000,NCBI: OQ055246.1
PP756300.1,,Xanthomonas euvesicatoria KACC 18468,1,literature_curated,0.800000,NCBI: PP756300.1
PQ067315.1,,Xanthomonas campestris pv. campestris SU1,1,literature_curated,0.800000,NCBI: PQ067315.1
PP179318.1,,Pseudomonas syringae CC0094,1,literature_curated,0.800000,NCBI: PP179318.1
PP179325.1,,Pseudomonas syringae 7C,1,literature_curated,0.800000,NCBI: PP179325.1
PP179327.1,,Pseudomonas syringae 7C,1,literature_curated,0.800000,NCBI: PP179327.1
PP179328.1,,Pseudomonas syringae 7C,1,literature_curated,0.800000,NCBI: PP179328.1
PP179329.1,,Pseudomonas syringae 7C,1,literature_curated,0.800000,NCBI: PP179329.1
OQ435241.1,NZ_CP166095,Xanthomonas arboricola,1,literature_curated,0.800000,NCBI: OQ435241.1
OQ446485.1,NZ_CP166095,Xanthomonas arboricola,1,literature_curated,0.800000,NCBI: OQ446485.1
OQ603352.1,,Pseudomonas sp. SH2,1,literature_curated,0.800000,NCBI: OQ603352.1
PP780467.1,,Xanthomonas citri XCC27-12,1,literature_curated,0.800000,NCBI: PP780467.1
OQ603350.1,,Pseudomonas sp. KB1,1,literature_curated,0.800000,NCBI: OQ603350.1
OR820514.1,NZ_CP155948,Xanthomonas campestris pv. campestris str. 8004,1,literature_curated,0.800000,NCBI: OR820514.1
OQ603349.1,,Pseudomonas sp. F,1,literature_curated,0.800000,NCBI: OQ603349.1
PP079418.1,,Stenotrophomonas maltophilia 1640,1,literature_curated,0.800000,NCBI: PP079418.1
OR997969.1,KY000037,Agrobacterium sp.,1,literature_curated,0.800000,NCBI: OR997969.1
OR997970.1,PQ650120,Pseudomonas sp.,1,literature_curated,0.800000,NCBI: OR997970.1
PP079417.1,,Stenotrophomonas maltophilia 1640,1,literature_curated,0.800000,NCBI: PP079417.1
OR842880.1,NZ_CP155977,Xanthomonas campestris pv. campestris,1,literature_curated,0.800000,NCBI: OR842880.1
PP079416.1,,Stenotrophomonas maltophilia 1640,1,literature_curated,0.800000,NCBI: PP079416.1
PP313117.1,,Xanthomonas vasicola pv. musacearum Xvm9-7,1,literature_curated,0.800000,NCBI: PP313117.1
PP079415.1,,Xanthomonas euvesicatoria 1940,1,literature_curated,0.800000,NCBI: PP079415.1
PP079413.1,,Xanthomonas euvesicatoria 1940,1,literature_curated,0.800000,NCBI: PP079413.1
PP079414.1,,Xanthomonas euvesicatoria 1940,1,literature_curated,0.800000,NCBI: PP079414.1
PX843243.1,NZ_CP150073,Xanthomonas oryzae pv. oryzae,0,inferred_taxonomy,0.500000,Module_A_cross_genus:Pseudomonas|NCBI:PX843243.1
PX843241.1,NZ_CP167870,Xanthomonas axonopodis,0,inferred_taxonomy,0.500000,Module_A_cross_genus:Pseudomonas|NCBI:PX843241.1
PX843241.1,NZ_CP150073,Xanthomonas oryzae pv. oryzae,0,inferred_taxonomy,0.500000,Module_A_cross_genus:Pseudomonas|NCBI:PX843241.1
PX843241.1,NZ_CP155977,Xanthomonas campestris pv. campestris,0,inferred_taxonomy,0.500000,Module_A_cross_genus:Pseudomonas|NCBI:PX843241.1
PX843243.1,NZ_CP155977,Xanthomonas campestris pv. campestris,0,inferred_taxonomy,0.500000,Module_A_cross_genus:Pseudomonas|NCBI:PX843243.1
PX843243.1,NZ_CP118477,Xanthomonas citri,0,inferred_taxonomy,0.500000,Module_A_cross_genus:Pseudomonas|NCBI:PX843243.1
PX843243.1,NZ_CP167870,Xanthomonas axonopodis,0,inferred_taxonomy,0.500000,Module_A_cross_genus:Pseudomonas|NCBI:PX843243.1
PX843242.1,NZ_CP118477,Xanthomonas citri,0,inferred_taxonomy,0.500000,Module_A_cross_genus:Pseudomonas|NCBI:PX843242.1
PX843242.1,NZ_CP167870,Xanthomonas axonopodis,0,inferred_taxonomy,0.500000,Module_A_cross_genus:Pseudomonas|NCBI:PX843242.1
PQ305824.1,NZ_CP155977,Xanthomonas campestris pv. campestris,0,inferred_taxonomy,0.500000,Module_A_cross_genus:Pseudomonas|NCBI:PQ305824.1
PX843242.1,NZ_CP150073,Xanthomonas oryzae pv. oryzae,0,inferred_taxonomy,0.500000,Module_A_cross_genus:Pseudomonas|NCBI:PX843242.1
PX843242.1,NZ_CP155977,Xanthomonas campestris pv. campestris,0,inferred_taxonomy,0.500000,Module_A_cross_genus:Pseudomonas|NCBI:PX843242.1
PX380000.1,NZ_CP150073,Xanthomonas oryzae pv. oryzae,0,inferred_taxonomy,0.500000,Module_A_cross_genus:Pseudomonas|NCBI:PX380000.1
PX843241.1,NZ_CP118477,Xanthomonas citri,0,inferred_taxonomy,0.500000,Module_A_cross_genus:Pseudomonas|NCBI:PX843241.1
PX670425.1,NZ_CP150073,Xanthomonas oryzae pv. oryzae,0,inferred_taxonomy,0.500000,Module_A_cross_genus:Pseudomonas|NCBI:PX670425.1
PX377017.1,NZ_CP150073,Xanthomonas oryzae pv. oryzae,0,inferred_taxonomy,0.500000,Module_A_cross_genus:Pseudomonas|NCBI:PX377017.1
PX377017.1,NZ_CP155977,Xanthomonas campestris pv. campestris,0,inferred_taxonomy,0.500000,Module_A_cross_genus:Pseudomonas|NCBI:PX377017.1
PX380000.1,NZ_CP118477,Xanthomonas citri,0,inferred_taxonomy,0.500000,Module_A_cross_genus:Pseudomonas|NCBI:PX380000.1
PX377017.1,NZ_CP167870,Xanthomonas axonopodis,0,inferred_taxonomy,0.500000,Module_A_cross_genus:Pseudomonas|NCBI:PX377017.1
PX377017.1,NZ_CP118477,Xanthomonas citri,0,inferred_taxonomy,0.500000,Module_A_cross_genus:Pseudomonas|NCBI:PX377017.1
PX585177.1,NZ_CP150073,Xanthomonas oryzae pv. oryzae,0,inferred_taxonomy,0.500000,Module_A_cross_genus:Pseudomonas|NCBI:PX585177.1
PX380000.1,NZ_CP167870,Xanthomonas axonopodis,0,inferred_taxonomy,0.500000,Module_A_cross_genus:Pseudomonas|NCBI:PX380000.1
PX380000.1,NZ_CP155977,Xanthomonas campestris pv. campestris,0,inferred_taxonomy,0.500000,Module_A_cross_genus:Pseudomonas|NCBI:PX380000.1
PX585177.1,NZ_CP155977,Xanthomonas campestris pv. campestris,0,inferred_taxonomy,0.500000,Module_A_cross_genus:Pseudomonas|NCBI:PX585177.1
PX585177.1,NZ_CP167870,Xanthomonas axonopodis,0,inferred_taxonomy,0.500000,Module_A_cross_genus:Pseudomonas|NCBI:PX585177.1
PX843244.1,NZ_CP167870,Xanthomonas axonopodis,0,inferred_taxonomy,0.500000,Module_A_cross_genus:Pseudomonas|NCBI:PX843244.1
PX585177.1,NZ_CP118477,Xanthomonas citri,0,inferred_taxonomy,0.500000,Module_A_cross_genus:Pseudomonas|NCBI:PX585177.1
PX843244.1,NZ_CP118477,Xanthomonas citri,0,inferred_taxonomy,0.500000,Module_A_cross_genus:Pseudomonas|NCBI:PX843244.1
PX789325.1,NZ_CP118477,Xanthomonas citri,0,inferred_taxonomy,0.500000,Module_A_cross_genus:Pseudomonas|NCBI:PX789325.1
PX843244.1,NZ_CP155977,Xanthomonas campestris pv. campestris,0,inferred_taxonomy,0.500000,Module_A_cross_genus:Pseudomonas|NCBI:PX843244.1
PX866601.1,NZ_CP167870,Xanthomonas axonopodis,0,inferred_taxonomy,0.500000,Module_A_cross_genus:Pseudomonas|NCBI:PX866601.1
PX259653.1,NZ_CP118477,Xanthomonas citri,0,inferred_taxonomy,0.500000,Module_A_cross_genus:Pseudomonas|NCBI:PX259653.1
PX866605.1,NZ_CP150073,Xanthomonas oryzae pv. oryzae,0,inferred_taxonomy,0.500000,Module_A_cross_genus:Pseudomonas|NCBI:PX866605.1
PX866605.1,NZ_CP155977,Xanthomonas campestris pv. campestris,0,inferred_taxonomy,0.500000,Module_A_cross_genus:Pseudomonas|NCBI:PX866605.1
PX866605.1,NZ_CP167870,Xanthomonas axonopodis,0,inferred_taxonomy,0.500000,Module_A_cross_genus:Pseudomonas|NCBI:PX866605.1
PX866605.1,NZ_CP118477,Xanthomonas citri,0,inferred_taxonomy,0.500000,Module_A_cross_genus:Pseudomonas|NCBI:PX866605.1
PX866603.1,NZ_CP150073,Xanthomonas oryzae pv. oryzae,0,inferred_taxonomy,0.500000,Module_A_cross_genus:Pseudomonas|NCBI:PX866603.1
PX866603.1,NZ_CP155977,Xanthomonas campestris pv. campestris,0,inferred_taxonomy,0.500000,Module_A_cross_genus:Pseudomonas|NCBI:PX866603.1
PX866603.1,NZ_CP167870,Xanthomonas axonopodis,0,inferred_taxonomy,0.500000,Module_A_cross_genus:Pseudomonas|NCBI:PX866603.1
PX866603.1,NZ_CP118477,Xanthomonas citri,0,inferred_taxonomy,0.500000,Module_A_cross_genus:Pseudomonas|NCBI:PX866603.1
PX670425.1,NZ_CP167870,Xanthomonas axonopodis,0,inferred_taxonomy,0.500000,Module_A_cross_genus:Pseudomonas|NCBI:PX670425.1
PX866601.1,NZ_CP150073,Xanthomonas oryzae pv. oryzae,0,inferred_taxonomy,0.500000,Module_A_cross_genus:Pseudomonas|NCBI:PX866601.1
PX866601.1,NZ_CP155977,Xanthomonas campestris pv. campestris,0,inferred_taxonomy,0.500000,Module_A_cross_genus:Pseudomonas|NCBI:PX866601.1
PX866601.1,NZ_CP118477,Xanthomonas citri,0,inferred_taxonomy,0.500000,Module_A_cross_genus:Pseudomonas|NCBI:PX866601.1
PX843244.1,NZ_CP150073,Xanthomonas oryzae pv. oryzae,0,inferred_taxonomy,0.500000,Module_A_cross_genus:Pseudomonas|NCBI:PX843244.1
PX866597.1,NZ_CP150073,Xanthomonas oryzae pv. oryzae,0,inferred_taxonomy,0.500000,Module_A_cross_genus:Pseudomonas|NCBI:PX866597.1
PX866597.1,NZ_CP155977,Xanthomonas campestris pv. campestris,0,inferred_taxonomy,0.500000,Module_A_cross_genus:Pseudomonas|NCBI:PX866597.1
PX866597.1,NZ_CP167870,Xanthomonas axonopodis,0,inferred_taxonomy,0.500000,Module_A_cross_genus:Pseudomonas|NCBI:PX866597.1
PX866597.1,NZ_CP118477,Xanthomonas citri,0,inferred_taxonomy,0.500000,Module_A_cross_genus:Pseudomonas|NCBI:PX866597.1
PX843246.1,NZ_CP150073,Xanthomonas oryzae pv. oryzae,0,inferred_taxonomy,0.500000,Module_A_cross_genus:Pseudomonas|NCBI:PX843246.1
PX843246.1,NZ_CP155977,Xanthomonas campestris pv. campestris,0,inferred_taxonomy,0.500000,Module_A_cross_genus:Pseudomonas|NCBI:PX843246.1
PX843246.1,NZ_CP167870,Xanthomonas axonopodis,0,inferred_taxonomy,0.500000,Module_A_cross_genus:Pseudomonas|NCBI:PX843246.1
PX843246.1,NZ_CP118477,Xanthomonas citri,0,inferred_taxonomy,0.500000,Module_A_cross_genus:Pseudomonas|NCBI:PX843246.1
PX843245.1,NZ_CP150073,Xanthomonas oryzae pv. oryzae,0,inferred_taxonomy,0.500000,Module_A_cross_genus:Pseudomonas|NCBI:PX843245.1
PX843245.1,NZ_CP155977,Xanthomonas campestris pv. campestris,0,inferred_taxonomy,0.500000,Module_A_cross_genus:Pseudomonas|NCBI:PX843245.1
PX843245.1,NZ_CP167870,Xanthomonas axonopodis,0,inferred_taxonomy,0.500000,Module_A_cross_genus:Pseudomonas|NCBI:PX843245.1
PX843245.1,NZ_CP118477,Xanthomonas citri,0,inferred_taxonomy,0.500000,Module_A_cross_genus:Pseudomonas|NCBI:PX843245.1
PX670425.1,NZ_CP155977,Xanthomonas campestris pv. campestris,0,inferred_taxonomy,0.500000,Module_A_cross_genus:Pseudomonas|NCBI:PX670425.1
PX789328.1,NZ_CP155977,Xanthomonas campestris pv. campestris,0,inferred_taxonomy,0.500000,Module_A_cross_genus:Pseudomonas|NCBI:PX789328.1
PX670425.1,NZ_CP118477,Xanthomonas citri,0,inferred_taxonomy,0.500000,Module_A_cross_genus:Pseudomonas|NCBI:PX670425.1
PX789326.1,NZ_CP167870,Xanthomonas axonopodis,0,inferred_taxonomy,0.500000,Module_A_cross_genus:Pseudomonas|NCBI:PX789326.1
PX789329.1,NZ_CP167870,Xanthomonas axonopodis,0,inferred_taxonomy,0.500000,Module_A_cross_genus:Pseudomonas|NCBI:PX789329.1
PX789329.1,NZ_CP118477,Xanthomonas citri,0,inferred_taxonomy,0.500000,Module_A_cross_genus:Pseudomonas|NCBI:PX789329.1
PX789328.1,NZ_CP150073,Xanthomonas oryzae pv. oryzae,0,inferred_taxonomy,0.500000,Module_A_cross_genus:Pseudomonas|NCBI:PX789328.1
PX789324.1,NZ_CP150073,Xanthomonas oryzae pv. oryzae,0,inferred_taxonomy,0.500000,Module_A_cross_genus:Pseudomonas|NCBI:PX789324.1
PX789328.1,NZ_CP167870,Xanthomonas axonopodis,0,inferred_taxonomy,0.500000,Module_A_cross_genus:Pseudomonas|NCBI:PX789328.1
PX789328.1,NZ_CP118477,Xanthomonas citri,0,inferred_taxonomy,0.500000,Module_A_cross_genus:Pseudomonas|NCBI:PX789328.1
PX789327.1,NZ_CP150073,Xanthomonas oryzae pv. oryzae,0,inferred_taxonomy,0.500000,Module_A_cross_genus:Pseudomonas|NCBI:PX789327.1
PX789327.1,NZ_CP155977,Xanthomonas campestris pv. campestris,0,inferred_taxonomy,0.500000,Module_A_cross_genus:Pseudomonas|NCBI:PX789327.1
PX789327.1,NZ_CP167870,Xanthomonas axonopodis,0,inferred_taxonomy,0.500000,Module_A_cross_genus:Pseudomonas|NCBI:PX789327.1
PX789327.1,NZ_CP118477,Xanthomonas citri,0,inferred_taxonomy,0.500000,Module_A_cross_genus:Pseudomonas|NCBI:PX789327.1
PX789326.1,NZ_CP150073,Xanthomonas oryzae pv. oryzae,0,inferred_taxonomy,0.500000,Module_A_cross_genus:Pseudomonas|NCBI:PX789326.1
PX789326.1,NZ_CP155977,Xanthomonas campestris pv. campestris,0,inferred_taxonomy,0.500000,Module_A_cross_genus:Pseudomonas|NCBI:PX789326.1
PQ305824.1,NZ_CP150073,Xanthomonas oryzae pv. oryzae,0,inferred_taxonomy,0.500000,Module_A_cross_genus:Pseudomonas|NCBI:PQ305824.1
PX866998.1,NZ_CP150073,Xanthomonas oryzae pv. oryzae,0,inferred_taxonomy,0.500000,Module_A_cross_genus:Pseudomonas|NCBI:PX866998.1
PX789326.1,NZ_CP118477,Xanthomonas citri,0,inferred_taxonomy,0.500000,Module_A_cross_genus:Pseudomonas|NCBI:PX789326.1
PX789325.1,NZ_CP150073,Xanthomonas oryzae pv. oryzae,0,inferred_taxonomy,0.500000,Module_A_cross_genus:Pseudomonas|NCBI:PX789325.1
PQ072796.2,NZ_CP118477,Xanthomonas citri,0,inferred_taxonomy,0.500000,Module_A_cross_genus:Pseudomonas|NCBI:PQ072796.2
PQ072796.2,NZ_CP167870,Xanthomonas axonopodis,0,inferred_taxonomy,0.500000,Module_A_cross_genus:Pseudomonas|NCBI:PQ072796.2
PX789325.1,NZ_CP155977,Xanthomonas campestris pv. campestris,0,inferred_taxonomy,0.500000,Module_A_cross_genus:Pseudomonas|NCBI:PX789325.1
PX259653.1,NZ_CP155977,Xanthomonas campestris pv. campestris,0,inferred_taxonomy,0.500000,Module_A_cross_genus:Pseudomonas|NCBI:PX259653.1
PQ072796.2,NZ_CP155977,Xanthomonas campestris pv. campestris,0,inferred_taxonomy,0.500000,Module_A_cross_genus:Pseudomonas|NCBI:PQ072796.2
PQ072796.2,NZ_CP150073,Xanthomonas oryzae pv. oryzae,0,inferred_taxonomy,0.500000,Module_A_cross_genus:Pseudomonas|NCBI:PQ072796.2
PX789325.1,NZ_CP167870,Xanthomonas axonopodis,0,inferred_taxonomy,0.500000,Module_A_cross_genus:Pseudomonas|NCBI:PX789325.1
PX789324.1,NZ_CP118477,Xanthomonas citri,0,inferred_taxonomy,0.500000,Module_A_cross_genus:Pseudomonas|NCBI:PX789324.1
PX789324.1,NZ_CP167870,Xanthomonas axonopodis,0,inferred_taxonomy,0.500000,Module_A_cross_genus:Pseudomonas|NCBI:PX789324.1
PX789324.1,NZ_CP155977,Xanthomonas campestris pv. campestris,0,inferred_taxonomy,0.500000,Module_A_cross_genus:Pseudomonas|NCBI:PX789324.1
PX789329.1,NZ_CP155977,Xanthomonas campestris pv. campestris,0,inferred_taxonomy,0.500000,Module_A_cross_genus:Pseudomonas|NCBI:PX789329.1
PX789329.1,NZ_CP150073,Xanthomonas oryzae pv. oryzae,0,inferred_taxonomy,0.500000,Module_A_cross_genus:Pseudomonas|NCBI:PX789329.1
PX395730.1,NZ_CP118477,Xanthomonas citri,0,inferred_taxonomy,0.500000,Module_A_cross_genus:Pseudomonas|NCBI:PX395730.1
PX395730.1,NZ_CP167870,Xanthomonas axonopodis,0,inferred_taxonomy,0.500000,Module_A_cross_genus:Pseudomonas|NCBI:PX395730.1
PX866998.1,NZ_CP155977,Xanthomonas campestris pv. campestris,0,inferred_taxonomy,0.500000,Module_A_cross_genus:Pseudomonas|NCBI:PX866998.1
PX866998.1,NZ_CP167870,Xanthomonas axonopodis,0,inferred_taxonomy,0.500000,Module_A_cross_genus:Pseudomonas|NCBI:PX866998.1
PX866998.1,NZ_CP118477,Xanthomonas citri,0,inferred_taxonomy,0.500000,Module_A_cross_genus:Pseudomonas|NCBI:PX866998.1
PX884080.1,NZ_CP150073,Xanthomonas oryzae pv. oryzae,0,inferred_taxonomy,0.500000,Module_A_cross_genus:Pseudomonas|NCBI:PX884080.1
PX884080.1,NZ_CP155977,Xanthomonas campestris pv. campestris,0,inferred_taxonomy,0.500000,Module_A_cross_genus:Pseudomonas|NCBI:PX884080.1
PX884080.1,NZ_CP167870,Xanthomonas axonopodis,0,inferred_taxonomy,0.500000,Module_A_cross_genus:Pseudomonas|NCBI:PX884080.1
PX884080.1,NZ_CP118477,Xanthomonas citri,0,inferred_taxonomy,0.500000,Module_A_cross_genus:Pseudomonas|NCBI:PX884080.1
PX884079.1,NZ_CP150073,Xanthomonas oryzae pv. oryzae,0,inferred_taxonomy,0.500000,Module_A_cross_genus:Pseudomonas|NCBI:PX884079.1
PX884079.1,NZ_CP155977,Xanthomonas campestris pv. campestris,0,inferred_taxonomy,0.500000,Module_A_cross_genus:Pseudomonas|NCBI:PX884079.1
PX884079.1,NZ_CP167870,Xanthomonas axonopodis,0,inferred_taxonomy,0.500000,Module_A_cross_genus:Pseudomonas|NCBI:PX884079.1
PX884079.1,NZ_CP118477,Xanthomonas citri,0,inferred_taxonomy,0.500000,Module_A_cross_genus:Pseudomonas|NCBI:PX884079.1
PX884078.1,NZ_CP150073,Xanthomonas oryzae pv. oryzae,0,inferred_taxonomy,0.500000,Module_A_cross_genus:Pseudomonas|NCBI:PX884078.1
PX884078.1,NZ_CP155977,Xanthomonas campestris pv. campestris,0,inferred_taxonomy,0.500000,Module_A_cross_genus:Pseudomonas|NCBI:PX884078.1
PX884078.1,NZ_CP167870,Xanthomonas axonopodis,0,inferred_taxonomy,0.500000,Module_A_cross_genus:Pseudomonas|NCBI:PX884078.1
PX884078.1,NZ_CP118477,Xanthomonas citri,0,inferred_taxonomy,0.500000,Module_A_cross_genus:Pseudomonas|NCBI:PX884078.1
PX852194.1,NZ_CP150073,Xanthomonas oryzae pv. oryzae,0,inferred_taxonomy,0.500000,Module_A_cross_genus:Pseudomonas|NCBI:PX852194.1
PX852194.1,NZ_CP155977,Xanthomonas campestris pv. campestris,0,inferred_taxonomy,0.500000,Module_A_cross_genus:Pseudomonas|NCBI:PX852194.1
PX852194.1,NZ_CP167870,Xanthomonas axonopodis,0,inferred_taxonomy,0.500000,Module_A_cross_genus:Pseudomonas|NCBI:PX852194.1
PX852194.1,NZ_CP118477,Xanthomonas citri,0,inferred_taxonomy,0.500000,Module_A_cross_genus:Pseudomonas|NCBI:PX852194.1
PX852245.1,NZ_CP150073,Xanthomonas oryzae pv. oryzae,0,inferred_taxonomy,0.500000,Module_A_cross_genus:Pseudomonas|NCBI:PX852245.1
PX852245.1,NZ_CP155977,Xanthomonas campestris pv. campestris,0,inferred_taxonomy,0.500000,Module_A_cross_genus:Pseudomonas|NCBI:PX852245.1
PX852245.1,NZ_CP167870,Xanthomonas axonopodis,0,inferred_taxonomy,0.500000,Module_A_cross_genus:Pseudomonas|NCBI:PX852245.1
PX852245.1,NZ_CP118477,Xanthomonas citri,0,inferred_taxonomy,0.500000,Module_A_cross_genus:Pseudomonas|NCBI:PX852245.1
PX395730.1,NZ_CP150073,Xanthomonas oryzae pv. oryzae,0,inferred_taxonomy,0.500000,Module_A_cross_genus:Pseudomonas|NCBI:PX395730.1
PX395730.1,NZ_CP155977,Xanthomonas campestris pv. campestris,0,inferred_taxonomy,0.500000,Module_A_cross_genus:Pseudomonas|NCBI:PX395730.1
PX259653.1,NZ_CP167870,Xanthomonas axonopodis,0,inferred_taxonomy,0.500000,Module_A_cross_genus:Pseudomonas|NCBI:PX259653.1
PX725670.1,NZ_CP150073,Xanthomonas oryzae pv. oryzae,0,inferred_taxonomy,0.500000,Module_A_cross_genus:Pseudomonas|NCBI:PX725670.1
PX259653.1,NZ_CP150073,Xanthomonas oryzae pv. oryzae,0,inferred_taxonomy,0.500000,Module_A_cross_genus:Pseudomonas|NCBI:PX259653.1
PX725670.1,NZ_CP155977,Xanthomonas campestris pv. campestris,0,inferred_taxonomy,0.500000,Module_A_cross_genus:Pseudomonas|NCBI:PX725670.1
PZ005745.1,NZ_CP155977,Xanthomonas campestris pv. campestris,0,inferred_taxonomy,0.500000,Module_A_cross_genus:Pseudomonas|NCBI:PZ005745.1
PZ005745.1,NZ_CP167870,Xanthomonas axonopodis,0,inferred_taxonomy,0.500000,Module_A_cross_genus:Pseudomonas|NCBI:PZ005745.1
PZ005745.1,NZ_CP118477,Xanthomonas citri,0,inferred_taxonomy,0.500000,Module_A_cross_genus:Pseudomonas|NCBI:PZ005745.1
PX433293.1,NZ_CP150073,Xanthomonas oryzae pv. oryzae,0,inferred_taxonomy,0.500000,Module_A_cross_genus:Pseudomonas|NCBI:PX433293.1
PX433293.1,NZ_CP155977,Xanthomonas campestris pv. campestris,0,inferred_taxonomy,0.500000,Module_A_cross_genus:Pseudomonas|NCBI:PX433293.1
PX433293.1,NZ_CP167870,Xanthomonas axonopodis,0,inferred_taxonomy,0.500000,Module_A_cross_genus:Pseudomonas|NCBI:PX433293.1
PX433293.1,NZ_CP118477,Xanthomonas citri,0,inferred_taxonomy,0.500000,Module_A_cross_genus:Pseudomonas|NCBI:PX433293.1
PX260327.1,NZ_CP150073,Xanthomonas oryzae pv. oryzae,0,inferred_taxonomy,0.500000,Module_A_cross_genus:Pseudomonas|NCBI:PX260327.1
PX260327.1,NZ_CP155977,Xanthomonas campestris pv. campestris,0,inferred_taxonomy,0.500000,Module_A_cross_genus:Pseudomonas|NCBI:PX260327.1
PX260327.1,NZ_CP167870,Xanthomonas axonopodis,0,inferred_taxonomy,0.500000,Module_A_cross_genus:Pseudomonas|NCBI:PX260327.1
PX260327.1,NZ_CP118477,Xanthomonas citri,0,inferred_taxonomy,0.500000,Module_A_cross_genus:Pseudomonas|NCBI:PX260327.1
PQ305824.1,NZ_CP118477,Xanthomonas citri,0,inferred_taxonomy,0.500000,Module_A_cross_genus:Pseudomonas|NCBI:PQ305824.1
PX725670.1,NZ_CP167870,Xanthomonas axonopodis,0,inferred_taxonomy,0.500000,Module_A_cross_genus:Pseudomonas|NCBI:PX725670.1
PX963123.1,NZ_CP118477,Xanthomonas citri,0,inferred_taxonomy,0.500000,Module_A_cross_genus:Pseudomonas|NCBI:PX963123.1
PX725670.1,NZ_CP118477,Xanthomonas citri,0,inferred_taxonomy,0.500000,Module_A_cross_genus:Pseudomonas|NCBI:PX725670.1
PZ055576.1,NZ_CP150073,Xanthomonas oryzae pv. oryzae,0,inferred_taxonomy,0.500000,Module_A_cross_genus:Pseudomonas|NCBI:PZ055576.1
PZ055576.1,NZ_CP155977,Xanthomonas campestris pv. campestris,0,inferred_taxonomy,0.500000,Module_A_cross_genus:Pseudomonas|NCBI:PZ055576.1
PZ055576.1,NZ_CP167870,Xanthomonas axonopodis,0,inferred_taxonomy,0.500000,Module_A_cross_genus:Pseudomonas|NCBI:PZ055576.1
PZ055576.1,NZ_CP118477,Xanthomonas citri,0,inferred_taxonomy,0.500000,Module_A_cross_genus:Pseudomonas|NCBI:PZ055576.1
PZ055575.1,NZ_CP150073,Xanthomonas oryzae pv. oryzae,0,inferred_taxonomy,0.500000,Module_A_cross_genus:Pseudomonas|NCBI:PZ055575.1
PZ055575.1,NZ_CP155977,Xanthomonas campestris pv. campestris,0,inferred_taxonomy,0.500000,Module_A_cross_genus:Pseudomonas|NCBI:PZ055575.1
PZ055575.1,NZ_CP167870,Xanthomonas axonopodis,0,inferred_taxonomy,0.500000,Module_A_cross_genus:Pseudomonas|NCBI:PZ055575.1
PZ055575.1,NZ_CP118477,Xanthomonas citri,0,inferred_taxonomy,0.500000,Module_A_cross_genus:Pseudomonas|NCBI:PZ055575.1
PZ055574.1,NZ_CP150073,Xanthomonas oryzae pv. oryzae,0,inferred_taxonomy,0.500000,Module_A_cross_genus:Pseudomonas|NCBI:PZ055574.1
PZ055574.1,NZ_CP155977,Xanthomonas campestris pv. campestris,0,inferred_taxonomy,0.500000,Module_A_cross_genus:Pseudomonas|NCBI:PZ055574.1
PZ055574.1,NZ_CP167870,Xanthomonas axonopodis,0,inferred_taxonomy,0.500000,Module_A_cross_genus:Pseudomonas|NCBI:PZ055574.1
PZ005745.1,NZ_CP150073,Xanthomonas oryzae pv. oryzae,0,inferred_taxonomy,0.500000,Module_A_cross_genus:Pseudomonas|NCBI:PZ005745.1
PX963123.1,NZ_CP167870,Xanthomonas axonopodis,0,inferred_taxonomy,0.500000,Module_A_cross_genus:Pseudomonas|NCBI:PX963123.1
PZ055573.1,NZ_CP150073,Xanthomonas oryzae pv. oryzae,0,inferred_taxonomy,0.500000,Module_A_cross_genus:Pseudomonas|NCBI:PZ055573.1
PZ122515.1,NZ_CP118477,Xanthomonas citri,0,inferred_taxonomy,0.500000,Module_A_cross_genus:Pseudomonas|NCBI:PZ122515.1
MZ089741.2,NZ_CP118477,Xanthomonas citri,0,inferred_taxonomy,0.500000,Module_A_cross_genus:Pseudomonas|NCBI:MZ089741.2
OZ453044.1,NZ_CP150073,Xanthomonas oryzae pv. oryzae,0,inferred_taxonomy,0.500000,Module_A_cross_genus:Pseudomonas|NCBI:OZ453044.1
OZ453044.1,NZ_CP155977,Xanthomonas campestris pv. campestris,0,inferred_taxonomy,0.500000,Module_A_cross_genus:Pseudomonas|NCBI:OZ453044.1
OZ453044.1,NZ_CP167870,Xanthomonas axonopodis,0,inferred_taxonomy,0.500000,Module_A_cross_genus:Pseudomonas|NCBI:OZ453044.1
OZ453044.1,NZ_CP118477,Xanthomonas citri,0,inferred_taxonomy,0.500000,Module_A_cross_genus:Pseudomonas|NCBI:OZ453044.1
PZ122516.1,NZ_CP150073,Xanthomonas oryzae pv. oryzae,0,inferred_taxonomy,0.500000,Module_A_cross_genus:Pseudomonas|NCBI:PZ122516.1
PZ122516.1,NZ_CP155977,Xanthomonas campestris pv. campestris,0,inferred_taxonomy,0.500000,Module_A_cross_genus:Pseudomonas|NCBI:PZ122516.1
PZ122516.1,NZ_CP167870,Xanthomonas axonopodis,0,inferred_taxonomy,0.500000,Module_A_cross_genus:Pseudomonas|NCBI:PZ122516.1
PZ122516.1,NZ_CP118477,Xanthomonas citri,0,inferred_taxonomy,0.500000,Module_A_cross_genus:Pseudomonas|NCBI:PZ122516.1
PZ122515.1,NZ_CP150073,Xanthomonas oryzae pv. oryzae,0,inferred_taxonomy,0.500000,Module_A_cross_genus:Pseudomonas|NCBI:PZ122515.1
PZ122515.1,NZ_CP155977,Xanthomonas campestris pv. campestris,0,inferred_taxonomy,0.500000,Module_A_cross_genus:Pseudomonas|NCBI:PZ122515.1
PZ122515.1,NZ_CP167870,Xanthomonas axonopodis,0,inferred_taxonomy,0.500000,Module_A_cross_genus:Pseudomonas|NCBI:PZ122515.1
PZ053911.1,NZ_CP150073,Xanthomonas oryzae pv. oryzae,0,inferred_taxonomy,0.500000,Module_A_cross_genus:Pseudomonas|NCBI:PZ053911.1
PX963123.1,NZ_CP155977,Xanthomonas campestris pv. campestris,0,inferred_taxonomy,0.500000,Module_A_cross_genus:Pseudomonas|NCBI:PX963123.1
PZ053911.1,NZ_CP155977,Xanthomonas campestris pv. campestris,0,inferred_taxonomy,0.500000,Module_A_cross_genus:Pseudomonas|NCBI:PZ053911.1
PZ053911.1,NZ_CP167870,Xanthomonas axonopodis,0,inferred_taxonomy,0.500000,Module_A_cross_genus:Pseudomonas|NCBI:PZ053911.1
PZ053911.1,NZ_CP118477,Xanthomonas citri,0,inferred_taxonomy,0.500000,Module_A_cross_genus:Pseudomonas|NCBI:PZ053911.1
PZ053910.1,NZ_CP150073,Xanthomonas oryzae pv. oryzae,0,inferred_taxonomy,0.500000,Module_A_cross_genus:Pseudomonas|NCBI:PZ053910.1
PZ053910.1,NZ_CP155977,Xanthomonas campestris pv. campestris,0,inferred_taxonomy,0.500000,Module_A_cross_genus:Pseudomonas|NCBI:PZ053910.1
PZ053910.1,NZ_CP167870,Xanthomonas axonopodis,0,inferred_taxonomy,0.500000,Module_A_cross_genus:Pseudomonas|NCBI:PZ053910.1
PZ053910.1,NZ_CP118477,Xanthomonas citri,0,inferred_taxonomy,0.500000,Module_A_cross_genus:Pseudomonas|NCBI:PZ053910.1
PX963124.1,NZ_CP150073,Xanthomonas oryzae pv. oryzae,0,inferred_taxonomy,0.500000,Module_A_cross_genus:Pseudomonas|NCBI:PX963124.1
PX963124.1,NZ_CP155977,Xanthomonas campestris pv. campestris,0,inferred_taxonomy,0.500000,Module_A_cross_genus:Pseudomonas|NCBI:PX963124.1
PX963124.1,NZ_CP167870,Xanthomonas axonopodis,0,inferred_taxonomy,0.500000,Module_A_cross_genus:Pseudomonas|NCBI:PX963124.1
PX963124.1,NZ_CP118477,Xanthomonas citri,0,inferred_taxonomy,0.500000,Module_A_cross_genus:Pseudomonas|NCBI:PX963124.1
PX963123.1,NZ_CP150073,Xanthomonas oryzae pv. oryzae,0,inferred_taxonomy,0.500000,Module_A_cross_genus:Pseudomonas|NCBI:PX963123.1
PZ055574.1,NZ_CP118477,Xanthomonas citri,0,inferred_taxonomy,0.500000,Module_A_cross_genus:Pseudomonas|NCBI:PZ055574.1
PZ055573.1,NZ_CP155977,Xanthomonas campestris pv. campestris,0,inferred_taxonomy,0.500000,Module_A_cross_genus:Pseudomonas|NCBI:PZ055573.1
PX260991.1,NZ_CP118477,Xanthomonas citri,0,inferred_taxonomy,0.500000,Module_A_cross_genus:Pseudomonas|NCBI:PX260991.1
PQ632788.4,NZ_CP155977,Xanthomonas campestris pv. campestris,0,inferred_taxonomy,0.500000,Module_A_cross_genus:Pseudomonas|NCBI:PQ632788.4
PX946875.1,NZ_CP155977,Xanthomonas campestris pv. campestris,0,inferred_taxonomy,0.500000,Module_A_cross_genus:Pseudomonas|NCBI:PX946875.1
PX946875.1,NZ_CP167870,Xanthomonas axonopodis,0,inferred_taxonomy,0.500000,Module_A_cross_genus:Pseudomonas|NCBI:PX946875.1
PX946875.1,NZ_CP118477,Xanthomonas citri,0,inferred_taxonomy,0.500000,Module_A_cross_genus:Pseudomonas|NCBI:PX946875.1
PX946874.1,NZ_CP150073,Xanthomonas oryzae pv. oryzae,0,inferred_taxonomy,0.500000,Module_A_cross_genus:Pseudomonas|NCBI:PX946874.1
PX946874.1,NZ_CP155977,Xanthomonas campestris pv. campestris,0,inferred_taxonomy,0.500000,Module_A_cross_genus:Pseudomonas|NCBI:PX946874.1
PX946874.1,NZ_CP167870,Xanthomonas axonopodis,0,inferred_taxonomy,0.500000,Module_A_cross_genus:Pseudomonas|NCBI:PX946874.1
PX946874.1,NZ_CP118477,Xanthomonas citri,0,inferred_taxonomy,0.500000,Module_A_cross_genus:Pseudomonas|NCBI:PX946874.1
PX974238.1,NZ_CP150073,Xanthomonas oryzae pv. oryzae,0,inferred_taxonomy,0.500000,Module_A_cross_genus:Pseudomonas|NCBI:PX974238.1
PX974238.1,NZ_CP155977,Xanthomonas campestris pv. campestris,0,inferred_taxonomy,0.500000,Module_A_cross_genus:Pseudomonas|NCBI:PX974238.1
PX974238.1,NZ_CP167870,Xanthomonas axonopodis,0,inferred_taxonomy,0.500000,Module_A_cross_genus:Pseudomonas|NCBI:PX974238.1
PX974238.1,NZ_CP118477,Xanthomonas citri,0,inferred_taxonomy,0.500000,Module_A_cross_genus:Pseudomonas|NCBI:PX974238.1
PQ632788.4,NZ_CP150073,Xanthomonas oryzae pv. oryzae,0,inferred_taxonomy,0.500000,Module_A_cross_genus:Pseudomonas|NCBI:PQ632788.4
PQ632788.4,NZ_CP167870,Xanthomonas axonopodis,0,inferred_taxonomy,0.500000,Module_A_cross_genus:Pseudomonas|NCBI:PQ632788.4
PX968304.1,NZ_CP118477,Xanthomonas citri,0,inferred_taxonomy,0.500000,Module_A_cross_genus:Pseudomonas|NCBI:PX968304.1
PQ632788.4,NZ_CP118477,Xanthomonas citri,0,inferred_taxonomy,0.500000,Module_A_cross_genus:Pseudomonas|NCBI:PQ632788.4
PQ628237.3,NZ_CP150073,Xanthomonas oryzae pv. oryzae,0,inferred_taxonomy,0.500000,Module_A_cross_genus:Pseudomonas|NCBI:PQ628237.3
PQ628237.3,NZ_CP155977,Xanthomonas campestris pv. campestris,0,inferred_taxonomy,0.500000,Module_A_cross_genus:Pseudomonas|NCBI:PQ628237.3
PQ628237.3,NZ_CP167870,Xanthomonas axonopodis,0,inferred_taxonomy,0.500000,Module_A_cross_genus:Pseudomonas|NCBI:PQ628237.3
PQ628237.3,NZ_CP118477,Xanthomonas citri,0,inferred_taxonomy,0.500000,Module_A_cross_genus:Pseudomonas|NCBI:PQ628237.3
PV976849.1,NZ_CP150073,Xanthomonas oryzae pv. oryzae,0,inferred_taxonomy,0.500000,Module_A_cross_genus:Pseudomonas|NCBI:PV976849.1
PV976849.1,NZ_CP155977,Xanthomonas campestris pv. campestris,0,inferred_taxonomy,0.500000,Module_A_cross_genus:Pseudomonas|NCBI:PV976849.1
PV976849.1,NZ_CP167870,Xanthomonas axonopodis,0,inferred_taxonomy,0.500000,Module_A_cross_genus:Pseudomonas|NCBI:PV976849.1
PV976849.1,NZ_CP118477,Xanthomonas citri,0,inferred_taxonomy,0.500000,Module_A_cross_genus:Pseudomonas|NCBI:PV976849.1
PX260991.1,NZ_CP150073,Xanthomonas oryzae pv. oryzae,0,inferred_taxonomy,0.500000,Module_A_cross_genus:Pseudomonas|NCBI:PX260991.1
PX260991.1,NZ_CP155977,Xanthomonas campestris pv. campestris,0,inferred_taxonomy,0.500000,Module_A_cross_genus:Pseudomonas|NCBI:PX260991.1
PX260991.1,NZ_CP167870,Xanthomonas axonopodis,0,inferred_taxonomy,0.500000,Module_A_cross_genus:Pseudomonas|NCBI:PX260991.1
PX946875.1,NZ_CP150073,Xanthomonas oryzae pv. oryzae,0,inferred_taxonomy,0.500000,Module_A_cross_genus:Pseudomonas|NCBI:PX946875.1
PX968304.1,NZ_CP167870,Xanthomonas axonopodis,0,inferred_taxonomy,0.500000,Module_A_cross_genus:Pseudomonas|NCBI:PX968304.1
PZ055573.1,NZ_CP167870,Xanthomonas axonopodis,0,inferred_taxonomy,0.500000,Module_A_cross_genus:Pseudomonas|NCBI:PZ055573.1
PX418925.1,NZ_CP118477,Xanthomonas citri,0,inferred_taxonomy,0.500000,Module_A_cross_genus:Pseudomonas|NCBI:PX418925.1
PZ055573.1,NZ_CP118477,Xanthomonas citri,0,inferred_taxonomy,0.500000,Module_A_cross_genus:Pseudomonas|NCBI:PZ055573.1
PZ043209.1,NZ_CP150073,Xanthomonas oryzae pv. oryzae,0,inferred_taxonomy,0.500000,Module_A_cross_genus:Pseudomonas|NCBI:PZ043209.1
PZ043209.1,NZ_CP155977,Xanthomonas campestris pv. campestris,0,inferred_taxonomy,0.500000,Module_A_cross_genus:Pseudomonas|NCBI:PZ043209.1
PZ043209.1,NZ_CP167870,Xanthomonas axonopodis,0,inferred_taxonomy,0.500000,Module_A_cross_genus:Pseudomonas|NCBI:PZ043209.1
PZ043209.1,NZ_CP118477,Xanthomonas citri,0,inferred_taxonomy,0.500000,Module_A_cross_genus:Pseudomonas|NCBI:PZ043209.1
PX418926.1,NZ_CP150073,Xanthomonas oryzae pv. oryzae,0,inferred_taxonomy,0.500000,Module_A_cross_genus:Pseudomonas|NCBI:PX418926.1
PX418926.1,NZ_CP155977,Xanthomonas campestris pv. campestris,0,inferred_taxonomy,0.500000,Module_A_cross_genus:Pseudomonas|NCBI:PX418926.1
PX418926.1,NZ_CP167870,Xanthomonas axonopodis,0,inferred_taxonomy,0.500000,Module_A_cross_genus:Pseudomonas|NCBI:PX418926.1
PX418926.1,NZ_CP118477,Xanthomonas citri,0,inferred_taxonomy,0.500000,Module_A_cross_genus:Pseudomonas|NCBI:PX418926.1
PX418925.1,NZ_CP150073,Xanthomonas oryzae pv. oryzae,0,inferred_taxonomy,0.500000,Module_A_cross_genus:Pseudomonas|NCBI:PX418925.1
PX418925.1,NZ_CP155977,Xanthomonas campestris pv. campestris,0,inferred_taxonomy,0.500000,Module_A_cross_genus:Pseudomonas|NCBI:PX418925.1
PX418925.1,NZ_CP167870,Xanthomonas axonopodis,0,inferred_taxonomy,0.500000,Module_A_cross_genus:Pseudomonas|NCBI:PX418925.1
PX843006.1,NZ_CP150073,Xanthomonas oryzae pv. oryzae,0,inferred_taxonomy,0.500000,Module_A_cross_genus:Pseudomonas|NCBI:PX843006.1
PX968304.1,NZ_CP155977,Xanthomonas campestris pv. campestris,0,inferred_taxonomy,0.500000,Module_A_cross_genus:Pseudomonas|NCBI:PX968304.1
PX843006.1,NZ_CP155977,Xanthomonas campestris pv. campestris,0,inferred_taxonomy,0.500000,Module_A_cross_genus:Pseudomonas|NCBI:PX843006.1
PX843006.1,NZ_CP167870,Xanthomonas axonopodis,0,inferred_taxonomy,0.500000,Module_A_cross_genus:Pseudomonas|NCBI:PX843006.1
PX843006.1,NZ_CP118477,Xanthomonas citri,0,inferred_taxonomy,0.500000,Module_A_cross_genus:Pseudomonas|NCBI:PX843006.1
PX843004.1,NZ_CP150073,Xanthomonas oryzae pv. oryzae,0,inferred_taxonomy,0.500000,Module_A_cross_genus:Pseudomonas|NCBI:PX843004.1
PX843004.1,NZ_CP155977,Xanthomonas campestris pv. campestris,0,inferred_taxonomy,0.500000,Module_A_cross_genus:Pseudomonas|NCBI:PX843004.1
PX843004.1,NZ_CP167870,Xanthomonas axonopodis,0,inferred_taxonomy,0.500000,Module_A_cross_genus:Pseudomonas|NCBI:PX843004.1
PX843004.1,NZ_CP118477,Xanthomonas citri,0,inferred_taxonomy,0.500000,Module_A_cross_genus:Pseudomonas|NCBI:PX843004.1
PX968319.1,NZ_CP150073,Xanthomonas oryzae pv. oryzae,0,inferred_taxonomy,0.500000,Module_A_cross_genus:Pseudomonas|NCBI:PX968319.1
PX968319.1,NZ_CP155977,Xanthomonas campestris pv. campestris,0,inferred_taxonomy,0.500000,Module_A_cross_genus:Pseudomonas|NCBI:PX968319.1
PX968319.1,NZ_CP167870,Xanthomonas axonopodis,0,inferred_taxonomy,0.500000,Module_A_cross_genus:Pseudomonas|NCBI:PX968319.1
PX968319.1,NZ_CP118477,Xanthomonas citri,0,inferred_taxonomy,0.500000,Module_A_cross_genus:Pseudomonas|NCBI:PX968319.1
PX968304.1,NZ_CP150073,Xanthomonas oryzae pv. oryzae,0,inferred_taxonomy,0.500000,Module_A_cross_genus:Pseudomonas|NCBI:PX968304.1
PQ305824.1,NZ_CP167870,Xanthomonas axonopodis,0,inferred_taxonomy,0.500000,Module_A_cross_genus:Pseudomonas|NCBI:PQ305824.1
PX393108.1,NZ_CP155977,Xanthomonas campestris pv. campestris,0,inferred_taxonomy,0.500000,Module_A_cross_genus:Escherichia|NCBI:PX393108.1
PX677422.1,NZ_CP150073,Xanthomonas oryzae pv. oryzae,0,inferred_taxonomy,0.500000,Module_A_cross_genus:Pseudomonas|NCBI:PX677422.1
PZ019082.1,NZ_CP118477,Xanthomonas citri,0,inferred_taxonomy,0.500000,Module_A_cross_genus:Escherichia|NCBI:PZ019082.1
PZ019084.1,NZ_CP118477,Xanthomonas citri,0,inferred_taxonomy,0.500000,Module_A_cross_genus:Escherichia|NCBI:PZ019084.1
PZ019085.1,NZ_CP150073,Xanthomonas oryzae pv. oryzae,0,inferred_taxonomy,0.500000,Module_A_cross_genus:Escherichia|NCBI:PZ019085.1
PZ019085.1,NZ_CP155977,Xanthomonas campestris pv. campestris,0,inferred_taxonomy,0.500000,Module_A_cross_genus:Escherichia|NCBI:PZ019085.1
PZ019085.1,NZ_CP167870,Xanthomonas axonopodis,0,inferred_taxonomy,0.500000,Module_A_cross_genus:Escherichia|NCBI:PZ019085.1
PZ019085.1,NZ_CP118477,Xanthomonas citri,0,inferred_taxonomy,0.500000,Module_A_cross_genus:Escherichia|NCBI:PZ019085.1
PZ019083.1,NZ_CP150073,Xanthomonas oryzae pv. oryzae,0,inferred_taxonomy,0.500000,Module_A_cross_genus:Escherichia|NCBI:PZ019083.1
PZ019083.1,NZ_CP155977,Xanthomonas campestris pv. campestris,0,inferred_taxonomy,0.500000,Module_A_cross_genus:Escherichia|NCBI:PZ019083.1
PZ019083.1,NZ_CP167870,Xanthomonas axonopodis,0,inferred_taxonomy,0.500000,Module_A_cross_genus:Escherichia|NCBI:PZ019083.1
PZ019083.1,NZ_CP118477,Xanthomonas citri,0,inferred_taxonomy,0.500000,Module_A_cross_genus:Escherichia|NCBI:PZ019083.1
PZ019082.1,NZ_CP150073,Xanthomonas oryzae pv. oryzae,0,inferred_taxonomy,0.500000,Module_A_cross_genus:Escherichia|NCBI:PZ019082.1
PZ019082.1,NZ_CP155977,Xanthomonas campestris pv. campestris,0,inferred_taxonomy,0.500000,Module_A_cross_genus:Escherichia|NCBI:PZ019082.1
PZ019082.1,NZ_CP167870,Xanthomonas axonopodis,0,inferred_taxonomy,0.500000,Module_A_cross_genus:Escherichia|NCBI:PZ019082.1
PX418924.1,NZ_CP150073,Xanthomonas oryzae pv. oryzae,0,inferred_taxonomy,0.500000,Module_A_cross_genus:Escherichia|NCBI:PX418924.1
PZ019084.1,NZ_CP155977,Xanthomonas campestris pv. campestris,0,inferred_taxonomy,0.500000,Module_A_cross_genus:Escherichia|NCBI:PZ019084.1
PX418924.1,NZ_CP155977,Xanthomonas campestris pv. campestris,0,inferred_taxonomy,0.500000,Module_A_cross_genus:Escherichia|NCBI:PX418924.1
PX418924.1,NZ_CP167870,Xanthomonas axonopodis,0,inferred_taxonomy,0.500000,Module_A_cross_genus:Escherichia|NCBI:PX418924.1
PX418924.1,NZ_CP118477,Xanthomonas citri,0,inferred_taxonomy,0.500000,Module_A_cross_genus:Escherichia|NCBI:PX418924.1
PX418923.1,NZ_CP150073,Xanthomonas oryzae pv. oryzae,0,inferred_taxonomy,0.500000,Module_A_cross_genus:Escherichia|NCBI:PX418923.1
PX418923.1,NZ_CP155977,Xanthomonas campestris pv. campestris,0,inferred_taxonomy,0.500000,Module_A_cross_genus:Escherichia|NCBI:PX418923.1
PX418923.1,NZ_CP167870,Xanthomonas axonopodis,0,inferred_taxonomy,0.500000,Module_A_cross_genus:Escherichia|NCBI:PX418923.1
PX418923.1,NZ_CP118477,Xanthomonas citri,0,inferred_taxonomy,0.500000,Module_A_cross_genus:Escherichia|NCBI:PX418923.1
PX418922.1,NZ_CP150073,Xanthomonas oryzae pv. oryzae,0,inferred_taxonomy,0.500000,Module_A_cross_genus:Escherichia|NCBI:PX418922.1
PX418922.1,NZ_CP155977,Xanthomonas campestris pv. campestris,0,inferred_taxonomy,0.500000,Module_A_cross_genus:Escherichia|NCBI:PX418922.1
PX418922.1,NZ_CP167870,Xanthomonas axonopodis,0,inferred_taxonomy,0.500000,Module_A_cross_genus:Escherichia|NCBI:PX418922.1
PX418922.1,NZ_CP118477,Xanthomonas citri,0,inferred_taxonomy,0.500000,Module_A_cross_genus:Escherichia|NCBI:PX418922.1
OM867527.1,NZ_CP150073,Xanthomonas oryzae pv. oryzae,0,inferred_taxonomy,0.500000,Module_A_cross_genus:Escherichia|NCBI:OM867527.1
PZ019084.1,NZ_CP167870,Xanthomonas axonopodis,0,inferred_taxonomy,0.500000,Module_A_cross_genus:Escherichia|NCBI:PZ019084.1
PZ019084.1,NZ_CP150073,Xanthomonas oryzae pv. oryzae,0,inferred_taxonomy,0.500000,Module_A_cross_genus:Escherichia|NCBI:PZ019084.1
OM867527.1,NZ_CP167870,Xanthomonas axonopodis,0,inferred_taxonomy,0.500000,Module_A_cross_genus:Escherichia|NCBI:OM867527.1
PX572931.1,NZ_CP155977,Xanthomonas campestris pv. campestris,0,inferred_taxonomy,0.500000,Module_A_cross_genus:Escherichia|NCBI:PX572931.1
OZ418233.1,NZ_CP155977,Xanthomonas campestris pv. campestris,0,inferred_taxonomy,0.500000,Module_A_cross_genus:Escherichia|NCBI:OZ418233.1
OZ418233.1,NZ_CP167870,Xanthomonas axonopodis,0,inferred_taxonomy,0.500000,Module_A_cross_genus:Escherichia|NCBI:OZ418233.1
OZ418233.1,NZ_CP118477,Xanthomonas citri,0,inferred_taxonomy,0.500000,Module_A_cross_genus:Escherichia|NCBI:OZ418233.1
OZ418230.1,NZ_CP150073,Xanthomonas oryzae pv. oryzae,0,inferred_taxonomy,0.500000,Module_A_cross_genus:Escherichia|NCBI:OZ418230.1
OZ418230.1,NZ_CP155977,Xanthomonas campestris pv. campestris,0,inferred_taxonomy,0.500000,Module_A_cross_genus:Escherichia|NCBI:OZ418230.1
OZ418230.1,NZ_CP167870,Xanthomonas axonopodis,0,inferred_taxonomy,0.500000,Module_A_cross_genus:Escherichia|NCBI:OZ418230.1
OZ418230.1,NZ_CP118477,Xanthomonas citri,0,inferred_taxonomy,0.500000,Module_A_cross_genus:Escherichia|NCBI:OZ418230.1
OZ418229.1,NZ_CP150073,Xanthomonas oryzae pv. oryzae,0,inferred_taxonomy,0.500000,Module_A_cross_genus:Escherichia|NCBI:OZ418229.1
OZ418229.1,NZ_CP155977,Xanthomonas campestris pv. campestris,0,inferred_taxonomy,0.500000,Module_A_cross_genus:Escherichia|NCBI:OZ418229.1
OZ418229.1,NZ_CP167870,Xanthomonas axonopodis,0,inferred_taxonomy,0.500000,Module_A_cross_genus:Escherichia|NCBI:OZ418229.1
OZ418229.1,NZ_CP118477,Xanthomonas citri,0,inferred_taxonomy,0.500000,Module_A_cross_genus:Escherichia|NCBI:OZ418229.1
PX572931.1,NZ_CP150073,Xanthomonas oryzae pv. oryzae,0,inferred_taxonomy,0.500000,Module_A_cross_genus:Escherichia|NCBI:PX572931.1
PX572931.1,NZ_CP167870,Xanthomonas axonopodis,0,inferred_taxonomy,0.500000,Module_A_cross_genus:Escherichia|NCBI:PX572931.1
PZ019086.1,NZ_CP118477,Xanthomonas citri,0,inferred_taxonomy,0.500000,Module_A_cross_genus:Escherichia|NCBI:PZ019086.1
PX572931.1,NZ_CP118477,Xanthomonas citri,0,inferred_taxonomy,0.500000,Module_A_cross_genus:Escherichia|NCBI:PX572931.1
PX969468.1,NZ_CP150073,Xanthomonas oryzae pv. oryzae,0,inferred_taxonomy,0.500000,Module_A_cross_genus:Escherichia|NCBI:PX969468.1
PX969468.1,NZ_CP155977,Xanthomonas campestris pv. campestris,0,inferred_taxonomy,0.500000,Module_A_cross_genus:Escherichia|NCBI:PX969468.1
PX969468.1,NZ_CP167870,Xanthomonas axonopodis,0,inferred_taxonomy,0.500000,Module_A_cross_genus:Escherichia|NCBI:PX969468.1
PX969468.1,NZ_CP118477,Xanthomonas citri,0,inferred_taxonomy,0.500000,Module_A_cross_genus:Escherichia|NCBI:PX969468.1
PZ050807.1,NZ_CP150073,Xanthomonas oryzae pv. oryzae,0,inferred_taxonomy,0.500000,Module_A_cross_genus:Escherichia|NCBI:PZ050807.1
PZ050807.1,NZ_CP155977,Xanthomonas campestris pv. campestris,0,inferred_taxonomy,0.500000,Module_A_cross_genus:Escherichia|NCBI:PZ050807.1
PZ050807.1,NZ_CP167870,Xanthomonas axonopodis,0,inferred_taxonomy,0.500000,Module_A_cross_genus:Escherichia|NCBI:PZ050807.1
PZ050807.1,NZ_CP118477,Xanthomonas citri,0,inferred_taxonomy,0.500000,Module_A_cross_genus:Escherichia|NCBI:PZ050807.1
PZ019086.1,NZ_CP150073,Xanthomonas oryzae pv. oryzae,0,inferred_taxonomy,0.500000,Module_A_cross_genus:Escherichia|NCBI:PZ019086.1
PZ019086.1,NZ_CP155977,Xanthomonas campestris pv. campestris,0,inferred_taxonomy,0.500000,Module_A_cross_genus:Escherichia|NCBI:PZ019086.1
PZ019086.1,NZ_CP167870,Xanthomonas axonopodis,0,inferred_taxonomy,0.500000,Module_A_cross_genus:Escherichia|NCBI:PZ019086.1
OM867527.1,NZ_CP155977,Xanthomonas campestris pv. campestris,0,inferred_taxonomy,0.500000,Module_A_cross_genus:Escherichia|NCBI:OM867527.1
OM867527.1,NZ_CP118477,Xanthomonas citri,0,inferred_taxonomy,0.500000,Module_A_cross_genus:Escherichia|NCBI:OM867527.1
PX677422.1,NZ_CP155977,Xanthomonas campestris pv. campestris,0,inferred_taxonomy,0.500000,Module_A_cross_genus:Pseudomonas|NCBI:PX677422.1
PX907403.1,NZ_CP118477,Xanthomonas citri,0,inferred_taxonomy,0.500000,Module_A_cross_genus:Escherichia|NCBI:PX907403.1
PX853108.1,NZ_CP118477,Xanthomonas citri,0,inferred_taxonomy,0.500000,Module_A_cross_genus:Escherichia|NCBI:PX853108.1
PQ826431.1,NZ_CP150073,Xanthomonas oryzae pv. oryzae,0,inferred_taxonomy,0.500000,Module_A_cross_genus:Escherichia|NCBI:PQ826431.1
PQ826431.1,NZ_CP155977,Xanthomonas campestris pv. campestris,0,inferred_taxonomy,0.500000,Module_A_cross_genus:Escherichia|NCBI:PQ826431.1
PQ826431.1,NZ_CP167870,Xanthomonas axonopodis,0,inferred_taxonomy,0.500000,Module_A_cross_genus:Escherichia|NCBI:PQ826431.1
PQ826431.1,NZ_CP118477,Xanthomonas citri,0,inferred_taxonomy,0.500000,Module_A_cross_genus:Escherichia|NCBI:PQ826431.1
PX907404.1,NZ_CP150073,Xanthomonas oryzae pv. oryzae,0,inferred_taxonomy,0.500000,Module_A_cross_genus:Escherichia|NCBI:PX907404.1
PX907404.1,NZ_CP155977,Xanthomonas campestris pv. campestris,0,inferred_taxonomy,0.500000,Module_A_cross_genus:Escherichia|NCBI:PX907404.1
PX907404.1,NZ_CP167870,Xanthomonas axonopodis,0,inferred_taxonomy,0.500000,Module_A_cross_genus:Escherichia|NCBI:PX907404.1
PX907404.1,NZ_CP118477,Xanthomonas citri,0,inferred_taxonomy,0.500000,Module_A_cross_genus:Escherichia|NCBI:PX907404.1
PX907403.1,NZ_CP150073,Xanthomonas oryzae pv. oryzae,0,inferred_taxonomy,0.500000,Module_A_cross_genus:Escherichia|NCBI:PX907403.1
PX907403.1,NZ_CP155977,Xanthomonas campestris pv. campestris,0,inferred_taxonomy,0.500000,Module_A_cross_genus:Escherichia|NCBI:PX907403.1
PX907403.1,NZ_CP167870,Xanthomonas axonopodis,0,inferred_taxonomy,0.500000,Module_A_cross_genus:Escherichia|NCBI:PX907403.1
PX907402.1,NZ_CP150073,Xanthomonas oryzae pv. oryzae,0,inferred_taxonomy,0.500000,Module_A_cross_genus:Escherichia|NCBI:PX907402.1
PX853108.1,NZ_CP155977,Xanthomonas campestris pv. campestris,0,inferred_taxonomy,0.500000,Module_A_cross_genus:Escherichia|NCBI:PX853108.1
PX907402.1,NZ_CP155977,Xanthomonas campestris pv. campestris,0,inferred_taxonomy,0.500000,Module_A_cross_genus:Escherichia|NCBI:PX907402.1
PX907402.1,NZ_CP167870,Xanthomonas axonopodis,0,inferred_taxonomy,0.500000,Module_A_cross_genus:Escherichia|NCBI:PX907402.1
PX907402.1,NZ_CP118477,Xanthomonas citri,0,inferred_taxonomy,0.500000,Module_A_cross_genus:Escherichia|NCBI:PX907402.1
PX907401.1,NZ_CP150073,Xanthomonas oryzae pv. oryzae,0,inferred_taxonomy,0.500000,Module_A_cross_genus:Escherichia|NCBI:PX907401.1
PX907401.1,NZ_CP155977,Xanthomonas campestris pv. campestris,0,inferred_taxonomy,0.500000,Module_A_cross_genus:Escherichia|NCBI:PX907401.1
PX907401.1,NZ_CP167870,Xanthomonas axonopodis,0,inferred_taxonomy,0.500000,Module_A_cross_genus:Escherichia|NCBI:PX907401.1
PX907401.1,NZ_CP118477,Xanthomonas citri,0,inferred_taxonomy,0.500000,Module_A_cross_genus:Escherichia|NCBI:PX907401.1
PX907400.1,NZ_CP150073,Xanthomonas oryzae pv. oryzae,0,inferred_taxonomy,0.500000,Module_A_cross_genus:Escherichia|NCBI:PX907400.1
PX907400.1,NZ_CP155977,Xanthomonas campestris pv. campestris,0,inferred_taxonomy,0.500000,Module_A_cross_genus:Escherichia|NCBI:PX907400.1
PX907400.1,NZ_CP167870,Xanthomonas axonopodis,0,inferred_taxonomy,0.500000,Module_A_cross_genus:Escherichia|NCBI:PX907400.1
PX907400.1,NZ_CP118477,Xanthomonas citri,0,inferred_taxonomy,0.500000,Module_A_cross_genus:Escherichia|NCBI:PX907400.1
PX853812.1,NZ_CP150073,Xanthomonas oryzae pv. oryzae,0,inferred_taxonomy,0.500000,Module_A_cross_genus:Escherichia|NCBI:PX853812.1
PX853108.1,NZ_CP167870,Xanthomonas axonopodis,0,inferred_taxonomy,0.500000,Module_A_cross_genus:Escherichia|NCBI:PX853108.1
PX853108.1,NZ_CP150073,Xanthomonas oryzae pv. oryzae,0,inferred_taxonomy,0.500000,Module_A_cross_genus:Escherichia|NCBI:PX853108.1
OM867526.1,NZ_CP150073,Xanthomonas oryzae pv. oryzae,0,inferred_taxonomy,0.500000,Module_A_cross_genus:Escherichia|NCBI:OM867526.1
PX946180.1,NZ_CP155977,Xanthomonas campestris pv. campestris,0,inferred_taxonomy,0.500000,Module_A_cross_genus:Escherichia|NCBI:PX946180.1
OM867526.1,NZ_CP155977,Xanthomonas campestris pv. campestris,0,inferred_taxonomy,0.500000,Module_A_cross_genus:Escherichia|NCBI:OM867526.1
OM867526.1,NZ_CP167870,Xanthomonas axonopodis,0,inferred_taxonomy,0.500000,Module_A_cross_genus:Escherichia|NCBI:OM867526.1
OM867526.1,NZ_CP118477,Xanthomonas citri,0,inferred_taxonomy,0.500000,Module_A_cross_genus:Escherichia|NCBI:OM867526.1
PX994957.1,NZ_CP150073,Xanthomonas oryzae pv. oryzae,0,inferred_taxonomy,0.500000,Module_A_cross_genus:Escherichia|NCBI:PX994957.1
PX994957.1,NZ_CP155977,Xanthomonas campestris pv. campestris,0,inferred_taxonomy,0.500000,Module_A_cross_genus:Escherichia|NCBI:PX994957.1
PX994957.1,NZ_CP167870,Xanthomonas axonopodis,0,inferred_taxonomy,0.500000,Module_A_cross_genus:Escherichia|NCBI:PX994957.1
PX994957.1,NZ_CP118477,Xanthomonas citri,0,inferred_taxonomy,0.500000,Module_A_cross_genus:Escherichia|NCBI:PX994957.1
PZ000615.1,NZ_CP150073,Xanthomonas oryzae pv. oryzae,0,inferred_taxonomy,0.500000,Module_A_cross_genus:Escherichia|NCBI:PZ000615.1
PZ000615.1,NZ_CP155977,Xanthomonas campestris pv. campestris,0,inferred_taxonomy,0.500000,Module_A_cross_genus:Escherichia|NCBI:PZ000615.1
PZ000615.1,NZ_CP167870,Xanthomonas axonopodis,0,inferred_taxonomy,0.500000,Module_A_cross_genus:Escherichia|NCBI:PZ000615.1
PZ000615.1,NZ_CP118477,Xanthomonas citri,0,inferred_taxonomy,0.500000,Module_A_cross_genus:Escherichia|NCBI:PZ000615.1
PX946180.1,NZ_CP150073,Xanthomonas oryzae pv. oryzae,0,inferred_taxonomy,0.500000,Module_A_cross_genus:Escherichia|NCBI:PX946180.1
PX946180.1,NZ_CP167870,Xanthomonas axonopodis,0,inferred_taxonomy,0.500000,Module_A_cross_genus:Escherichia|NCBI:PX946180.1
PZ027503.1,NZ_CP118477,Xanthomonas citri,0,inferred_taxonomy,0.500000,Module_A_cross_genus:Escherichia|NCBI:PZ027503.1
PX946180.1,NZ_CP118477,Xanthomonas citri,0,inferred_taxonomy,0.500000,Module_A_cross_genus:Escherichia|NCBI:PX946180.1
PZ000613.1,NZ_CP150073,Xanthomonas oryzae pv. oryzae,0,inferred_taxonomy,0.500000,Module_A_cross_genus:Escherichia|NCBI:PZ000613.1
PZ000613.1,NZ_CP155977,Xanthomonas campestris pv. campestris,0,inferred_taxonomy,0.500000,Module_A_cross_genus:Escherichia|NCBI:PZ000613.1
PZ000613.1,NZ_CP167870,Xanthomonas axonopodis,0,inferred_taxonomy,0.500000,Module_A_cross_genus:Escherichia|NCBI:PZ000613.1
PZ000613.1,NZ_CP118477,Xanthomonas citri,0,inferred_taxonomy,0.500000,Module_A_cross_genus:Escherichia|NCBI:PZ000613.1
PZ026127.1,NZ_CP150073,Xanthomonas oryzae pv. oryzae,0,inferred_taxonomy,0.500000,Module_A_cross_genus:Escherichia|NCBI:PZ026127.1
PZ026127.1,NZ_CP155977,Xanthomonas campestris pv. campestris,0,inferred_taxonomy,0.500000,Module_A_cross_genus:Escherichia|NCBI:PZ026127.1
PZ026127.1,NZ_CP167870,Xanthomonas axonopodis,0,inferred_taxonomy,0.500000,Module_A_cross_genus:Escherichia|NCBI:PZ026127.1
PZ026127.1,NZ_CP118477,Xanthomonas citri,0,inferred_taxonomy,0.500000,Module_A_cross_genus:Escherichia|NCBI:PZ026127.1
PZ027503.1,NZ_CP150073,Xanthomonas oryzae pv. oryzae,0,inferred_taxonomy,0.500000,Module_A_cross_genus:Escherichia|NCBI:PZ027503.1
PZ027503.1,NZ_CP155977,Xanthomonas campestris pv. campestris,0,inferred_taxonomy,0.500000,Module_A_cross_genus:Escherichia|NCBI:PZ027503.1
PZ027503.1,NZ_CP167870,Xanthomonas axonopodis,0,inferred_taxonomy,0.500000,Module_A_cross_genus:Escherichia|NCBI:PZ027503.1
OZ418233.1,NZ_CP150073,Xanthomonas oryzae pv. oryzae,0,inferred_taxonomy,0.500000,Module_A_cross_genus:Escherichia|NCBI:OZ418233.1
OZ418234.1,NZ_CP118477,Xanthomonas citri,0,inferred_taxonomy,0.500000,Module_A_cross_genus:Escherichia|NCBI:OZ418234.1
OZ418234.1,NZ_CP167870,Xanthomonas axonopodis,0,inferred_taxonomy,0.500000,Module_A_cross_genus:Escherichia|NCBI:OZ418234.1
PZ212788.1,NZ_CP150073,Xanthomonas oryzae pv. oryzae,0,inferred_taxonomy,0.500000,Module_A_cross_genus:Escherichia|NCBI:PZ212788.1
PX068454.1,NZ_CP150073,Xanthomonas oryzae pv. oryzae,0,inferred_taxonomy,0.500000,Module_A_cross_genus:Escherichia|NCBI:PX068454.1
PX068454.1,NZ_CP155977,Xanthomonas campestris pv. campestris,0,inferred_taxonomy,0.500000,Module_A_cross_genus:Escherichia|NCBI:PX068454.1
PX068454.1,NZ_CP167870,Xanthomonas axonopodis,0,inferred_taxonomy,0.500000,Module_A_cross_genus:Escherichia|NCBI:PX068454.1
PX068454.1,NZ_CP118477,Xanthomonas citri,0,inferred_taxonomy,0.500000,Module_A_cross_genus:Escherichia|NCBI:PX068454.1
PZ223990.1,NZ_CP150073,Xanthomonas oryzae pv. oryzae,0,inferred_taxonomy,0.500000,Module_A_cross_genus:Escherichia|NCBI:PZ223990.1
PZ223990.1,NZ_CP155977,Xanthomonas campestris pv. campestris,0,inferred_taxonomy,0.500000,Module_A_cross_genus:Escherichia|NCBI:PZ223990.1
PZ223990.1,NZ_CP167870,Xanthomonas axonopodis,0,inferred_taxonomy,0.500000,Module_A_cross_genus:Escherichia|NCBI:PZ223990.1
PZ223990.1,NZ_CP118477,Xanthomonas citri,0,inferred_taxonomy,0.500000,Module_A_cross_genus:Escherichia|NCBI:PZ223990.1
PZ223989.1,NZ_CP150073,Xanthomonas oryzae pv. oryzae,0,inferred_taxonomy,0.500000,Module_A_cross_genus:Escherichia|NCBI:PZ223989.1
PZ223989.1,NZ_CP155977,Xanthomonas campestris pv. campestris,0,inferred_taxonomy,0.500000,Module_A_cross_genus:Escherichia|NCBI:PZ223989.1
PZ223989.1,NZ_CP167870,Xanthomonas axonopodis,0,inferred_taxonomy,0.500000,Module_A_cross_genus:Escherichia|NCBI:PZ223989.1
PZ223989.1,NZ_CP118477,Xanthomonas citri,0,inferred_taxonomy,0.500000,Module_A_cross_genus:Escherichia|NCBI:PZ223989.1
PZ212788.1,NZ_CP155977,Xanthomonas campestris pv. campestris,0,inferred_taxonomy,0.500000,Module_A_cross_genus:Escherichia|NCBI:PZ212788.1
PX068455.1,NZ_CP167870,Xanthomonas axonopodis,0,inferred_taxonomy,0.500000,Module_A_cross_genus:Escherichia|NCBI:PX068455.1
PZ212788.1,NZ_CP167870,Xanthomonas axonopodis,0,inferred_taxonomy,0.500000,Module_A_cross_genus:Escherichia|NCBI:PZ212788.1
PZ212788.1,NZ_CP118477,Xanthomonas citri,0,inferred_taxonomy,0.500000,Module_A_cross_genus:Escherichia|NCBI:PZ212788.1
PZ171035.1,NZ_CP150073,Xanthomonas oryzae pv. oryzae,0,inferred_taxonomy,0.500000,Module_A_cross_genus:Escherichia|NCBI:PZ171035.1
PZ171035.1,NZ_CP155977,Xanthomonas campestris pv. campestris,0,inferred_taxonomy,0.500000,Module_A_cross_genus:Escherichia|NCBI:PZ171035.1
PZ171035.1,NZ_CP167870,Xanthomonas axonopodis,0,inferred_taxonomy,0.500000,Module_A_cross_genus:Escherichia|NCBI:PZ171035.1
PZ171035.1,NZ_CP118477,Xanthomonas citri,0,inferred_taxonomy,0.500000,Module_A_cross_genus:Escherichia|NCBI:PZ171035.1
PZ171034.1,NZ_CP150073,Xanthomonas oryzae pv. oryzae,0,inferred_taxonomy,0.500000,Module_A_cross_genus:Escherichia|NCBI:PZ171034.1
PZ171034.1,NZ_CP155977,Xanthomonas campestris pv. campestris,0,inferred_taxonomy,0.500000,Module_A_cross_genus:Escherichia|NCBI:PZ171034.1
PZ171034.1,NZ_CP167870,Xanthomonas axonopodis,0,inferred_taxonomy,0.500000,Module_A_cross_genus:Escherichia|NCBI:PZ171034.1
PZ171034.1,NZ_CP118477,Xanthomonas citri,0,inferred_taxonomy,0.500000,Module_A_cross_genus:Escherichia|NCBI:PZ171034.1
PZ171033.1,NZ_CP150073,Xanthomonas oryzae pv. oryzae,0,inferred_taxonomy,0.500000,Module_A_cross_genus:Escherichia|NCBI:PZ171033.1
PZ171033.1,NZ_CP155977,Xanthomonas campestris pv. campestris,0,inferred_taxonomy,0.500000,Module_A_cross_genus:Escherichia|NCBI:PZ171033.1
PX068455.1,NZ_CP118477,Xanthomonas citri,0,inferred_taxonomy,0.500000,Module_A_cross_genus:Escherichia|NCBI:PX068455.1
PX068455.1,NZ_CP155977,Xanthomonas campestris pv. campestris,0,inferred_taxonomy,0.500000,Module_A_cross_genus:Escherichia|NCBI:PX068455.1
OZ418234.1,NZ_CP155977,Xanthomonas campestris pv. campestris,0,inferred_taxonomy,0.500000,Module_A_cross_genus:Escherichia|NCBI:OZ418234.1
PX673949.1,NZ_CP167870,Xanthomonas axonopodis,0,inferred_taxonomy,0.500000,Module_A_cross_genus:Pseudomonas|NCBI:PX673949.1
PX677422.1,NZ_CP167870,Xanthomonas axonopodis,0,inferred_taxonomy,0.500000,Module_A_cross_genus:Pseudomonas|NCBI:PX677422.1
PX677422.1,NZ_CP118477,Xanthomonas citri,0,inferred_taxonomy,0.500000,Module_A_cross_genus:Pseudomonas|NCBI:PX677422.1
PV976809.1,NZ_CP150073,Xanthomonas oryzae pv. oryzae,0,inferred_taxonomy,0.500000,Module_A_cross_genus:Pseudomonas|NCBI:PV976809.1
PV976809.1,NZ_CP155977,Xanthomonas campestris pv. campestris,0,inferred_taxonomy,0.500000,Module_A_cross_genus:Pseudomonas|NCBI:PV976809.1
PV976809.1,NZ_CP167870,Xanthomonas axonopodis,0,inferred_taxonomy,0.500000,Module_A_cross_genus:Pseudomonas|NCBI:PV976809.1
PV976809.1,NZ_CP118477,Xanthomonas citri,0,inferred_taxonomy,0.500000,Module_A_cross_genus:Pseudomonas|NCBI:PV976809.1
OR540302.1,NZ_CP150073,Xanthomonas oryzae pv. oryzae,0,inferred_taxonomy,0.500000,Module_A_cross_genus:Pseudomonas|NCBI:OR540302.1
OR540302.1,NZ_CP155977,Xanthomonas campestris pv. campestris,0,inferred_taxonomy,0.500000,Module_A_cross_genus:Pseudomonas|NCBI:OR540302.1
OR540302.1,NZ_CP167870,Xanthomonas axonopodis,0,inferred_taxonomy,0.500000,Module_A_cross_genus:Pseudomonas|NCBI:OR540302.1
OR540302.1,NZ_CP118477,Xanthomonas citri,0,inferred_taxonomy,0.500000,Module_A_cross_genus:Pseudomonas|NCBI:OR540302.1
PX673949.1,NZ_CP150073,Xanthomonas oryzae pv. oryzae,0,inferred_taxonomy,0.500000,Module_A_cross_genus:Pseudomonas|NCBI:PX673949.1
PX673949.1,NZ_CP155977,Xanthomonas campestris pv. campestris,0,inferred_taxonomy,0.500000,Module_A_cross_genus:Pseudomonas|NCBI:PX673949.1
PX673949.1,NZ_CP118477,Xanthomonas citri,0,inferred_taxonomy,0.500000,Module_A_cross_genus:Pseudomonas|NCBI:PX673949.1
PX068455.1,NZ_CP150073,Xanthomonas oryzae pv. oryzae,0,inferred_taxonomy,0.500000,Module_A_cross_genus:Escherichia|NCBI:PX068455.1
PX673948.1,NZ_CP150073,Xanthomonas oryzae pv. oryzae,0,inferred_taxonomy,0.500000,Module_A_cross_genus:Pseudomonas|NCBI:PX673948.1
PX673948.1,NZ_CP155977,Xanthomonas campestris pv. campestris,0,inferred_taxonomy,0.500000,Module_A_cross_genus:Pseudomonas|NCBI:PX673948.1
PX673948.1,NZ_CP167870,Xanthomonas axonopodis,0,inferred_taxonomy,0.500000,Module_A_cross_genus:Pseudomonas|NCBI:PX673948.1
PX673948.1,NZ_CP118477,Xanthomonas citri,0,inferred_taxonomy,0.500000,Module_A_cross_genus:Pseudomonas|NCBI:PX673948.1
PX871048.2,NZ_CP150073,Xanthomonas oryzae pv. oryzae,0,inferred_taxonomy,0.500000,Module_A_cross_genus:Escherichia|NCBI:PX871048.2
PX871048.2,NZ_CP155977,Xanthomonas campestris pv. campestris,0,inferred_taxonomy,0.500000,Module_A_cross_genus:Escherichia|NCBI:PX871048.2
PX871048.2,NZ_CP167870,Xanthomonas axonopodis,0,inferred_taxonomy,0.500000,Module_A_cross_genus:Escherichia|NCBI:PX871048.2
PX871048.2,NZ_CP118477,Xanthomonas citri,0,inferred_taxonomy,0.500000,Module_A_cross_genus:Escherichia|NCBI:PX871048.2
PX068456.1,NZ_CP150073,Xanthomonas oryzae pv. oryzae,0,inferred_taxonomy,0.500000,Module_A_cross_genus:Escherichia|NCBI:PX068456.1
PX068456.1,NZ_CP155977,Xanthomonas campestris pv. campestris,0,inferred_taxonomy,0.500000,Module_A_cross_genus:Escherichia|NCBI:PX068456.1
PX068456.1,NZ_CP167870,Xanthomonas axonopodis,0,inferred_taxonomy,0.500000,Module_A_cross_genus:Escherichia|NCBI:PX068456.1
PX068456.1,NZ_CP118477,Xanthomonas citri,0,inferred_taxonomy,0.500000,Module_A_cross_genus:Escherichia|NCBI:PX068456.1
PZ171033.1,NZ_CP167870,Xanthomonas axonopodis,0,inferred_taxonomy,0.500000,Module_A_cross_genus:Escherichia|NCBI:PZ171033.1
PZ171033.1,NZ_CP118477,Xanthomonas citri,0,inferred_taxonomy,0.500000,Module_A_cross_genus:Escherichia|NCBI:PZ171033.1
PZ171032.1,NZ_CP150073,Xanthomonas oryzae pv. oryzae,0,inferred_taxonomy,0.500000,Module_A_cross_genus:Escherichia|NCBI:PZ171032.1
PX969075.1,NZ_CP118477,Xanthomonas citri,0,inferred_taxonomy,0.500000,Module_A_cross_genus:Escherichia|NCBI:PX969075.1
PZ091942.1,NZ_CP118477,Xanthomonas citri,0,inferred_taxonomy,0.500000,Module_A_cross_genus:Escherichia|NCBI:PZ091942.1
PX421306.1,NZ_CP150073,Xanthomonas oryzae pv. oryzae,0,inferred_taxonomy,0.500000,Module_A_cross_genus:Escherichia|NCBI:PX421306.1
PX421306.1,NZ_CP155977,Xanthomonas campestris pv. campestris,0,inferred_taxonomy,0.500000,Module_A_cross_genus:Escherichia|NCBI:PX421306.1
PX421306.1,NZ_CP167870,Xanthomonas axonopodis,0,inferred_taxonomy,0.500000,Module_A_cross_genus:Escherichia|NCBI:PX421306.1
PX421306.1,NZ_CP118477,Xanthomonas citri,0,inferred_taxonomy,0.500000,Module_A_cross_genus:Escherichia|NCBI:PX421306.1
PX962436.1,NZ_CP150073,Xanthomonas oryzae pv. oryzae,0,inferred_taxonomy,0.500000,Module_A_cross_genus:Escherichia|NCBI:PX962436.1
PX962436.1,NZ_CP155977,Xanthomonas campestris pv. campestris,0,inferred_taxonomy,0.500000,Module_A_cross_genus:Escherichia|NCBI:PX962436.1
PX962436.1,NZ_CP167870,Xanthomonas axonopodis,0,inferred_taxonomy,0.500000,Module_A_cross_genus:Escherichia|NCBI:PX962436.1
PX962436.1,NZ_CP118477,Xanthomonas citri,0,inferred_taxonomy,0.500000,Module_A_cross_genus:Escherichia|NCBI:PX962436.1
PX969075.1,NZ_CP150073,Xanthomonas oryzae pv. oryzae,0,inferred_taxonomy,0.500000,Module_A_cross_genus:Escherichia|NCBI:PX969075.1
PX969075.1,NZ_CP155977,Xanthomonas campestris pv. campestris,0,inferred_taxonomy,0.500000,Module_A_cross_genus:Escherichia|NCBI:PX969075.1
PX969075.1,NZ_CP167870,Xanthomonas axonopodis,0,inferred_taxonomy,0.500000,Module_A_cross_genus:Escherichia|NCBI:PX969075.1
PX943856.1,NZ_CP150073,Xanthomonas oryzae pv. oryzae,0,inferred_taxonomy,0.500000,Module_A_cross_genus:Escherichia|NCBI:PX943856.1
PZ171032.1,NZ_CP155977,Xanthomonas campestris pv. campestris,0,inferred_taxonomy,0.500000,Module_A_cross_genus:Escherichia|NCBI:PZ171032.1
PX943856.1,NZ_CP155977,Xanthomonas campestris pv. campestris,0,inferred_taxonomy,0.500000,Module_A_cross_genus:Escherichia|NCBI:PX943856.1
PX943856.1,NZ_CP167870,Xanthomonas axonopodis,0,inferred_taxonomy,0.500000,Module_A_cross_genus:Escherichia|NCBI:PX943856.1
PX943856.1,NZ_CP118477,Xanthomonas citri,0,inferred_taxonomy,0.500000,Module_A_cross_genus:Escherichia|NCBI:PX943856.1
PZ049694.1,NZ_CP150073,Xanthomonas oryzae pv. oryzae,0,inferred_taxonomy,0.500000,Module_A_cross_genus:Escherichia|NCBI:PZ049694.1
PZ049694.1,NZ_CP155977,Xanthomonas campestris pv. campestris,0,inferred_taxonomy,0.500000,Module_A_cross_genus:Escherichia|NCBI:PZ049694.1
PZ049694.1,NZ_CP167870,Xanthomonas axonopodis,0,inferred_taxonomy,0.500000,Module_A_cross_genus:Escherichia|NCBI:PZ049694.1
PZ049694.1,NZ_CP118477,Xanthomonas citri,0,inferred_taxonomy,0.500000,Module_A_cross_genus:Escherichia|NCBI:PZ049694.1
PZ053912.1,NZ_CP150073,Xanthomonas oryzae pv. oryzae,0,inferred_taxonomy,0.500000,Module_A_cross_genus:Escherichia|NCBI:PZ053912.1
PZ053912.1,NZ_CP155977,Xanthomonas campestris pv. campestris,0,inferred_taxonomy,0.500000,Module_A_cross_genus:Escherichia|NCBI:PZ053912.1
PZ053912.1,NZ_CP167870,Xanthomonas axonopodis,0,inferred_taxonomy,0.500000,Module_A_cross_genus:Escherichia|NCBI:PZ053912.1
PZ053912.1,NZ_CP118477,Xanthomonas citri,0,inferred_taxonomy,0.500000,Module_A_cross_genus:Escherichia|NCBI:PZ053912.1
OZ418234.1,NZ_CP150073,Xanthomonas oryzae pv. oryzae,0,inferred_taxonomy,0.500000,Module_A_cross_genus:Escherichia|NCBI:OZ418234.1
PZ091942.1,NZ_CP167870,Xanthomonas axonopodis,0,inferred_taxonomy,0.500000,Module_A_cross_genus:Escherichia|NCBI:PZ091942.1
PZ091942.1,NZ_CP155977,Xanthomonas campestris pv. campestris,0,inferred_taxonomy,0.500000,Module_A_cross_genus:Escherichia|NCBI:PZ091942.1
PZ091942.1,NZ_CP150073,Xanthomonas oryzae pv. oryzae,0,inferred_taxonomy,0.500000,Module_A_cross_genus:Escherichia|NCBI:PZ091942.1
PZ049337.1,NZ_CP118477,Xanthomonas citri,0,inferred_taxonomy,0.500000,Module_A_cross_genus:Escherichia|NCBI:PZ049337.1
PZ171032.1,NZ_CP167870,Xanthomonas axonopodis,0,inferred_taxonomy,0.500000,Module_A_cross_genus:Escherichia|NCBI:PZ171032.1
PZ171032.1,NZ_CP118477,Xanthomonas citri,0,inferred_taxonomy,0.500000,Module_A_cross_genus:Escherichia|NCBI:PZ171032.1
PX132564.1,NZ_CP150073,Xanthomonas oryzae pv. oryzae,0,inferred_taxonomy,0.500000,Module_A_cross_genus:Escherichia|NCBI:PX132564.1
PX132564.1,NZ_CP155977,Xanthomonas campestris pv. campestris,0,inferred_taxonomy,0.500000,Module_A_cross_genus:Escherichia|NCBI:PX132564.1
PX132564.1,NZ_CP167870,Xanthomonas axonopodis,0,inferred_taxonomy,0.500000,Module_A_cross_genus:Escherichia|NCBI:PX132564.1
PX132564.1,NZ_CP118477,Xanthomonas citri,0,inferred_taxonomy,0.500000,Module_A_cross_genus:Escherichia|NCBI:PX132564.1
PX393110.1,NZ_CP150073,Xanthomonas oryzae pv. oryzae,0,inferred_taxonomy,0.500000,Module_A_cross_genus:Escherichia|NCBI:PX393110.1
PX393110.1,NZ_CP155977,Xanthomonas campestris pv. campestris,0,inferred_taxonomy,0.500000,Module_A_cross_genus:Escherichia|NCBI:PX393110.1
PX393110.1,NZ_CP167870,Xanthomonas axonopodis,0,inferred_taxonomy,0.500000,Module_A_cross_genus:Escherichia|NCBI:PX393110.1
PX393110.1,NZ_CP118477,Xanthomonas citri,0,inferred_taxonomy,0.500000,Module_A_cross_genus:Escherichia|NCBI:PX393110.1
PX393109.1,NZ_CP150073,Xanthomonas oryzae pv. oryzae,0,inferred_taxonomy,0.500000,Module_A_cross_genus:Escherichia|NCBI:PX393109.1
PX393109.1,NZ_CP155977,Xanthomonas campestris pv. campestris,0,inferred_taxonomy,0.500000,Module_A_cross_genus:Escherichia|NCBI:PX393109.1
PX393109.1,NZ_CP167870,Xanthomonas axonopodis,0,inferred_taxonomy,0.500000,Module_A_cross_genus:Escherichia|NCBI:PX393109.1
PX393109.1,NZ_CP118477,Xanthomonas citri,0,inferred_taxonomy,0.500000,Module_A_cross_genus:Escherichia|NCBI:PX393109.1
PX393108.1,NZ_CP150073,Xanthomonas oryzae pv. oryzae,0,inferred_taxonomy,0.500000,Module_A_cross_genus:Escherichia|NCBI:PX393108.1
MZ089741.2,NZ_CP155977,Xanthomonas campestris pv. campestris,0,inferred_taxonomy,0.500000,Module_A_cross_genus:Pseudomonas|NCBI:MZ089741.2
PX393108.1,NZ_CP167870,Xanthomonas axonopodis,0,inferred_taxonomy,0.500000,Module_A_cross_genus:Escherichia|NCBI:PX393108.1
PX393108.1,NZ_CP118477,Xanthomonas citri,0,inferred_taxonomy,0.500000,Module_A_cross_genus:Escherichia|NCBI:PX393108.1
PZ049338.1,NZ_CP150073,Xanthomonas oryzae pv. oryzae,0,inferred_taxonomy,0.500000,Module_A_cross_genus:Escherichia|NCBI:PZ049338.1
PZ049338.1,NZ_CP155977,Xanthomonas campestris pv. campestris,0,inferred_taxonomy,0.500000,Module_A_cross_genus:Escherichia|NCBI:PZ049338.1
PZ049338.1,NZ_CP167870,Xanthomonas axonopodis,0,inferred_taxonomy,0.500000,Module_A_cross_genus:Escherichia|NCBI:PZ049338.1
PZ049338.1,NZ_CP118477,Xanthomonas citri,0,inferred_taxonomy,0.500000,Module_A_cross_genus:Escherichia|NCBI:PZ049338.1
PZ049337.1,NZ_CP150073,Xanthomonas oryzae pv. oryzae,0,inferred_taxonomy,0.500000,Module_A_cross_genus:Escherichia|NCBI:PZ049337.1
PZ049337.1,NZ_CP155977,Xanthomonas campestris pv. campestris,0,inferred_taxonomy,0.500000,Module_A_cross_genus:Escherichia|NCBI:PZ049337.1
PZ049337.1,NZ_CP167870,Xanthomonas axonopodis,0,inferred_taxonomy,0.500000,Module_A_cross_genus:Escherichia|NCBI:PZ049337.1
MZ089741.2,NZ_CP167870,Xanthomonas axonopodis,0,inferred_taxonomy,0.500000,Module_A_cross_genus:Pseudomonas|NCBI:MZ089741.2
NC_022982.1,NZ_CP118477,Xanthomonas citri,0,inferred_taxonomy,0.500000,Module_A_cross_genus:Xylella|NCBI:NC_022982.1
MZ089741.2,NZ_CP150073,Xanthomonas oryzae pv. oryzae,0,inferred_taxonomy,0.500000,Module_A_cross_genus:Pseudomonas|NCBI:MZ089741.2
PQ492159.1,NZ_CP118477,Xanthomonas citri,0,inferred_taxonomy,0.500000,Module_A_cross_genus:Stenotrophomonas|NCBI:PQ492159.1
PQ492162.1,NZ_CP118477,Xanthomonas citri,0,inferred_taxonomy,0.500000,Module_A_cross_genus:Stenotrophomonas|NCBI:PQ492162.1
PQ492161.1,NZ_CP150073,Xanthomonas oryzae pv. oryzae,0,inferred_taxonomy,0.500000,Module_A_cross_genus:Stenotrophomonas|NCBI:PQ492161.1
PQ492161.1,NZ_CP155977,Xanthomonas campestris pv. campestris,0,inferred_taxonomy,0.500000,Module_A_cross_genus:Stenotrophomonas|NCBI:PQ492161.1
PQ492161.1,NZ_CP167870,Xanthomonas axonopodis,0,inferred_taxonomy,0.500000,Module_A_cross_genus:Stenotrophomonas|NCBI:PQ492161.1
PQ492161.1,NZ_CP118477,Xanthomonas citri,0,inferred_taxonomy,0.500000,Module_A_cross_genus:Stenotrophomonas|NCBI:PQ492161.1
PQ492160.1,NZ_CP150073,Xanthomonas oryzae pv. oryzae,0,inferred_taxonomy,0.500000,Module_A_cross_genus:Stenotrophomonas|NCBI:PQ492160.1
PQ492160.1,NZ_CP155977,Xanthomonas campestris pv. campestris,0,inferred_taxonomy,0.500000,Module_A_cross_genus:Stenotrophomonas|NCBI:PQ492160.1
PQ492160.1,NZ_CP167870,Xanthomonas axonopodis,0,inferred_taxonomy,0.500000,Module_A_cross_genus:Stenotrophomonas|NCBI:PQ492160.1
PQ492160.1,NZ_CP118477,Xanthomonas citri,0,inferred_taxonomy,0.500000,Module_A_cross_genus:Stenotrophomonas|NCBI:PQ492160.1
PQ492159.1,NZ_CP150073,Xanthomonas oryzae pv. oryzae,0,inferred_taxonomy,0.500000,Module_A_cross_genus:Stenotrophomonas|NCBI:PQ492159.1
PQ492159.1,NZ_CP155977,Xanthomonas campestris pv. campestris,0,inferred_taxonomy,0.500000,Module_A_cross_genus:Stenotrophomonas|NCBI:PQ492159.1
PQ492159.1,NZ_CP167870,Xanthomonas axonopodis,0,inferred_taxonomy,0.500000,Module_A_cross_genus:Stenotrophomonas|NCBI:PQ492159.1
PQ492158.1,NZ_CP150073,Xanthomonas oryzae pv. oryzae,0,inferred_taxonomy,0.500000,Module_A_cross_genus:Stenotrophomonas|NCBI:PQ492158.1
PQ492162.1,NZ_CP155977,Xanthomonas campestris pv. campestris,0,inferred_taxonomy,0.500000,Module_A_cross_genus:Stenotrophomonas|NCBI:PQ492162.1
PQ492158.1,NZ_CP155977,Xanthomonas campestris pv. campestris,0,inferred_taxonomy,0.500000,Module_A_cross_genus:Stenotrophomonas|NCBI:PQ492158.1
PQ492158.1,NZ_CP167870,Xanthomonas axonopodis,0,inferred_taxonomy,0.500000,Module_A_cross_genus:Stenotrophomonas|NCBI:PQ492158.1
PQ492158.1,NZ_CP118477,Xanthomonas citri,0,inferred_taxonomy,0.500000,Module_A_cross_genus:Stenotrophomonas|NCBI:PQ492158.1
PQ492157.1,NZ_CP150073,Xanthomonas oryzae pv. oryzae,0,inferred_taxonomy,0.500000,Module_A_cross_genus:Stenotrophomonas|NCBI:PQ492157.1
PQ492157.1,NZ_CP155977,Xanthomonas campestris pv. campestris,0,inferred_taxonomy,0.500000,Module_A_cross_genus:Stenotrophomonas|NCBI:PQ492157.1
PQ492157.1,NZ_CP167870,Xanthomonas axonopodis,0,inferred_taxonomy,0.500000,Module_A_cross_genus:Stenotrophomonas|NCBI:PQ492157.1
PQ492157.1,NZ_CP118477,Xanthomonas citri,0,inferred_taxonomy,0.500000,Module_A_cross_genus:Stenotrophomonas|NCBI:PQ492157.1
PQ434693.1,NZ_CP150073,Xanthomonas oryzae pv. oryzae,0,inferred_taxonomy,0.500000,Module_A_cross_genus:Stenotrophomonas|NCBI:PQ434693.1
PQ434693.1,NZ_CP155977,Xanthomonas campestris pv. campestris,0,inferred_taxonomy,0.500000,Module_A_cross_genus:Stenotrophomonas|NCBI:PQ434693.1
PQ434693.1,NZ_CP167870,Xanthomonas axonopodis,0,inferred_taxonomy,0.500000,Module_A_cross_genus:Stenotrophomonas|NCBI:PQ434693.1
PQ434693.1,NZ_CP118477,Xanthomonas citri,0,inferred_taxonomy,0.500000,Module_A_cross_genus:Stenotrophomonas|NCBI:PQ434693.1
PQ434692.1,NZ_CP150073,Xanthomonas oryzae pv. oryzae,0,inferred_taxonomy,0.500000,Module_A_cross_genus:Stenotrophomonas|NCBI:PQ434692.1
PQ492162.1,NZ_CP167870,Xanthomonas axonopodis,0,inferred_taxonomy,0.500000,Module_A_cross_genus:Stenotrophomonas|NCBI:PQ492162.1
PQ492162.1,NZ_CP150073,Xanthomonas oryzae pv. oryzae,0,inferred_taxonomy,0.500000,Module_A_cross_genus:Stenotrophomonas|NCBI:PQ492162.1
PQ434692.1,NZ_CP167870,Xanthomonas axonopodis,0,inferred_taxonomy,0.500000,Module_A_cross_genus:Stenotrophomonas|NCBI:PQ434692.1
PQ498457.1,NZ_CP155977,Xanthomonas campestris pv. campestris,0,inferred_taxonomy,0.500000,Module_A_cross_genus:Stenotrophomonas|NCBI:PQ498457.1
PQ498460.1,NZ_CP155977,Xanthomonas campestris pv. campestris,0,inferred_taxonomy,0.500000,Module_A_cross_genus:Stenotrophomonas|NCBI:PQ498460.1
PQ498460.1,NZ_CP167870,Xanthomonas axonopodis,0,inferred_taxonomy,0.500000,Module_A_cross_genus:Stenotrophomonas|NCBI:PQ498460.1
PQ498460.1,NZ_CP118477,Xanthomonas citri,0,inferred_taxonomy,0.500000,Module_A_cross_genus:Stenotrophomonas|NCBI:PQ498460.1
PQ498459.1,NZ_CP150073,Xanthomonas oryzae pv. oryzae,0,inferred_taxonomy,0.500000,Module_A_cross_genus:Stenotrophomonas|NCBI:PQ498459.1
PQ498459.1,NZ_CP155977,Xanthomonas campestris pv. campestris,0,inferred_taxonomy,0.500000,Module_A_cross_genus:Stenotrophomonas|NCBI:PQ498459.1
PQ498459.1,NZ_CP167870,Xanthomonas axonopodis,0,inferred_taxonomy,0.500000,Module_A_cross_genus:Stenotrophomonas|NCBI:PQ498459.1
PQ498459.1,NZ_CP118477,Xanthomonas citri,0,inferred_taxonomy,0.500000,Module_A_cross_genus:Stenotrophomonas|NCBI:PQ498459.1
PQ498458.1,NZ_CP150073,Xanthomonas oryzae pv. oryzae,0,inferred_taxonomy,0.500000,Module_A_cross_genus:Stenotrophomonas|NCBI:PQ498458.1
PQ498458.1,NZ_CP155977,Xanthomonas campestris pv. campestris,0,inferred_taxonomy,0.500000,Module_A_cross_genus:Stenotrophomonas|NCBI:PQ498458.1
PQ498458.1,NZ_CP167870,Xanthomonas axonopodis,0,inferred_taxonomy,0.500000,Module_A_cross_genus:Stenotrophomonas|NCBI:PQ498458.1
PQ498458.1,NZ_CP118477,Xanthomonas citri,0,inferred_taxonomy,0.500000,Module_A_cross_genus:Stenotrophomonas|NCBI:PQ498458.1
PQ498457.1,NZ_CP150073,Xanthomonas oryzae pv. oryzae,0,inferred_taxonomy,0.500000,Module_A_cross_genus:Stenotrophomonas|NCBI:PQ498457.1
PQ498457.1,NZ_CP167870,Xanthomonas axonopodis,0,inferred_taxonomy,0.500000,Module_A_cross_genus:Stenotrophomonas|NCBI:PQ498457.1
PQ498454.1,NZ_CP118477,Xanthomonas citri,0,inferred_taxonomy,0.500000,Module_A_cross_genus:Stenotrophomonas|NCBI:PQ498454.1
PQ498457.1,NZ_CP118477,Xanthomonas citri,0,inferred_taxonomy,0.500000,Module_A_cross_genus:Stenotrophomonas|NCBI:PQ498457.1
PQ498456.1,NZ_CP150073,Xanthomonas oryzae pv. oryzae,0,inferred_taxonomy,0.500000,Module_A_cross_genus:Stenotrophomonas|NCBI:PQ498456.1
PQ498456.1,NZ_CP155977,Xanthomonas campestris pv. campestris,0,inferred_taxonomy,0.500000,Module_A_cross_genus:Stenotrophomonas|NCBI:PQ498456.1
PQ498456.1,NZ_CP167870,Xanthomonas axonopodis,0,inferred_taxonomy,0.500000,Module_A_cross_genus:Stenotrophomonas|NCBI:PQ498456.1
PQ498456.1,NZ_CP118477,Xanthomonas citri,0,inferred_taxonomy,0.500000,Module_A_cross_genus:Stenotrophomonas|NCBI:PQ498456.1
PQ498455.1,NZ_CP150073,Xanthomonas oryzae pv. oryzae,0,inferred_taxonomy,0.500000,Module_A_cross_genus:Stenotrophomonas|NCBI:PQ498455.1
PQ498455.1,NZ_CP155977,Xanthomonas campestris pv. campestris,0,inferred_taxonomy,0.500000,Module_A_cross_genus:Stenotrophomonas|NCBI:PQ498455.1
PQ498455.1,NZ_CP167870,Xanthomonas axonopodis,0,inferred_taxonomy,0.500000,Module_A_cross_genus:Stenotrophomonas|NCBI:PQ498455.1
PQ498455.1,NZ_CP118477,Xanthomonas citri,0,inferred_taxonomy,0.500000,Module_A_cross_genus:Stenotrophomonas|NCBI:PQ498455.1
PQ498454.1,NZ_CP150073,Xanthomonas oryzae pv. oryzae,0,inferred_taxonomy,0.500000,Module_A_cross_genus:Stenotrophomonas|NCBI:PQ498454.1
PQ498454.1,NZ_CP155977,Xanthomonas campestris pv. campestris,0,inferred_taxonomy,0.500000,Module_A_cross_genus:Stenotrophomonas|NCBI:PQ498454.1
PQ498454.1,NZ_CP167870,Xanthomonas axonopodis,0,inferred_taxonomy,0.500000,Module_A_cross_genus:Stenotrophomonas|NCBI:PQ498454.1
PQ434692.1,NZ_CP155977,Xanthomonas campestris pv. campestris,0,inferred_taxonomy,0.500000,Module_A_cross_genus:Stenotrophomonas|NCBI:PQ434692.1
PQ434692.1,NZ_CP118477,Xanthomonas citri,0,inferred_taxonomy,0.500000,Module_A_cross_genus:Stenotrophomonas|NCBI:PQ434692.1
PX418225.1,NZ_CP118477,Xanthomonas citri,0,inferred_taxonomy,0.500000,Module_A_cross_genus:Pseudomonas|NCBI:PX418225.1
PP550502.1,NZ_CP118477,Xanthomonas citri,0,inferred_taxonomy,0.500000,Module_A_cross_genus:Stenotrophomonas|NCBI:PP550502.1
PP179326.1,NZ_CP118477,Xanthomonas citri,0,inferred_taxonomy,0.500000,Module_A_cross_genus:Stenotrophomonas|NCBI:PP179326.1
PP179325.1,NZ_CP150073,Xanthomonas oryzae pv. oryzae,0,inferred_taxonomy,0.500000,Module_A_cross_genus:Stenotrophomonas|NCBI:PP179325.1
PP179325.1,NZ_CP155977,Xanthomonas campestris pv. campestris,0,inferred_taxonomy,0.500000,Module_A_cross_genus:Stenotrophomonas|NCBI:PP179325.1
PP179325.1,NZ_CP167870,Xanthomonas axonopodis,0,inferred_taxonomy,0.500000,Module_A_cross_genus:Stenotrophomonas|NCBI:PP179325.1
PP179325.1,NZ_CP118477,Xanthomonas citri,0,inferred_taxonomy,0.500000,Module_A_cross_genus:Stenotrophomonas|NCBI:PP179325.1
PP747256.1,NZ_CP150073,Xanthomonas oryzae pv. oryzae,0,inferred_taxonomy,0.500000,Module_A_cross_genus:Stenotrophomonas|NCBI:PP747256.1
PP747256.1,NZ_CP155977,Xanthomonas campestris pv. campestris,0,inferred_taxonomy,0.500000,Module_A_cross_genus:Stenotrophomonas|NCBI:PP747256.1
PP747256.1,NZ_CP167870,Xanthomonas axonopodis,0,inferred_taxonomy,0.500000,Module_A_cross_genus:Stenotrophomonas|NCBI:PP747256.1
PP747256.1,NZ_CP118477,Xanthomonas citri,0,inferred_taxonomy,0.500000,Module_A_cross_genus:Stenotrophomonas|NCBI:PP747256.1
PP550502.1,NZ_CP150073,Xanthomonas oryzae pv. oryzae,0,inferred_taxonomy,0.500000,Module_A_cross_genus:Stenotrophomonas|NCBI:PP550502.1
PP550502.1,NZ_CP155977,Xanthomonas campestris pv. campestris,0,inferred_taxonomy,0.500000,Module_A_cross_genus:Stenotrophomonas|NCBI:PP550502.1
PP550502.1,NZ_CP167870,Xanthomonas axonopodis,0,inferred_taxonomy,0.500000,Module_A_cross_genus:Stenotrophomonas|NCBI:PP550502.1
PP554396.1,NZ_CP150073,Xanthomonas oryzae pv. oryzae,0,inferred_taxonomy,0.500000,Module_A_cross_genus:Stenotrophomonas|NCBI:PP554396.1
PP179326.1,NZ_CP155977,Xanthomonas campestris pv. campestris,0,inferred_taxonomy,0.500000,Module_A_cross_genus:Stenotrophomonas|NCBI:PP179326.1
PP554396.1,NZ_CP155977,Xanthomonas campestris pv. campestris,0,inferred_taxonomy,0.500000,Module_A_cross_genus:Stenotrophomonas|NCBI:PP554396.1
PP554396.1,NZ_CP167870,Xanthomonas axonopodis,0,inferred_taxonomy,0.500000,Module_A_cross_genus:Stenotrophomonas|NCBI:PP554396.1
PP554396.1,NZ_CP118477,Xanthomonas citri,0,inferred_taxonomy,0.500000,Module_A_cross_genus:Stenotrophomonas|NCBI:PP554396.1
OP752703.1,NZ_CP150073,Xanthomonas oryzae pv. oryzae,0,inferred_taxonomy,0.500000,Module_A_cross_genus:Stenotrophomonas|NCBI:OP752703.1
OP752703.1,NZ_CP155977,Xanthomonas campestris pv. campestris,0,inferred_taxonomy,0.500000,Module_A_cross_genus:Stenotrophomonas|NCBI:OP752703.1
OP752703.1,NZ_CP167870,Xanthomonas axonopodis,0,inferred_taxonomy,0.500000,Module_A_cross_genus:Stenotrophomonas|NCBI:OP752703.1
OP752703.1,NZ_CP118477,Xanthomonas citri,0,inferred_taxonomy,0.500000,Module_A_cross_genus:Stenotrophomonas|NCBI:OP752703.1
PP079418.1,NZ_CP150073,Xanthomonas oryzae pv. oryzae,0,inferred_taxonomy,0.500000,Module_A_cross_genus:Stenotrophomonas|NCBI:PP079418.1
PP079418.1,NZ_CP155977,Xanthomonas campestris pv. campestris,0,inferred_taxonomy,0.500000,Module_A_cross_genus:Stenotrophomonas|NCBI:PP079418.1
PP079418.1,NZ_CP167870,Xanthomonas axonopodis,0,inferred_taxonomy,0.500000,Module_A_cross_genus:Stenotrophomonas|NCBI:PP079418.1
PP079418.1,NZ_CP118477,Xanthomonas citri,0,inferred_taxonomy,0.500000,Module_A_cross_genus:Stenotrophomonas|NCBI:PP079418.1
PP079417.1,NZ_CP150073,Xanthomonas oryzae pv. oryzae,0,inferred_taxonomy,0.500000,Module_A_cross_genus:Stenotrophomonas|NCBI:PP079417.1
PP179326.1,NZ_CP167870,Xanthomonas axonopodis,0,inferred_taxonomy,0.500000,Module_A_cross_genus:Stenotrophomonas|NCBI:PP179326.1
PP179326.1,NZ_CP150073,Xanthomonas oryzae pv. oryzae,0,inferred_taxonomy,0.500000,Module_A_cross_genus:Stenotrophomonas|NCBI:PP179326.1
PQ074228.1,NZ_CP150073,Xanthomonas oryzae pv. oryzae,0,inferred_taxonomy,0.500000,Module_A_cross_genus:Stenotrophomonas|NCBI:PQ074228.1
PP921743.1,NZ_CP155977,Xanthomonas campestris pv. campestris,0,inferred_taxonomy,0.500000,Module_A_cross_genus:Stenotrophomonas|NCBI:PP921743.1
PQ074228.1,NZ_CP155977,Xanthomonas campestris pv. campestris,0,inferred_taxonomy,0.500000,Module_A_cross_genus:Stenotrophomonas|NCBI:PQ074228.1
PQ074228.1,NZ_CP167870,Xanthomonas axonopodis,0,inferred_taxonomy,0.500000,Module_A_cross_genus:Stenotrophomonas|NCBI:PQ074228.1
PQ074228.1,NZ_CP118477,Xanthomonas citri,0,inferred_taxonomy,0.500000,Module_A_cross_genus:Stenotrophomonas|NCBI:PQ074228.1
PP921744.1,NZ_CP150073,Xanthomonas oryzae pv. oryzae,0,inferred_taxonomy,0.500000,Module_A_cross_genus:Stenotrophomonas|NCBI:PP921744.1
PP921744.1,NZ_CP155977,Xanthomonas campestris pv. campestris,0,inferred_taxonomy,0.500000,Module_A_cross_genus:Stenotrophomonas|NCBI:PP921744.1
PP921744.1,NZ_CP167870,Xanthomonas axonopodis,0,inferred_taxonomy,0.500000,Module_A_cross_genus:Stenotrophomonas|NCBI:PP921744.1
PP921744.1,NZ_CP118477,Xanthomonas citri,0,inferred_taxonomy,0.500000,Module_A_cross_genus:Stenotrophomonas|NCBI:PP921744.1
PQ111865.1,NZ_CP150073,Xanthomonas oryzae pv. oryzae,0,inferred_taxonomy,0.500000,Module_A_cross_genus:Stenotrophomonas|NCBI:PQ111865.1
PQ111865.1,NZ_CP155977,Xanthomonas campestris pv. campestris,0,inferred_taxonomy,0.500000,Module_A_cross_genus:Stenotrophomonas|NCBI:PQ111865.1
PQ111865.1,NZ_CP167870,Xanthomonas axonopodis,0,inferred_taxonomy,0.500000,Module_A_cross_genus:Stenotrophomonas|NCBI:PQ111865.1
PQ111865.1,NZ_CP118477,Xanthomonas citri,0,inferred_taxonomy,0.500000,Module_A_cross_genus:Stenotrophomonas|NCBI:PQ111865.1
PP921743.1,NZ_CP150073,Xanthomonas oryzae pv. oryzae,0,inferred_taxonomy,0.500000,Module_A_cross_genus:Stenotrophomonas|NCBI:PP921743.1
PP921743.1,NZ_CP167870,Xanthomonas axonopodis,0,inferred_taxonomy,0.500000,Module_A_cross_genus:Stenotrophomonas|NCBI:PP921743.1
PP179328.1,NZ_CP118477,Xanthomonas citri,0,inferred_taxonomy,0.500000,Module_A_cross_genus:Stenotrophomonas|NCBI:PP179328.1
PP921743.1,NZ_CP118477,Xanthomonas citri,0,inferred_taxonomy,0.500000,Module_A_cross_genus:Stenotrophomonas|NCBI:PP921743.1
PP932004.1,NZ_CP150073,Xanthomonas oryzae pv. oryzae,0,inferred_taxonomy,0.500000,Module_A_cross_genus:Stenotrophomonas|NCBI:PP932004.1
PP932004.1,NZ_CP155977,Xanthomonas campestris pv. campestris,0,inferred_taxonomy,0.500000,Module_A_cross_genus:Stenotrophomonas|NCBI:PP932004.1
PP932004.1,NZ_CP167870,Xanthomonas axonopodis,0,inferred_taxonomy,0.500000,Module_A_cross_genus:Stenotrophomonas|NCBI:PP932004.1
PP932004.1,NZ_CP118477,Xanthomonas citri,0,inferred_taxonomy,0.500000,Module_A_cross_genus:Stenotrophomonas|NCBI:PP932004.1
PP179329.1,NZ_CP150073,Xanthomonas oryzae pv. oryzae,0,inferred_taxonomy,0.500000,Module_A_cross_genus:Stenotrophomonas|NCBI:PP179329.1
PP179329.1,NZ_CP155977,Xanthomonas campestris pv. campestris,0,inferred_taxonomy,0.500000,Module_A_cross_genus:Stenotrophomonas|NCBI:PP179329.1
PP179329.1,NZ_CP167870,Xanthomonas axonopodis,0,inferred_taxonomy,0.500000,Module_A_cross_genus:Stenotrophomonas|NCBI:PP179329.1
PP179329.1,NZ_CP118477,Xanthomonas citri,0,inferred_taxonomy,0.500000,Module_A_cross_genus:Stenotrophomonas|NCBI:PP179329.1
PP179328.1,NZ_CP150073,Xanthomonas oryzae pv. oryzae,0,inferred_taxonomy,0.500000,Module_A_cross_genus:Stenotrophomonas|NCBI:PP179328.1
PP179328.1,NZ_CP155977,Xanthomonas campestris pv. campestris,0,inferred_taxonomy,0.500000,Module_A_cross_genus:Stenotrophomonas|NCBI:PP179328.1
PP179328.1,NZ_CP167870,Xanthomonas axonopodis,0,inferred_taxonomy,0.500000,Module_A_cross_genus:Stenotrophomonas|NCBI:PP179328.1
PQ498460.1,NZ_CP150073,Xanthomonas oryzae pv. oryzae,0,inferred_taxonomy,0.500000,Module_A_cross_genus:Stenotrophomonas|NCBI:PQ498460.1
PQ498461.1,NZ_CP118477,Xanthomonas citri,0,inferred_taxonomy,0.500000,Module_A_cross_genus:Stenotrophomonas|NCBI:PQ498461.1
PQ498461.1,NZ_CP167870,Xanthomonas axonopodis,0,inferred_taxonomy,0.500000,Module_A_cross_genus:Stenotrophomonas|NCBI:PQ498461.1
PX828564.1,NZ_CP150073,Xanthomonas oryzae pv. oryzae,0,inferred_taxonomy,0.500000,Module_A_cross_genus:Stenotrophomonas|NCBI:PX828564.1
PX963126.1,NZ_CP150073,Xanthomonas oryzae pv. oryzae,0,inferred_taxonomy,0.500000,Module_A_cross_genus:Stenotrophomonas|NCBI:PX963126.1
PX963126.1,NZ_CP155977,Xanthomonas campestris pv. campestris,0,inferred_taxonomy,0.500000,Module_A_cross_genus:Stenotrophomonas|NCBI:PX963126.1
PX963126.1,NZ_CP167870,Xanthomonas axonopodis,0,inferred_taxonomy,0.500000,Module_A_cross_genus:Stenotrophomonas|NCBI:PX963126.1
PX963126.1,NZ_CP118477,Xanthomonas citri,0,inferred_taxonomy,0.500000,Module_A_cross_genus:Stenotrophomonas|NCBI:PX963126.1
PX021331.1,NZ_CP150073,Xanthomonas oryzae pv. oryzae,0,inferred_taxonomy,0.500000,Module_A_cross_genus:Stenotrophomonas|NCBI:PX021331.1
PX021331.1,NZ_CP155977,Xanthomonas campestris pv. campestris,0,inferred_taxonomy,0.500000,Module_A_cross_genus:Stenotrophomonas|NCBI:PX021331.1
PX021331.1,NZ_CP167870,Xanthomonas axonopodis,0,inferred_taxonomy,0.500000,Module_A_cross_genus:Stenotrophomonas|NCBI:PX021331.1
PX021331.1,NZ_CP118477,Xanthomonas citri,0,inferred_taxonomy,0.500000,Module_A_cross_genus:Stenotrophomonas|NCBI:PX021331.1
PX872916.1,NZ_CP150073,Xanthomonas oryzae pv. oryzae,0,inferred_taxonomy,0.500000,Module_A_cross_genus:Stenotrophomonas|NCBI:PX872916.1
PX872916.1,NZ_CP155977,Xanthomonas campestris pv. campestris,0,inferred_taxonomy,0.500000,Module_A_cross_genus:Stenotrophomonas|NCBI:PX872916.1
PX872916.1,NZ_CP167870,Xanthomonas axonopodis,0,inferred_taxonomy,0.500000,Module_A_cross_genus:Stenotrophomonas|NCBI:PX872916.1
PX872916.1,NZ_CP118477,Xanthomonas citri,0,inferred_taxonomy,0.500000,Module_A_cross_genus:Stenotrophomonas|NCBI:PX872916.1
PX828564.1,NZ_CP155977,Xanthomonas campestris pv. campestris,0,inferred_taxonomy,0.500000,Module_A_cross_genus:Stenotrophomonas|NCBI:PX828564.1
PX963128.1,NZ_CP167870,Xanthomonas axonopodis,0,inferred_taxonomy,0.500000,Module_A_cross_genus:Stenotrophomonas|NCBI:PX963128.1
PX828564.1,NZ_CP167870,Xanthomonas axonopodis,0,inferred_taxonomy,0.500000,Module_A_cross_genus:Stenotrophomonas|NCBI:PX828564.1
PX828564.1,NZ_CP118477,Xanthomonas citri,0,inferred_taxonomy,0.500000,Module_A_cross_genus:Stenotrophomonas|NCBI:PX828564.1
PX828563.1,NZ_CP150073,Xanthomonas oryzae pv. oryzae,0,inferred_taxonomy,0.500000,Module_A_cross_genus:Stenotrophomonas|NCBI:PX828563.1
PX828563.1,NZ_CP155977,Xanthomonas campestris pv. campestris,0,inferred_taxonomy,0.500000,Module_A_cross_genus:Stenotrophomonas|NCBI:PX828563.1
PX828563.1,NZ_CP167870,Xanthomonas axonopodis,0,inferred_taxonomy,0.500000,Module_A_cross_genus:Stenotrophomonas|NCBI:PX828563.1
PX828563.1,NZ_CP118477,Xanthomonas citri,0,inferred_taxonomy,0.500000,Module_A_cross_genus:Stenotrophomonas|NCBI:PX828563.1
PX828562.1,NZ_CP150073,Xanthomonas oryzae pv. oryzae,0,inferred_taxonomy,0.500000,Module_A_cross_genus:Stenotrophomonas|NCBI:PX828562.1
PX828562.1,NZ_CP155977,Xanthomonas campestris pv. campestris,0,inferred_taxonomy,0.500000,Module_A_cross_genus:Stenotrophomonas|NCBI:PX828562.1
PX828562.1,NZ_CP167870,Xanthomonas axonopodis,0,inferred_taxonomy,0.500000,Module_A_cross_genus:Stenotrophomonas|NCBI:PX828562.1
PX828562.1,NZ_CP118477,Xanthomonas citri,0,inferred_taxonomy,0.500000,Module_A_cross_genus:Stenotrophomonas|NCBI:PX828562.1
PX828561.1,NZ_CP150073,Xanthomonas oryzae pv. oryzae,0,inferred_taxonomy,0.500000,Module_A_cross_genus:Stenotrophomonas|NCBI:PX828561.1
PX828561.1,NZ_CP155977,Xanthomonas campestris pv. campestris,0,inferred_taxonomy,0.500000,Module_A_cross_genus:Stenotrophomonas|NCBI:PX828561.1
PX963128.1,NZ_CP118477,Xanthomonas citri,0,inferred_taxonomy,0.500000,Module_A_cross_genus:Stenotrophomonas|NCBI:PX963128.1
PX963128.1,NZ_CP155977,Xanthomonas campestris pv. campestris,0,inferred_taxonomy,0.500000,Module_A_cross_genus:Stenotrophomonas|NCBI:PX963128.1
PQ498461.1,NZ_CP155977,Xanthomonas campestris pv. campestris,0,inferred_taxonomy,0.500000,Module_A_cross_genus:Stenotrophomonas|NCBI:PQ498461.1
PZ099256.1,NZ_CP167870,Xanthomonas axonopodis,0,inferred_taxonomy,0.500000,Module_A_cross_genus:Stenotrophomonas|NCBI:PZ099256.1
MT161386.1,NZ_CP167225,Xanthomonas campestris pv. vesicatoria,0,inferred_taxonomy,0.500000,Module_C_pv_inference|positive_host:Xanthomonas campestris pv. campestris
MZ345003.1,NZ_CP167225,Xanthomonas campestris pv. vesicatoria,0,inferred_taxonomy,0.500000,Module_C_pv_inference|positive_host:Xanthomonas campestris pv. campestris
MT119766.1,NZ_CP167225,Xanthomonas campestris pv. vesicatoria,0,inferred_taxonomy,0.500000,Module_C_pv_inference|positive_host:Xanthomonas campestris pv. campestris
NC_055838.1,NZ_CP167225,Xanthomonas campestris pv. vesicatoria,0,inferred_taxonomy,0.500000,Module_C_pv_inference|positive_host:Xanthomonas campestris pv. campestris
MT161383.1,NZ_CP167225,Xanthomonas campestris pv. vesicatoria,0,inferred_taxonomy,0.500000,Module_C_pv_inference|positive_host:Xanthomonas campestris pv. campestris
MT161381.1,NZ_CP167225,Xanthomonas campestris pv. vesicatoria,0,inferred_taxonomy,0.500000,Module_C_pv_inference|positive_host:Xanthomonas campestris pv. campestris
PV156121.1,NZ_CP150073,Xanthomonas oryzae pv. oryzae,0,inferred_taxonomy,0.500000,Module_A_cross_genus:Stenotrophomonas|NCBI:PV156121.1
PV156121.1,NZ_CP155977,Xanthomonas campestris pv. campestris,0,inferred_taxonomy,0.500000,Module_A_cross_genus:Stenotrophomonas|NCBI:PV156121.1
PV156121.1,NZ_CP167870,Xanthomonas axonopodis,0,inferred_taxonomy,0.500000,Module_A_cross_genus:Stenotrophomonas|NCBI:PV156121.1
PV156121.1,NZ_CP118477,Xanthomonas citri,0,inferred_taxonomy,0.500000,Module_A_cross_genus:Stenotrophomonas|NCBI:PV156121.1
PZ099256.1,NZ_CP150073,Xanthomonas oryzae pv. oryzae,0,inferred_taxonomy,0.500000,Module_A_cross_genus:Stenotrophomonas|NCBI:PZ099256.1
PZ099256.1,NZ_CP155977,Xanthomonas campestris pv. campestris,0,inferred_taxonomy,0.500000,Module_A_cross_genus:Stenotrophomonas|NCBI:PZ099256.1
PZ099256.1,NZ_CP118477,Xanthomonas citri,0,inferred_taxonomy,0.500000,Module_A_cross_genus:Stenotrophomonas|NCBI:PZ099256.1
PX963128.1,NZ_CP150073,Xanthomonas oryzae pv. oryzae,0,inferred_taxonomy,0.500000,Module_A_cross_genus:Stenotrophomonas|NCBI:PX963128.1
PX963132.1,NZ_CP150073,Xanthomonas oryzae pv. oryzae,0,inferred_taxonomy,0.500000,Module_A_cross_genus:Stenotrophomonas|NCBI:PX963132.1
PX963132.1,NZ_CP155977,Xanthomonas campestris pv. campestris,0,inferred_taxonomy,0.500000,Module_A_cross_genus:Stenotrophomonas|NCBI:PX963132.1
PX963132.1,NZ_CP167870,Xanthomonas axonopodis,0,inferred_taxonomy,0.500000,Module_A_cross_genus:Stenotrophomonas|NCBI:PX963132.1
PX963132.1,NZ_CP118477,Xanthomonas citri,0,inferred_taxonomy,0.500000,Module_A_cross_genus:Stenotrophomonas|NCBI:PX963132.1
PX963130.1,NZ_CP150073,Xanthomonas oryzae pv. oryzae,0,inferred_taxonomy,0.500000,Module_A_cross_genus:Stenotrophomonas|NCBI:PX963130.1
PX963130.1,NZ_CP155977,Xanthomonas campestris pv. campestris,0,inferred_taxonomy,0.500000,Module_A_cross_genus:Stenotrophomonas|NCBI:PX963130.1
PX963130.1,NZ_CP167870,Xanthomonas axonopodis,0,inferred_taxonomy,0.500000,Module_A_cross_genus:Stenotrophomonas|NCBI:PX963130.1
PX963130.1,NZ_CP118477,Xanthomonas citri,0,inferred_taxonomy,0.500000,Module_A_cross_genus:Stenotrophomonas|NCBI:PX963130.1
PX963129.1,NZ_CP150073,Xanthomonas oryzae pv. oryzae,0,inferred_taxonomy,0.500000,Module_A_cross_genus:Stenotrophomonas|NCBI:PX963129.1
PX963129.1,NZ_CP155977,Xanthomonas campestris pv. campestris,0,inferred_taxonomy,0.500000,Module_A_cross_genus:Stenotrophomonas|NCBI:PX963129.1
PX963129.1,NZ_CP167870,Xanthomonas axonopodis,0,inferred_taxonomy,0.500000,Module_A_cross_genus:Stenotrophomonas|NCBI:PX963129.1
PX963129.1,NZ_CP118477,Xanthomonas citri,0,inferred_taxonomy,0.500000,Module_A_cross_genus:Stenotrophomonas|NCBI:PX963129.1
PX828561.1,NZ_CP167870,Xanthomonas axonopodis,0,inferred_taxonomy,0.500000,Module_A_cross_genus:Stenotrophomonas|NCBI:PX828561.1
PX828561.1,NZ_CP118477,Xanthomonas citri,0,inferred_taxonomy,0.500000,Module_A_cross_genus:Stenotrophomonas|NCBI:PX828561.1
PX789330.1,NZ_CP150073,Xanthomonas oryzae pv. oryzae,0,inferred_taxonomy,0.500000,Module_A_cross_genus:Stenotrophomonas|NCBI:PX789330.1
PQ358089.1,NZ_CP118477,Xanthomonas citri,0,inferred_taxonomy,0.500000,Module_A_cross_genus:Stenotrophomonas|NCBI:PQ358089.1
PV130725.1,NZ_CP118477,Xanthomonas citri,0,inferred_taxonomy,0.500000,Module_A_cross_genus:Stenotrophomonas|NCBI:PV130725.1
PV130724.1,NZ_CP150073,Xanthomonas oryzae pv. oryzae,0,inferred_taxonomy,0.500000,Module_A_cross_genus:Stenotrophomonas|NCBI:PV130724.1
PV130724.1,NZ_CP155977,Xanthomonas campestris pv. campestris,0,inferred_taxonomy,0.500000,Module_A_cross_genus:Stenotrophomonas|NCBI:PV130724.1
PV130724.1,NZ_CP167870,Xanthomonas axonopodis,0,inferred_taxonomy,0.500000,Module_A_cross_genus:Stenotrophomonas|NCBI:PV130724.1
PV130724.1,NZ_CP118477,Xanthomonas citri,0,inferred_taxonomy,0.500000,Module_A_cross_genus:Stenotrophomonas|NCBI:PV130724.1
PV130723.1,NZ_CP150073,Xanthomonas oryzae pv. oryzae,0,inferred_taxonomy,0.500000,Module_A_cross_genus:Stenotrophomonas|NCBI:PV130723.1
PV130723.1,NZ_CP155977,Xanthomonas campestris pv. campestris,0,inferred_taxonomy,0.500000,Module_A_cross_genus:Stenotrophomonas|NCBI:PV130723.1
PV130723.1,NZ_CP167870,Xanthomonas axonopodis,0,inferred_taxonomy,0.500000,Module_A_cross_genus:Stenotrophomonas|NCBI:PV130723.1
PV130723.1,NZ_CP118477,Xanthomonas citri,0,inferred_taxonomy,0.500000,Module_A_cross_genus:Stenotrophomonas|NCBI:PV130723.1
PQ358089.1,NZ_CP150073,Xanthomonas oryzae pv. oryzae,0,inferred_taxonomy,0.500000,Module_A_cross_genus:Stenotrophomonas|NCBI:PQ358089.1
PQ358089.1,NZ_CP155977,Xanthomonas campestris pv. campestris,0,inferred_taxonomy,0.500000,Module_A_cross_genus:Stenotrophomonas|NCBI:PQ358089.1
PQ358089.1,NZ_CP167870,Xanthomonas axonopodis,0,inferred_taxonomy,0.500000,Module_A_cross_genus:Stenotrophomonas|NCBI:PQ358089.1
PV224507.1,NZ_CP150073,Xanthomonas oryzae pv. oryzae,0,inferred_taxonomy,0.500000,Module_A_cross_genus:Stenotrophomonas|NCBI:PV224507.1
PX789330.1,NZ_CP155977,Xanthomonas campestris pv. campestris,0,inferred_taxonomy,0.500000,Module_A_cross_genus:Stenotrophomonas|NCBI:PX789330.1
PV224507.1,NZ_CP155977,Xanthomonas campestris pv. campestris,0,inferred_taxonomy,0.500000,Module_A_cross_genus:Stenotrophomonas|NCBI:PV224507.1
PV224507.1,NZ_CP167870,Xanthomonas axonopodis,0,inferred_taxonomy,0.500000,Module_A_cross_genus:Stenotrophomonas|NCBI:PV224507.1
PV224507.1,NZ_CP118477,Xanthomonas citri,0,inferred_taxonomy,0.500000,Module_A_cross_genus:Stenotrophomonas|NCBI:PV224507.1
PQ571296.1,NZ_CP150073,Xanthomonas oryzae pv. oryzae,0,inferred_taxonomy,0.500000,Module_A_cross_genus:Stenotrophomonas|NCBI:PQ571296.1
PQ571296.1,NZ_CP155977,Xanthomonas campestris pv. campestris,0,inferred_taxonomy,0.500000,Module_A_cross_genus:Stenotrophomonas|NCBI:PQ571296.1
PQ571296.1,NZ_CP167870,Xanthomonas axonopodis,0,inferred_taxonomy,0.500000,Module_A_cross_genus:Stenotrophomonas|NCBI:PQ571296.1
PQ571296.1,NZ_CP118477,Xanthomonas citri,0,inferred_taxonomy,0.500000,Module_A_cross_genus:Stenotrophomonas|NCBI:PQ571296.1
PQ498462.1,NZ_CP150073,Xanthomonas oryzae pv. oryzae,0,inferred_taxonomy,0.500000,Module_A_cross_genus:Stenotrophomonas|NCBI:PQ498462.1
PQ498462.1,NZ_CP155977,Xanthomonas campestris pv. campestris,0,inferred_taxonomy,0.500000,Module_A_cross_genus:Stenotrophomonas|NCBI:PQ498462.1
PQ498462.1,NZ_CP167870,Xanthomonas axonopodis,0,inferred_taxonomy,0.500000,Module_A_cross_genus:Stenotrophomonas|NCBI:PQ498462.1
PQ498462.1,NZ_CP118477,Xanthomonas citri,0,inferred_taxonomy,0.500000,Module_A_cross_genus:Stenotrophomonas|NCBI:PQ498462.1
PQ498461.1,NZ_CP150073,Xanthomonas oryzae pv. oryzae,0,inferred_taxonomy,0.500000,Module_A_cross_genus:Stenotrophomonas|NCBI:PQ498461.1
PV130725.1,NZ_CP167870,Xanthomonas axonopodis,0,inferred_taxonomy,0.500000,Module_A_cross_genus:Stenotrophomonas|NCBI:PV130725.1
PV130725.1,NZ_CP155977,Xanthomonas campestris pv. campestris,0,inferred_taxonomy,0.500000,Module_A_cross_genus:Stenotrophomonas|NCBI:PV130725.1
PV130725.1,NZ_CP150073,Xanthomonas oryzae pv. oryzae,0,inferred_taxonomy,0.500000,Module_A_cross_genus:Stenotrophomonas|NCBI:PV130725.1
PV130726.1,NZ_CP118477,Xanthomonas citri,0,inferred_taxonomy,0.500000,Module_A_cross_genus:Stenotrophomonas|NCBI:PV130726.1
PX789330.1,NZ_CP167870,Xanthomonas axonopodis,0,inferred_taxonomy,0.500000,Module_A_cross_genus:Stenotrophomonas|NCBI:PX789330.1
PX789330.1,NZ_CP118477,Xanthomonas citri,0,inferred_taxonomy,0.500000,Module_A_cross_genus:Stenotrophomonas|NCBI:PX789330.1
PX725649.1,NZ_CP150073,Xanthomonas oryzae pv. oryzae,0,inferred_taxonomy,0.500000,Module_A_cross_genus:Stenotrophomonas|NCBI:PX725649.1
PX725649.1,NZ_CP155977,Xanthomonas campestris pv. campestris,0,inferred_taxonomy,0.500000,Module_A_cross_genus:Stenotrophomonas|NCBI:PX725649.1
PX725649.1,NZ_CP167870,Xanthomonas axonopodis,0,inferred_taxonomy,0.500000,Module_A_cross_genus:Stenotrophomonas|NCBI:PX725649.1
PX725649.1,NZ_CP118477,Xanthomonas citri,0,inferred_taxonomy,0.500000,Module_A_cross_genus:Stenotrophomonas|NCBI:PX725649.1
PX680748.1,NZ_CP150073,Xanthomonas oryzae pv. oryzae,0,inferred_taxonomy,0.500000,Module_A_cross_genus:Stenotrophomonas|NCBI:PX680748.1
PX680748.1,NZ_CP155977,Xanthomonas campestris pv. campestris,0,inferred_taxonomy,0.500000,Module_A_cross_genus:Stenotrophomonas|NCBI:PX680748.1
PX680748.1,NZ_CP167870,Xanthomonas axonopodis,0,inferred_taxonomy,0.500000,Module_A_cross_genus:Stenotrophomonas|NCBI:PX680748.1
PX680748.1,NZ_CP118477,Xanthomonas citri,0,inferred_taxonomy,0.500000,Module_A_cross_genus:Stenotrophomonas|NCBI:PX680748.1
PX680747.1,NZ_CP150073,Xanthomonas oryzae pv. oryzae,0,inferred_taxonomy,0.500000,Module_A_cross_genus:Stenotrophomonas|NCBI:PX680747.1
PX680747.1,NZ_CP155977,Xanthomonas campestris pv. campestris,0,inferred_taxonomy,0.500000,Module_A_cross_genus:Stenotrophomonas|NCBI:PX680747.1
PX680747.1,NZ_CP167870,Xanthomonas axonopodis,0,inferred_taxonomy,0.500000,Module_A_cross_genus:Stenotrophomonas|NCBI:PX680747.1
PX680747.1,NZ_CP118477,Xanthomonas citri,0,inferred_taxonomy,0.500000,Module_A_cross_genus:Stenotrophomonas|NCBI:PX680747.1
PX505723.1,NZ_CP150073,Xanthomonas oryzae pv. oryzae,0,inferred_taxonomy,0.500000,Module_A_cross_genus:Stenotrophomonas|NCBI:PX505723.1
PX505723.1,NZ_CP155977,Xanthomonas campestris pv. campestris,0,inferred_taxonomy,0.500000,Module_A_cross_genus:Stenotrophomonas|NCBI:PX505723.1
PX505723.1,NZ_CP167870,Xanthomonas axonopodis,0,inferred_taxonomy,0.500000,Module_A_cross_genus:Stenotrophomonas|NCBI:PX505723.1
PX505723.1,NZ_CP118477,Xanthomonas citri,0,inferred_taxonomy,0.500000,Module_A_cross_genus:Stenotrophomonas|NCBI:PX505723.1
PV714881.1,NZ_CP150073,Xanthomonas oryzae pv. oryzae,0,inferred_taxonomy,0.500000,Module_A_cross_genus:Stenotrophomonas|NCBI:PV714881.1
PV714881.1,NZ_CP155977,Xanthomonas campestris pv. campestris,0,inferred_taxonomy,0.500000,Module_A_cross_genus:Stenotrophomonas|NCBI:PV714881.1
PV714881.1,NZ_CP167870,Xanthomonas axonopodis,0,inferred_taxonomy,0.500000,Module_A_cross_genus:Stenotrophomonas|NCBI:PV714881.1
PV714881.1,NZ_CP118477,Xanthomonas citri,0,inferred_taxonomy,0.500000,Module_A_cross_genus:Stenotrophomonas|NCBI:PV714881.1
PV130726.1,NZ_CP150073,Xanthomonas oryzae pv. oryzae,0,inferred_taxonomy,0.500000,Module_A_cross_genus:Stenotrophomonas|NCBI:PV130726.1
PV130726.1,NZ_CP155977,Xanthomonas campestris pv. campestris,0,inferred_taxonomy,0.500000,Module_A_cross_genus:Stenotrophomonas|NCBI:PV130726.1
PV130726.1,NZ_CP167870,Xanthomonas axonopodis,0,inferred_taxonomy,0.500000,Module_A_cross_genus:Stenotrophomonas|NCBI:PV130726.1
PP079417.1,NZ_CP155977,Xanthomonas campestris pv. campestris,0,inferred_taxonomy,0.500000,Module_A_cross_genus:Stenotrophomonas|NCBI:PP079417.1
PP079417.1,NZ_CP167870,Xanthomonas axonopodis,0,inferred_taxonomy,0.500000,Module_A_cross_genus:Stenotrophomonas|NCBI:PP079417.1
PP079417.1,NZ_CP118477,Xanthomonas citri,0,inferred_taxonomy,0.500000,Module_A_cross_genus:Stenotrophomonas|NCBI:PP079417.1
NC_014765.1,NZ_CP167870,Xanthomonas axonopodis,0,inferred_taxonomy,0.500000,Module_A_cross_genus:Xylella|NCBI:NC_014765.1
NC_029075.1,NZ_CP167870,Xanthomonas axonopodis,0,inferred_taxonomy,0.500000,Module_A_cross_genus:Xylella|NCBI:NC_029075.1
NC_029075.1,NZ_CP118477,Xanthomonas citri,0,inferred_taxonomy,0.500000,Module_A_cross_genus:Xylella|NCBI:NC_029075.1
NC_022987.1,NZ_CP150073,Xanthomonas oryzae pv. oryzae,0,inferred_taxonomy,0.500000,Module_A_cross_genus:Xylella|NCBI:NC_022987.1
NC_022987.1,NZ_CP155977,Xanthomonas campestris pv. campestris,0,inferred_taxonomy,0.500000,Module_A_cross_genus:Xylella|NCBI:NC_022987.1
NC_022987.1,NZ_CP167870,Xanthomonas axonopodis,0,inferred_taxonomy,0.500000,Module_A_cross_genus:Xylella|NCBI:NC_022987.1
NC_022987.1,NZ_CP118477,Xanthomonas citri,0,inferred_taxonomy,0.500000,Module_A_cross_genus:Xylella|NCBI:NC_022987.1
NC_022982.1,NZ_CP150073,Xanthomonas oryzae pv. oryzae,0,inferred_taxonomy,0.500000,Module_A_cross_genus:Xylella|NCBI:NC_022982.1
NC_022982.1,NZ_CP155977,Xanthomonas campestris pv. campestris,0,inferred_taxonomy,0.500000,Module_A_cross_genus:Xylella|NCBI:NC_022982.1
NC_022982.1,NZ_CP167870,Xanthomonas axonopodis,0,inferred_taxonomy,0.500000,Module_A_cross_genus:Xylella|NCBI:NC_022982.1
PX853812.1,NZ_CP167870,Xanthomonas axonopodis,0,inferred_taxonomy,0.500000,Module_A_cross_genus:Escherichia|NCBI:PX853812.1
NC_014765.1,NZ_CP150073,Xanthomonas oryzae pv. oryzae,0,inferred_taxonomy,0.500000,Module_A_cross_genus:Xylella|NCBI:NC_014765.1
NC_014765.1,NZ_CP155977,Xanthomonas campestris pv. campestris,0,inferred_taxonomy,0.500000,Module_A_cross_genus:Xylella|NCBI:NC_014765.1
NC_014765.1,NZ_CP118477,Xanthomonas citri,0,inferred_taxonomy,0.500000,Module_A_cross_genus:Xylella|NCBI:NC_014765.1
NC_029075.1,NZ_CP150073,Xanthomonas oryzae pv. oryzae,0,inferred_taxonomy,0.500000,Module_A_cross_genus:Xylella|NCBI:NC_029075.1
NC_013599.1,NZ_CP150073,Xanthomonas oryzae pv. oryzae,0,inferred_taxonomy,0.500000,Module_A_cross_genus:Xylella|NCBI:NC_013599.1
NC_013599.1,NZ_CP155977,Xanthomonas campestris pv. campestris,0,inferred_taxonomy,0.500000,Module_A_cross_genus:Xylella|NCBI:NC_013599.1
NC_013599.1,NZ_CP167870,Xanthomonas axonopodis,0,inferred_taxonomy,0.500000,Module_A_cross_genus:Xylella|NCBI:NC_013599.1
NC_013599.1,NZ_CP118477,Xanthomonas citri,0,inferred_taxonomy,0.500000,Module_A_cross_genus:Xylella|NCBI:NC_013599.1
NC_009603.1,NZ_CP150073,Xanthomonas oryzae pv. oryzae,0,inferred_taxonomy,0.500000,Module_A_cross_genus:Xylella|NCBI:NC_009603.1
NC_009603.1,NZ_CP155977,Xanthomonas campestris pv. campestris,0,inferred_taxonomy,0.500000,Module_A_cross_genus:Xylella|NCBI:NC_009603.1
NC_009603.1,NZ_CP167870,Xanthomonas axonopodis,0,inferred_taxonomy,0.500000,Module_A_cross_genus:Xylella|NCBI:NC_009603.1
NC_009603.1,NZ_CP118477,Xanthomonas citri,0,inferred_taxonomy,0.500000,Module_A_cross_genus:Xylella|NCBI:NC_009603.1
NC_004456.1,NZ_CP150073,Xanthomonas oryzae pv. oryzae,0,inferred_taxonomy,0.500000,Module_A_cross_genus:Xylella|NCBI:NC_004456.1
NC_004456.1,NZ_CP155977,Xanthomonas campestris pv. campestris,0,inferred_taxonomy,0.500000,Module_A_cross_genus:Xylella|NCBI:NC_004456.1
NC_004456.1,NZ_CP167870,Xanthomonas axonopodis,0,inferred_taxonomy,0.500000,Module_A_cross_genus:Xylella|NCBI:NC_004456.1
NC_004456.1,NZ_CP118477,Xanthomonas citri,0,inferred_taxonomy,0.500000,Module_A_cross_genus:Xylella|NCBI:NC_004456.1
NC_029075.1,NZ_CP155977,Xanthomonas campestris pv. campestris,0,inferred_taxonomy,0.500000,Module_A_cross_genus:Xylella|NCBI:NC_029075.1
NC_042344.1,NZ_CP118477,Xanthomonas citri,0,inferred_taxonomy,0.500000,Module_A_cross_genus:Xylella|NCBI:NC_042344.1
NC_049463.1,NZ_CP167870,Xanthomonas axonopodis,0,inferred_taxonomy,0.500000,Module_A_cross_genus:Xylella|NCBI:NC_049463.1
NC_048771.1,NZ_CP150073,Xanthomonas oryzae pv. oryzae,0,inferred_taxonomy,0.500000,Module_A_cross_genus:Xylella|NCBI:NC_048771.1
NC_006565.1,NZ_CP150073,Xanthomonas oryzae pv. oryzae,0,inferred_taxonomy,0.500000,Module_A_cross_genus:Xylella|NCBI:NC_006565.1
NC_006565.1,NZ_CP155977,Xanthomonas campestris pv. campestris,0,inferred_taxonomy,0.500000,Module_A_cross_genus:Xylella|NCBI:NC_006565.1
NC_006565.1,NZ_CP167870,Xanthomonas axonopodis,0,inferred_taxonomy,0.500000,Module_A_cross_genus:Xylella|NCBI:NC_006565.1
NC_006565.1,NZ_CP118477,Xanthomonas citri,0,inferred_taxonomy,0.500000,Module_A_cross_genus:Xylella|NCBI:NC_006565.1
NC_005178.1,NZ_CP150073,Xanthomonas oryzae pv. oryzae,0,inferred_taxonomy,0.500000,Module_A_cross_genus:Xylella|NCBI:NC_005178.1
NC_005178.1,NZ_CP155977,Xanthomonas campestris pv. campestris,0,inferred_taxonomy,0.500000,Module_A_cross_genus:Xylella|NCBI:NC_005178.1
NC_005178.1,NZ_CP167870,Xanthomonas axonopodis,0,inferred_taxonomy,0.500000,Module_A_cross_genus:Xylella|NCBI:NC_005178.1
NC_005178.1,NZ_CP118477,Xanthomonas citri,0,inferred_taxonomy,0.500000,Module_A_cross_genus:Xylella|NCBI:NC_005178.1
NC_003309.1,NZ_CP150073,Xanthomonas oryzae pv. oryzae,0,inferred_taxonomy,0.500000,Module_A_cross_genus:Xylella|NCBI:NC_003309.1
NC_003309.1,NZ_CP155977,Xanthomonas campestris pv. campestris,0,inferred_taxonomy,0.500000,Module_A_cross_genus:Xylella|NCBI:NC_003309.1
NC_003309.1,NZ_CP167870,Xanthomonas axonopodis,0,inferred_taxonomy,0.500000,Module_A_cross_genus:Xylella|NCBI:NC_003309.1
NC_003309.1,NZ_CP118477,Xanthomonas citri,0,inferred_taxonomy,0.500000,Module_A_cross_genus:Xylella|NCBI:NC_003309.1
NC_048771.1,NZ_CP155977,Xanthomonas campestris pv. campestris,0,inferred_taxonomy,0.500000,Module_A_cross_genus:Xylella|NCBI:NC_048771.1
NC_042344.1,NZ_CP167870,Xanthomonas axonopodis,0,inferred_taxonomy,0.500000,Module_A_cross_genus:Xylella|NCBI:NC_042344.1
NC_048771.1,NZ_CP167870,Xanthomonas axonopodis,0,inferred_taxonomy,0.500000,Module_A_cross_genus:Xylella|NCBI:NC_048771.1
NC_048771.1,NZ_CP118477,Xanthomonas citri,0,inferred_taxonomy,0.500000,Module_A_cross_genus:Xylella|NCBI:NC_048771.1
NC_005833.1,NZ_CP150073,Xanthomonas oryzae pv. oryzae,0,inferred_taxonomy,0.500000,Module_A_cross_genus:Xylella|NCBI:NC_005833.1
NC_005833.1,NZ_CP155977,Xanthomonas campestris pv. campestris,0,inferred_taxonomy,0.500000,Module_A_cross_genus:Xylella|NCBI:NC_005833.1
NC_005833.1,NZ_CP167870,Xanthomonas axonopodis,0,inferred_taxonomy,0.500000,Module_A_cross_genus:Xylella|NCBI:NC_005833.1
NC_005833.1,NZ_CP118477,Xanthomonas citri,0,inferred_taxonomy,0.500000,Module_A_cross_genus:Xylella|NCBI:NC_005833.1
NC_042345.1,NZ_CP150073,Xanthomonas oryzae pv. oryzae,0,inferred_taxonomy,0.500000,Module_A_cross_genus:Xylella|NCBI:NC_042345.1
NC_042345.1,NZ_CP155977,Xanthomonas campestris pv. campestris,0,inferred_taxonomy,0.500000,Module_A_cross_genus:Xylella|NCBI:NC_042345.1
NC_042345.1,NZ_CP167870,Xanthomonas axonopodis,0,inferred_taxonomy,0.500000,Module_A_cross_genus:Xylella|NCBI:NC_042345.1
NC_042345.1,NZ_CP118477,Xanthomonas citri,0,inferred_taxonomy,0.500000,Module_A_cross_genus:Xylella|NCBI:NC_042345.1
NC_042344.1,NZ_CP150073,Xanthomonas oryzae pv. oryzae,0,inferred_taxonomy,0.500000,Module_A_cross_genus:Xylella|NCBI:NC_042344.1
NC_042344.1,NZ_CP155977,Xanthomonas campestris pv. campestris,0,inferred_taxonomy,0.500000,Module_A_cross_genus:Xylella|NCBI:NC_042344.1
NC_004313.1,NZ_CP150073,Xanthomonas oryzae pv. oryzae,0,inferred_taxonomy,0.500000,Module_A_cross_genus:Xylella|NCBI:NC_004313.1
NC_004313.1,NZ_CP155977,Xanthomonas campestris pv. campestris,0,inferred_taxonomy,0.500000,Module_A_cross_genus:Xylella|NCBI:NC_004313.1
NC_004313.1,NZ_CP167870,Xanthomonas axonopodis,0,inferred_taxonomy,0.500000,Module_A_cross_genus:Xylella|NCBI:NC_004313.1
PX854772.1,NZ_CP155977,Xanthomonas campestris pv. campestris,0,inferred_taxonomy,0.500000,Module_A_cross_genus:Pseudomonas|NCBI:PX854772.1
PZ193109.1,NZ_CP155977,Xanthomonas campestris pv. campestris,0,inferred_taxonomy,0.500000,Module_A_cross_genus:Pseudomonas|NCBI:PZ193109.1
PZ193109.1,NZ_CP167870,Xanthomonas axonopodis,0,inferred_taxonomy,0.500000,Module_A_cross_genus:Pseudomonas|NCBI:PZ193109.1
PZ193109.1,NZ_CP118477,Xanthomonas citri,0,inferred_taxonomy,0.500000,Module_A_cross_genus:Pseudomonas|NCBI:PZ193109.1
PX969074.1,NZ_CP150073,Xanthomonas oryzae pv. oryzae,0,inferred_taxonomy,0.500000,Module_A_cross_genus:Pseudomonas|NCBI:PX969074.1
PX969074.1,NZ_CP155977,Xanthomonas campestris pv. campestris,0,inferred_taxonomy,0.500000,Module_A_cross_genus:Pseudomonas|NCBI:PX969074.1
PX969074.1,NZ_CP167870,Xanthomonas axonopodis,0,inferred_taxonomy,0.500000,Module_A_cross_genus:Pseudomonas|NCBI:PX969074.1
PX969074.1,NZ_CP118477,Xanthomonas citri,0,inferred_taxonomy,0.500000,Module_A_cross_genus:Pseudomonas|NCBI:PX969074.1
PX969073.1,NZ_CP150073,Xanthomonas oryzae pv. oryzae,0,inferred_taxonomy,0.500000,Module_A_cross_genus:Pseudomonas|NCBI:PX969073.1
PX969073.1,NZ_CP155977,Xanthomonas campestris pv. campestris,0,inferred_taxonomy,0.500000,Module_A_cross_genus:Pseudomonas|NCBI:PX969073.1
PX969073.1,NZ_CP167870,Xanthomonas axonopodis,0,inferred_taxonomy,0.500000,Module_A_cross_genus:Pseudomonas|NCBI:PX969073.1
PX969073.1,NZ_CP118477,Xanthomonas citri,0,inferred_taxonomy,0.500000,Module_A_cross_genus:Pseudomonas|NCBI:PX969073.1
PX854772.1,NZ_CP150073,Xanthomonas oryzae pv. oryzae,0,inferred_taxonomy,0.500000,Module_A_cross_genus:Pseudomonas|NCBI:PX854772.1
PX854772.1,NZ_CP167870,Xanthomonas axonopodis,0,inferred_taxonomy,0.500000,Module_A_cross_genus:Pseudomonas|NCBI:PX854772.1
NC_004313.1,NZ_CP118477,Xanthomonas citri,0,inferred_taxonomy,0.500000,Module_A_cross_genus:Xylella|NCBI:NC_004313.1
PX854772.1,NZ_CP118477,Xanthomonas citri,0,inferred_taxonomy,0.500000,Module_A_cross_genus:Pseudomonas|NCBI:PX854772.1
PQ821891.1,NZ_CP150073,Xanthomonas oryzae pv. oryzae,0,inferred_taxonomy,0.500000,Module_A_cross_genus:Pseudomonas|NCBI:PQ821891.1
PQ821891.1,NZ_CP155977,Xanthomonas campestris pv. campestris,0,inferred_taxonomy,0.500000,Module_A_cross_genus:Pseudomonas|NCBI:PQ821891.1
PQ821891.1,NZ_CP167870,Xanthomonas axonopodis,0,inferred_taxonomy,0.500000,Module_A_cross_genus:Pseudomonas|NCBI:PQ821891.1
PQ821891.1,NZ_CP118477,Xanthomonas citri,0,inferred_taxonomy,0.500000,Module_A_cross_genus:Pseudomonas|NCBI:PQ821891.1
PX418226.1,NZ_CP150073,Xanthomonas oryzae pv. oryzae,0,inferred_taxonomy,0.500000,Module_A_cross_genus:Pseudomonas|NCBI:PX418226.1
PX418226.1,NZ_CP155977,Xanthomonas campestris pv. campestris,0,inferred_taxonomy,0.500000,Module_A_cross_genus:Pseudomonas|NCBI:PX418226.1
PX418226.1,NZ_CP167870,Xanthomonas axonopodis,0,inferred_taxonomy,0.500000,Module_A_cross_genus:Pseudomonas|NCBI:PX418226.1
PX418226.1,NZ_CP118477,Xanthomonas citri,0,inferred_taxonomy,0.500000,Module_A_cross_genus:Pseudomonas|NCBI:PX418226.1
PX418225.1,NZ_CP150073,Xanthomonas oryzae pv. oryzae,0,inferred_taxonomy,0.500000,Module_A_cross_genus:Pseudomonas|NCBI:PX418225.1
PX418225.1,NZ_CP155977,Xanthomonas campestris pv. campestris,0,inferred_taxonomy,0.500000,Module_A_cross_genus:Pseudomonas|NCBI:PX418225.1
PX418225.1,NZ_CP167870,Xanthomonas axonopodis,0,inferred_taxonomy,0.500000,Module_A_cross_genus:Pseudomonas|NCBI:PX418225.1
PZ193109.1,NZ_CP150073,Xanthomonas oryzae pv. oryzae,0,inferred_taxonomy,0.500000,Module_A_cross_genus:Pseudomonas|NCBI:PZ193109.1
PX596716.1,NZ_CP118477,Xanthomonas citri,0,inferred_taxonomy,0.500000,Module_A_cross_genus:Pseudomonas|NCBI:PX596716.1
PX596716.1,NZ_CP167870,Xanthomonas axonopodis,0,inferred_taxonomy,0.500000,Module_A_cross_genus:Pseudomonas|NCBI:PX596716.1
PX596716.1,NZ_CP155977,Xanthomonas campestris pv. campestris,0,inferred_taxonomy,0.500000,Module_A_cross_genus:Pseudomonas|NCBI:PX596716.1
AY394005.1,NZ_CP150073,Xanthomonas oryzae pv. oryzae,0,inferred_taxonomy,0.500000,Module_A_cross_genus:Xylella|NCBI:AY394005.1
AY394005.1,NZ_CP155977,Xanthomonas campestris pv. campestris,0,inferred_taxonomy,0.500000,Module_A_cross_genus:Xylella|NCBI:AY394005.1
AY394005.1,NZ_CP167870,Xanthomonas axonopodis,0,inferred_taxonomy,0.500000,Module_A_cross_genus:Xylella|NCBI:AY394005.1
AY394005.1,NZ_CP118477,Xanthomonas citri,0,inferred_taxonomy,0.500000,Module_A_cross_genus:Xylella|NCBI:AY394005.1
AY682195.1,NZ_CP150073,Xanthomonas oryzae pv. oryzae,0,inferred_taxonomy,0.500000,Module_A_cross_genus:Xylella|NCBI:AY682195.1
AY682195.1,NZ_CP155977,Xanthomonas campestris pv. campestris,0,inferred_taxonomy,0.500000,Module_A_cross_genus:Xylella|NCBI:AY682195.1
AY682195.1,NZ_CP167870,Xanthomonas axonopodis,0,inferred_taxonomy,0.500000,Module_A_cross_genus:Xylella|NCBI:AY682195.1
AY682195.1,NZ_CP118477,Xanthomonas citri,0,inferred_taxonomy,0.500000,Module_A_cross_genus:Xylella|NCBI:AY682195.1
PZ232053.1,NZ_CP150073,Xanthomonas oryzae pv. oryzae,0,inferred_taxonomy,0.500000,Module_A_cross_genus:Pseudomonas|NCBI:PZ232053.1
PZ232053.1,NZ_CP155977,Xanthomonas campestris pv. campestris,0,inferred_taxonomy,0.500000,Module_A_cross_genus:Pseudomonas|NCBI:PZ232053.1
PZ232053.1,NZ_CP167870,Xanthomonas axonopodis,0,inferred_taxonomy,0.500000,Module_A_cross_genus:Pseudomonas|NCBI:PZ232053.1
PZ232053.1,NZ_CP118477,Xanthomonas citri,0,inferred_taxonomy,0.500000,Module_A_cross_genus:Pseudomonas|NCBI:PZ232053.1
PZ226540.1,NZ_CP150073,Xanthomonas oryzae pv. oryzae,0,inferred_taxonomy,0.500000,Module_A_cross_genus:Pseudomonas|NCBI:PZ226540.1
PZ226540.1,NZ_CP155977,Xanthomonas campestris pv. campestris,0,inferred_taxonomy,0.500000,Module_A_cross_genus:Pseudomonas|NCBI:PZ226540.1
PZ226540.1,NZ_CP167870,Xanthomonas axonopodis,0,inferred_taxonomy,0.500000,Module_A_cross_genus:Pseudomonas|NCBI:PZ226540.1
PZ226540.1,NZ_CP118477,Xanthomonas citri,0,inferred_taxonomy,0.500000,Module_A_cross_genus:Pseudomonas|NCBI:PZ226540.1
PZ226539.1,NZ_CP150073,Xanthomonas oryzae pv. oryzae,0,inferred_taxonomy,0.500000,Module_A_cross_genus:Pseudomonas|NCBI:PZ226539.1
PZ226539.1,NZ_CP155977,Xanthomonas campestris pv. campestris,0,inferred_taxonomy,0.500000,Module_A_cross_genus:Pseudomonas|NCBI:PZ226539.1
PZ226539.1,NZ_CP167870,Xanthomonas axonopodis,0,inferred_taxonomy,0.500000,Module_A_cross_genus:Pseudomonas|NCBI:PZ226539.1
PZ226539.1,NZ_CP118477,Xanthomonas citri,0,inferred_taxonomy,0.500000,Module_A_cross_genus:Pseudomonas|NCBI:PZ226539.1
PX951411.1,NZ_CP150073,Xanthomonas oryzae pv. oryzae,0,inferred_taxonomy,0.500000,Module_A_cross_genus:Pseudomonas|NCBI:PX951411.1
PX951411.1,NZ_CP155977,Xanthomonas campestris pv. campestris,0,inferred_taxonomy,0.500000,Module_A_cross_genus:Pseudomonas|NCBI:PX951411.1
PX951411.1,NZ_CP167870,Xanthomonas axonopodis,0,inferred_taxonomy,0.500000,Module_A_cross_genus:Pseudomonas|NCBI:PX951411.1
PX951411.1,NZ_CP118477,Xanthomonas citri,0,inferred_taxonomy,0.500000,Module_A_cross_genus:Pseudomonas|NCBI:PX951411.1
PX596716.1,NZ_CP150073,Xanthomonas oryzae pv. oryzae,0,inferred_taxonomy,0.500000,Module_A_cross_genus:Pseudomonas|NCBI:PX596716.1
NC_049463.1,NZ_CP118477,Xanthomonas citri,0,inferred_taxonomy,0.500000,Module_A_cross_genus:Xylella|NCBI:NC_049463.1
NC_049463.1,NZ_CP155977,Xanthomonas campestris pv. campestris,0,inferred_taxonomy,0.500000,Module_A_cross_genus:Xylella|NCBI:NC_049463.1
PP079416.1,NZ_CP150073,Xanthomonas oryzae pv. oryzae,0,inferred_taxonomy,0.500000,Module_A_cross_genus:Stenotrophomonas|NCBI:PP079416.1
MZ611865.1,NZ_CP118477,Xanthomonas citri,0,inferred_taxonomy,0.500000,Module_A_cross_genus:Stenotrophomonas|NCBI:MZ611865.1
OR797041.1,NZ_CP118477,Xanthomonas citri,0,inferred_taxonomy,0.500000,Module_A_cross_genus:Stenotrophomonas|NCBI:OR797041.1
OR797040.1,NZ_CP150073,Xanthomonas oryzae pv. oryzae,0,inferred_taxonomy,0.500000,Module_A_cross_genus:Stenotrophomonas|NCBI:OR797040.1
OR797040.1,NZ_CP155977,Xanthomonas campestris pv. campestris,0,inferred_taxonomy,0.500000,Module_A_cross_genus:Stenotrophomonas|NCBI:OR797040.1
OR797040.1,NZ_CP167870,Xanthomonas axonopodis,0,inferred_taxonomy,0.500000,Module_A_cross_genus:Stenotrophomonas|NCBI:OR797040.1
OR797040.1,NZ_CP118477,Xanthomonas citri,0,inferred_taxonomy,0.500000,Module_A_cross_genus:Stenotrophomonas|NCBI:OR797040.1
MF988720.1,NZ_CP150073,Xanthomonas oryzae pv. oryzae,0,inferred_taxonomy,0.500000,Module_A_cross_genus:Stenotrophomonas|NCBI:MF988720.1
MF988720.1,NZ_CP155977,Xanthomonas campestris pv. campestris,0,inferred_taxonomy,0.500000,Module_A_cross_genus:Stenotrophomonas|NCBI:MF988720.1
MF988720.1,NZ_CP167870,Xanthomonas axonopodis,0,inferred_taxonomy,0.500000,Module_A_cross_genus:Stenotrophomonas|NCBI:MF988720.1
MF988720.1,NZ_CP118477,Xanthomonas citri,0,inferred_taxonomy,0.500000,Module_A_cross_genus:Stenotrophomonas|NCBI:MF988720.1
MZ611865.1,NZ_CP150073,Xanthomonas oryzae pv. oryzae,0,inferred_taxonomy,0.500000,Module_A_cross_genus:Stenotrophomonas|NCBI:MZ611865.1
MZ611865.1,NZ_CP155977,Xanthomonas campestris pv. campestris,0,inferred_taxonomy,0.500000,Module_A_cross_genus:Stenotrophomonas|NCBI:MZ611865.1
MZ611865.1,NZ_CP167870,Xanthomonas axonopodis,0,inferred_taxonomy,0.500000,Module_A_cross_genus:Stenotrophomonas|NCBI:MZ611865.1
OR838459.1,NZ_CP150073,Xanthomonas oryzae pv. oryzae,0,inferred_taxonomy,0.500000,Module_A_cross_genus:Stenotrophomonas|NCBI:OR838459.1
OR797041.1,NZ_CP155977,Xanthomonas campestris pv. campestris,0,inferred_taxonomy,0.500000,Module_A_cross_genus:Stenotrophomonas|NCBI:OR797041.1
OR838459.1,NZ_CP155977,Xanthomonas campestris pv. campestris,0,inferred_taxonomy,0.500000,Module_A_cross_genus:Stenotrophomonas|NCBI:OR838459.1
OR838459.1,NZ_CP167870,Xanthomonas axonopodis,0,inferred_taxonomy,0.500000,Module_A_cross_genus:Stenotrophomonas|NCBI:OR838459.1
OR838459.1,NZ_CP118477,Xanthomonas citri,0,inferred_taxonomy,0.500000,Module_A_cross_genus:Stenotrophomonas|NCBI:OR838459.1
OR529409.1,NZ_CP150073,Xanthomonas oryzae pv. oryzae,0,inferred_taxonomy,0.500000,Module_A_cross_genus:Stenotrophomonas|NCBI:OR529409.1
OR529409.1,NZ_CP155977,Xanthomonas campestris pv. campestris,0,inferred_taxonomy,0.500000,Module_A_cross_genus:Stenotrophomonas|NCBI:OR529409.1
OR529409.1,NZ_CP167870,Xanthomonas axonopodis,0,inferred_taxonomy,0.500000,Module_A_cross_genus:Stenotrophomonas|NCBI:OR529409.1
OR529409.1,NZ_CP118477,Xanthomonas citri,0,inferred_taxonomy,0.500000,Module_A_cross_genus:Stenotrophomonas|NCBI:OR529409.1
OR529408.1,NZ_CP150073,Xanthomonas oryzae pv. oryzae,0,inferred_taxonomy,0.500000,Module_A_cross_genus:Stenotrophomonas|NCBI:OR529408.1
OR529408.1,NZ_CP155977,Xanthomonas campestris pv. campestris,0,inferred_taxonomy,0.500000,Module_A_cross_genus:Stenotrophomonas|NCBI:OR529408.1
OR529408.1,NZ_CP167870,Xanthomonas axonopodis,0,inferred_taxonomy,0.500000,Module_A_cross_genus:Stenotrophomonas|NCBI:OR529408.1
OR529408.1,NZ_CP118477,Xanthomonas citri,0,inferred_taxonomy,0.500000,Module_A_cross_genus:Stenotrophomonas|NCBI:OR529408.1
OR209256.1,NZ_CP150073,Xanthomonas oryzae pv. oryzae,0,inferred_taxonomy,0.500000,Module_A_cross_genus:Stenotrophomonas|NCBI:OR209256.1
OR797041.1,NZ_CP167870,Xanthomonas axonopodis,0,inferred_taxonomy,0.500000,Module_A_cross_genus:Stenotrophomonas|NCBI:OR797041.1
OR797041.1,NZ_CP150073,Xanthomonas oryzae pv. oryzae,0,inferred_taxonomy,0.500000,Module_A_cross_genus:Stenotrophomonas|NCBI:OR797041.1
NC_049463.1,NZ_CP150073,Xanthomonas oryzae pv. oryzae,0,inferred_taxonomy,0.500000,Module_A_cross_genus:Xylella|NCBI:NC_049463.1
OR797045.1,NZ_CP155977,Xanthomonas campestris pv. campestris,0,inferred_taxonomy,0.500000,Module_A_cross_genus:Stenotrophomonas|NCBI:OR797045.1
PP079416.1,NZ_CP155977,Xanthomonas campestris pv. campestris,0,inferred_taxonomy,0.500000,Module_A_cross_genus:Stenotrophomonas|NCBI:PP079416.1
PP079416.1,NZ_CP167870,Xanthomonas axonopodis,0,inferred_taxonomy,0.500000,Module_A_cross_genus:Stenotrophomonas|NCBI:PP079416.1
PP079416.1,NZ_CP118477,Xanthomonas citri,0,inferred_taxonomy,0.500000,Module_A_cross_genus:Stenotrophomonas|NCBI:PP079416.1
OR729839.1,NZ_CP150073,Xanthomonas oryzae pv. oryzae,0,inferred_taxonomy,0.500000,Module_A_cross_genus:Stenotrophomonas|NCBI:OR729839.1
OR729839.1,NZ_CP155977,Xanthomonas campestris pv. campestris,0,inferred_taxonomy,0.500000,Module_A_cross_genus:Stenotrophomonas|NCBI:OR729839.1
OR729839.1,NZ_CP167870,Xanthomonas axonopodis,0,inferred_taxonomy,0.500000,Module_A_cross_genus:Stenotrophomonas|NCBI:OR729839.1
OR729839.1,NZ_CP118477,Xanthomonas citri,0,inferred_taxonomy,0.500000,Module_A_cross_genus:Stenotrophomonas|NCBI:OR729839.1
OR797046.1,NZ_CP150073,Xanthomonas oryzae pv. oryzae,0,inferred_taxonomy,0.500000,Module_A_cross_genus:Stenotrophomonas|NCBI:OR797046.1
OR797046.1,NZ_CP155977,Xanthomonas campestris pv. campestris,0,inferred_taxonomy,0.500000,Module_A_cross_genus:Stenotrophomonas|NCBI:OR797046.1
OR797046.1,NZ_CP167870,Xanthomonas axonopodis,0,inferred_taxonomy,0.500000,Module_A_cross_genus:Stenotrophomonas|NCBI:OR797046.1
OR797046.1,NZ_CP118477,Xanthomonas citri,0,inferred_taxonomy,0.500000,Module_A_cross_genus:Stenotrophomonas|NCBI:OR797046.1
OR797045.1,NZ_CP150073,Xanthomonas oryzae pv. oryzae,0,inferred_taxonomy,0.500000,Module_A_cross_genus:Stenotrophomonas|NCBI:OR797045.1
OR797045.1,NZ_CP167870,Xanthomonas axonopodis,0,inferred_taxonomy,0.500000,Module_A_cross_genus:Stenotrophomonas|NCBI:OR797045.1
OR797042.1,NZ_CP118477,Xanthomonas citri,0,inferred_taxonomy,0.500000,Module_A_cross_genus:Stenotrophomonas|NCBI:OR797042.1
OR797045.1,NZ_CP118477,Xanthomonas citri,0,inferred_taxonomy,0.500000,Module_A_cross_genus:Stenotrophomonas|NCBI:OR797045.1
OR797044.1,NZ_CP150073,Xanthomonas oryzae pv. oryzae,0,inferred_taxonomy,0.500000,Module_A_cross_genus:Stenotrophomonas|NCBI:OR797044.1
OR797044.1,NZ_CP155977,Xanthomonas campestris pv. campestris,0,inferred_taxonomy,0.500000,Module_A_cross_genus:Stenotrophomonas|NCBI:OR797044.1
OR797044.1,NZ_CP167870,Xanthomonas axonopodis,0,inferred_taxonomy,0.500000,Module_A_cross_genus:Stenotrophomonas|NCBI:OR797044.1
OR797044.1,NZ_CP118477,Xanthomonas citri,0,inferred_taxonomy,0.500000,Module_A_cross_genus:Stenotrophomonas|NCBI:OR797044.1
OR797043.1,NZ_CP150073,Xanthomonas oryzae pv. oryzae,0,inferred_taxonomy,0.500000,Module_A_cross_genus:Stenotrophomonas|NCBI:OR797043.1
OR797043.1,NZ_CP155977,Xanthomonas campestris pv. campestris,0,inferred_taxonomy,0.500000,Module_A_cross_genus:Stenotrophomonas|NCBI:OR797043.1
OR797043.1,NZ_CP167870,Xanthomonas axonopodis,0,inferred_taxonomy,0.500000,Module_A_cross_genus:Stenotrophomonas|NCBI:OR797043.1
OR797043.1,NZ_CP118477,Xanthomonas citri,0,inferred_taxonomy,0.500000,Module_A_cross_genus:Stenotrophomonas|NCBI:OR797043.1
OR797042.1,NZ_CP150073,Xanthomonas oryzae pv. oryzae,0,inferred_taxonomy,0.500000,Module_A_cross_genus:Stenotrophomonas|NCBI:OR797042.1
OR797042.1,NZ_CP155977,Xanthomonas campestris pv. campestris,0,inferred_taxonomy,0.500000,Module_A_cross_genus:Stenotrophomonas|NCBI:OR797042.1
OR797042.1,NZ_CP167870,Xanthomonas axonopodis,0,inferred_taxonomy,0.500000,Module_A_cross_genus:Stenotrophomonas|NCBI:OR797042.1
OR209256.1,NZ_CP155977,Xanthomonas campestris pv. campestris,0,inferred_taxonomy,0.500000,Module_A_cross_genus:Stenotrophomonas|NCBI:OR209256.1
OR209256.1,NZ_CP167870,Xanthomonas axonopodis,0,inferred_taxonomy,0.500000,Module_A_cross_genus:Stenotrophomonas|NCBI:OR209256.1
OR209256.1,NZ_CP118477,Xanthomonas citri,0,inferred_taxonomy,0.500000,Module_A_cross_genus:Stenotrophomonas|NCBI:OR209256.1
PX753198.1,NZ_CP167870,Xanthomonas axonopodis,0,inferred_taxonomy,0.500000,Module_A_cross_genus:Xylella|NCBI:PX753198.1
PP895208.1,NZ_CP167870,Xanthomonas axonopodis,0,inferred_taxonomy,0.500000,Module_A_cross_genus:Xylella|NCBI:PP895208.1
PP895208.1,NZ_CP118477,Xanthomonas citri,0,inferred_taxonomy,0.500000,Module_A_cross_genus:Xylella|NCBI:PP895208.1
PQ821741.1,NZ_CP150073,Xanthomonas oryzae pv. oryzae,0,inferred_taxonomy,0.500000,Module_A_cross_genus:Xylella|NCBI:PQ821741.1
PQ821741.1,NZ_CP155977,Xanthomonas campestris pv. campestris,0,inferred_taxonomy,0.500000,Module_A_cross_genus:Xylella|NCBI:PQ821741.1
PQ821741.1,NZ_CP167870,Xanthomonas axonopodis,0,inferred_taxonomy,0.500000,Module_A_cross_genus:Xylella|NCBI:PQ821741.1
PQ821741.1,NZ_CP118477,Xanthomonas citri,0,inferred_taxonomy,0.500000,Module_A_cross_genus:Xylella|NCBI:PQ821741.1
PX753199.1,NZ_CP150073,Xanthomonas oryzae pv. oryzae,0,inferred_taxonomy,0.500000,Module_A_cross_genus:Xylella|NCBI:PX753199.1
PX753199.1,NZ_CP155977,Xanthomonas campestris pv. campestris,0,inferred_taxonomy,0.500000,Module_A_cross_genus:Xylella|NCBI:PX753199.1
PX753199.1,NZ_CP167870,Xanthomonas axonopodis,0,inferred_taxonomy,0.500000,Module_A_cross_genus:Xylella|NCBI:PX753199.1
PX753199.1,NZ_CP118477,Xanthomonas citri,0,inferred_taxonomy,0.500000,Module_A_cross_genus:Xylella|NCBI:PX753199.1
PX753198.1,NZ_CP150073,Xanthomonas oryzae pv. oryzae,0,inferred_taxonomy,0.500000,Module_A_cross_genus:Xylella|NCBI:PX753198.1
PX753198.1,NZ_CP155977,Xanthomonas campestris pv. campestris,0,inferred_taxonomy,0.500000,Module_A_cross_genus:Xylella|NCBI:PX753198.1
PX753198.1,NZ_CP118477,Xanthomonas citri,0,inferred_taxonomy,0.500000,Module_A_cross_genus:Xylella|NCBI:PX753198.1
MK580972.1,NZ_CP150073,Xanthomonas oryzae pv. oryzae,0,inferred_taxonomy,0.500000,Module_A_cross_genus:Stenotrophomonas|NCBI:MK580972.1
PX753197.1,NZ_CP150073,Xanthomonas oryzae pv. oryzae,0,inferred_taxonomy,0.500000,Module_A_cross_genus:Xylella|NCBI:PX753197.1
PX753197.1,NZ_CP155977,Xanthomonas campestris pv. campestris,0,inferred_taxonomy,0.500000,Module_A_cross_genus:Xylella|NCBI:PX753197.1
PX753197.1,NZ_CP167870,Xanthomonas axonopodis,0,inferred_taxonomy,0.500000,Module_A_cross_genus:Xylella|NCBI:PX753197.1
PX753197.1,NZ_CP118477,Xanthomonas citri,0,inferred_taxonomy,0.500000,Module_A_cross_genus:Xylella|NCBI:PX753197.1
PP816325.1,NZ_CP150073,Xanthomonas oryzae pv. oryzae,0,inferred_taxonomy,0.500000,Module_A_cross_genus:Xylella|NCBI:PP816325.1
PP816325.1,NZ_CP155977,Xanthomonas campestris pv. campestris,0,inferred_taxonomy,0.500000,Module_A_cross_genus:Xylella|NCBI:PP816325.1
PP816325.1,NZ_CP167870,Xanthomonas axonopodis,0,inferred_taxonomy,0.500000,Module_A_cross_genus:Xylella|NCBI:PP816325.1
PP816325.1,NZ_CP118477,Xanthomonas citri,0,inferred_taxonomy,0.500000,Module_A_cross_genus:Xylella|NCBI:PP816325.1
OQ818705.1,NZ_CP150073,Xanthomonas oryzae pv. oryzae,0,inferred_taxonomy,0.500000,Module_A_cross_genus:Xylella|NCBI:OQ818705.1
OQ818705.1,NZ_CP155977,Xanthomonas campestris pv. campestris,0,inferred_taxonomy,0.500000,Module_A_cross_genus:Xylella|NCBI:OQ818705.1
OQ818705.1,NZ_CP167870,Xanthomonas axonopodis,0,inferred_taxonomy,0.500000,Module_A_cross_genus:Xylella|NCBI:OQ818705.1
OQ818705.1,NZ_CP118477,Xanthomonas citri,0,inferred_taxonomy,0.500000,Module_A_cross_genus:Xylella|NCBI:OQ818705.1
PP895208.1,NZ_CP155977,Xanthomonas campestris pv. campestris,0,inferred_taxonomy,0.500000,Module_A_cross_genus:Xylella|NCBI:PP895208.1
PP895208.1,NZ_CP150073,Xanthomonas oryzae pv. oryzae,0,inferred_taxonomy,0.500000,Module_A_cross_genus:Xylella|NCBI:PP895208.1
PP895209.1,NZ_CP118477,Xanthomonas citri,0,inferred_taxonomy,0.500000,Module_A_cross_genus:Xylella|NCBI:PP895209.1
PP895209.1,NZ_CP167870,Xanthomonas axonopodis,0,inferred_taxonomy,0.500000,Module_A_cross_genus:Xylella|NCBI:PP895209.1
MK580972.1,NZ_CP155977,Xanthomonas campestris pv. campestris,0,inferred_taxonomy,0.500000,Module_A_cross_genus:Stenotrophomonas|NCBI:MK580972.1
MK580972.1,NZ_CP167870,Xanthomonas axonopodis,0,inferred_taxonomy,0.500000,Module_A_cross_genus:Stenotrophomonas|NCBI:MK580972.1
MK580972.1,NZ_CP118477,Xanthomonas citri,0,inferred_taxonomy,0.500000,Module_A_cross_genus:Stenotrophomonas|NCBI:MK580972.1
NC_013420.1,NZ_CP150073,Xanthomonas oryzae pv. oryzae,0,inferred_taxonomy,0.500000,Module_A_cross_genus:Stenotrophomonas|NCBI:NC_013420.1
NC_013420.1,NZ_CP155977,Xanthomonas campestris pv. campestris,0,inferred_taxonomy,0.500000,Module_A_cross_genus:Stenotrophomonas|NCBI:NC_013420.1
NC_013420.1,NZ_CP167870,Xanthomonas axonopodis,0,inferred_taxonomy,0.500000,Module_A_cross_genus:Stenotrophomonas|NCBI:NC_013420.1
NC_013420.1,NZ_CP118477,Xanthomonas citri,0,inferred_taxonomy,0.500000,Module_A_cross_genus:Stenotrophomonas|NCBI:NC_013420.1
NC_070951.1,NZ_CP150073,Xanthomonas oryzae pv. oryzae,0,inferred_taxonomy,0.500000,Module_A_cross_genus:Stenotrophomonas|NCBI:NC_070951.1
NC_070951.1,NZ_CP155977,Xanthomonas campestris pv. campestris,0,inferred_taxonomy,0.500000,Module_A_cross_genus:Stenotrophomonas|NCBI:NC_070951.1
NC_070951.1,NZ_CP167870,Xanthomonas axonopodis,0,inferred_taxonomy,0.500000,Module_A_cross_genus:Stenotrophomonas|NCBI:NC_070951.1
NC_070951.1,NZ_CP118477,Xanthomonas citri,0,inferred_taxonomy,0.500000,Module_A_cross_genus:Stenotrophomonas|NCBI:NC_070951.1
NC_073034.1,NZ_CP150073,Xanthomonas oryzae pv. oryzae,0,inferred_taxonomy,0.500000,Module_A_cross_genus:Stenotrophomonas|NCBI:NC_073034.1
NC_073034.1,NZ_CP155977,Xanthomonas campestris pv. campestris,0,inferred_taxonomy,0.500000,Module_A_cross_genus:Stenotrophomonas|NCBI:NC_073034.1
NC_073034.1,NZ_CP167870,Xanthomonas axonopodis,0,inferred_taxonomy,0.500000,Module_A_cross_genus:Stenotrophomonas|NCBI:NC_073034.1
NC_073034.1,NZ_CP118477,Xanthomonas citri,0,inferred_taxonomy,0.500000,Module_A_cross_genus:Stenotrophomonas|NCBI:NC_073034.1
PP895211.1,NZ_CP150073,Xanthomonas oryzae pv. oryzae,0,inferred_taxonomy,0.500000,Module_A_cross_genus:Xylella|NCBI:PP895211.1
PP895211.1,NZ_CP155977,Xanthomonas campestris pv. campestris,0,inferred_taxonomy,0.500000,Module_A_cross_genus:Xylella|NCBI:PP895211.1
PP895211.1,NZ_CP167870,Xanthomonas axonopodis,0,inferred_taxonomy,0.500000,Module_A_cross_genus:Xylella|NCBI:PP895211.1
PP895211.1,NZ_CP118477,Xanthomonas citri,0,inferred_taxonomy,0.500000,Module_A_cross_genus:Xylella|NCBI:PP895211.1
PP895210.1,NZ_CP150073,Xanthomonas oryzae pv. oryzae,0,inferred_taxonomy,0.500000,Module_A_cross_genus:Xylella|NCBI:PP895210.1
PP895210.1,NZ_CP155977,Xanthomonas campestris pv. campestris,0,inferred_taxonomy,0.500000,Module_A_cross_genus:Xylella|NCBI:PP895210.1
PP895210.1,NZ_CP167870,Xanthomonas axonopodis,0,inferred_taxonomy,0.500000,Module_A_cross_genus:Xylella|NCBI:PP895210.1
PP895210.1,NZ_CP118477,Xanthomonas citri,0,inferred_taxonomy,0.500000,Module_A_cross_genus:Xylella|NCBI:PP895210.1
PP895209.1,NZ_CP150073,Xanthomonas oryzae pv. oryzae,0,inferred_taxonomy,0.500000,Module_A_cross_genus:Xylella|NCBI:PP895209.1
PP895209.1,NZ_CP155977,Xanthomonas campestris pv. campestris,0,inferred_taxonomy,0.500000,Module_A_cross_genus:Xylella|NCBI:PP895209.1
PX853812.1,NZ_CP155977,Xanthomonas campestris pv. campestris,0,inferred_taxonomy,0.500000,Module_A_cross_genus:Escherichia|NCBI:PX853812.1
NC_105105.1,NZ_CP118477,Xanthomonas citri,0,inferred_taxonomy,0.500000,Module_A_cross_genus:Escherichia|NCBI:NC_105105.1
PX853812.1,NZ_CP118477,Xanthomonas citri,0,inferred_taxonomy,0.500000,Module_A_cross_genus:Escherichia|NCBI:PX853812.1
PX943855.1,NZ_CP150073,Xanthomonas oryzae pv. oryzae,0,inferred_taxonomy,0.500000,Module_A_cross_genus:Staphylococcus|NCBI:PX943855.1
PX021573.1,NZ_CP150073,Xanthomonas oryzae pv. oryzae,0,inferred_taxonomy,0.500000,Module_A_cross_genus:Staphylococcus|NCBI:PX021573.1
PX021573.1,NZ_CP155977,Xanthomonas campestris pv. campestris,0,inferred_taxonomy,0.500000,Module_A_cross_genus:Staphylococcus|NCBI:PX021573.1
PX021573.1,NZ_CP167870,Xanthomonas axonopodis,0,inferred_taxonomy,0.500000,Module_A_cross_genus:Staphylococcus|NCBI:PX021573.1
PX021573.1,NZ_CP118477,Xanthomonas citri,0,inferred_taxonomy,0.500000,Module_A_cross_genus:Staphylococcus|NCBI:PX021573.1
PZ051232.1,NZ_CP150073,Xanthomonas oryzae pv. oryzae,0,inferred_taxonomy,0.500000,Module_A_cross_genus:Staphylococcus|NCBI:PZ051232.1
PZ051232.1,NZ_CP155977,Xanthomonas campestris pv. campestris,0,inferred_taxonomy,0.500000,Module_A_cross_genus:Staphylococcus|NCBI:PZ051232.1
PZ051232.1,NZ_CP167870,Xanthomonas axonopodis,0,inferred_taxonomy,0.500000,Module_A_cross_genus:Staphylococcus|NCBI:PZ051232.1
PZ051232.1,NZ_CP118477,Xanthomonas citri,0,inferred_taxonomy,0.500000,Module_A_cross_genus:Staphylococcus|NCBI:PZ051232.1
PZ051231.1,NZ_CP150073,Xanthomonas oryzae pv. oryzae,0,inferred_taxonomy,0.500000,Module_A_cross_genus:Staphylococcus|NCBI:PZ051231.1
PZ051231.1,NZ_CP155977,Xanthomonas campestris pv. campestris,0,inferred_taxonomy,0.500000,Module_A_cross_genus:Staphylococcus|NCBI:PZ051231.1
PZ051231.1,NZ_CP167870,Xanthomonas axonopodis,0,inferred_taxonomy,0.500000,Module_A_cross_genus:Staphylococcus|NCBI:PZ051231.1
PZ051231.1,NZ_CP118477,Xanthomonas citri,0,inferred_taxonomy,0.500000,Module_A_cross_genus:Staphylococcus|NCBI:PZ051231.1
PX943855.1,NZ_CP155977,Xanthomonas campestris pv. campestris,0,inferred_taxonomy,0.500000,Module_A_cross_genus:Staphylococcus|NCBI:PX943855.1
PX021574.1,NZ_CP167870,Xanthomonas axonopodis,0,inferred_taxonomy,0.500000,Module_A_cross_genus:Staphylococcus|NCBI:PX021574.1
PX943855.1,NZ_CP167870,Xanthomonas axonopodis,0,inferred_taxonomy,0.500000,Module_A_cross_genus:Staphylococcus|NCBI:PX943855.1
PX943855.1,NZ_CP118477,Xanthomonas citri,0,inferred_taxonomy,0.500000,Module_A_cross_genus:Staphylococcus|NCBI:PX943855.1
PX974351.1,NZ_CP150073,Xanthomonas oryzae pv. oryzae,0,inferred_taxonomy,0.500000,Module_A_cross_genus:Staphylococcus|NCBI:PX974351.1
PX974351.1,NZ_CP155977,Xanthomonas campestris pv. campestris,0,inferred_taxonomy,0.500000,Module_A_cross_genus:Staphylococcus|NCBI:PX974351.1
PX974351.1,NZ_CP167870,Xanthomonas axonopodis,0,inferred_taxonomy,0.500000,Module_A_cross_genus:Staphylococcus|NCBI:PX974351.1
PX974351.1,NZ_CP118477,Xanthomonas citri,0,inferred_taxonomy,0.500000,Module_A_cross_genus:Staphylococcus|NCBI:PX974351.1
PZ025973.1,NZ_CP150073,Xanthomonas oryzae pv. oryzae,0,inferred_taxonomy,0.500000,Module_A_cross_genus:Staphylococcus|NCBI:PZ025973.1
PZ025973.1,NZ_CP155977,Xanthomonas campestris pv. campestris,0,inferred_taxonomy,0.500000,Module_A_cross_genus:Staphylococcus|NCBI:PZ025973.1
PZ025973.1,NZ_CP167870,Xanthomonas axonopodis,0,inferred_taxonomy,0.500000,Module_A_cross_genus:Staphylococcus|NCBI:PZ025973.1
PZ025973.1,NZ_CP118477,Xanthomonas citri,0,inferred_taxonomy,0.500000,Module_A_cross_genus:Staphylococcus|NCBI:PZ025973.1
PX787798.1,NZ_CP150073,Xanthomonas oryzae pv. oryzae,0,inferred_taxonomy,0.500000,Module_A_cross_genus:Staphylococcus|NCBI:PX787798.1
PX787798.1,NZ_CP155977,Xanthomonas campestris pv. campestris,0,inferred_taxonomy,0.500000,Module_A_cross_genus:Staphylococcus|NCBI:PX787798.1
PX021574.1,NZ_CP118477,Xanthomonas citri,0,inferred_taxonomy,0.500000,Module_A_cross_genus:Staphylococcus|NCBI:PX021574.1
PX021574.1,NZ_CP155977,Xanthomonas campestris pv. campestris,0,inferred_taxonomy,0.500000,Module_A_cross_genus:Staphylococcus|NCBI:PX021574.1
PX787798.1,NZ_CP118477,Xanthomonas citri,0,inferred_taxonomy,0.500000,Module_A_cross_genus:Staphylococcus|NCBI:PX787798.1
PZ125038.1,NZ_CP167870,Xanthomonas axonopodis,0,inferred_taxonomy,0.500000,Module_A_cross_genus:Staphylococcus|NCBI:PZ125038.1
NC_130781.1,NZ_CP167870,Xanthomonas axonopodis,0,inferred_taxonomy,0.500000,Module_A_cross_genus:Salmonella|NCBI:NC_130781.1
NC_130781.1,NZ_CP118477,Xanthomonas citri,0,inferred_taxonomy,0.500000,Module_A_cross_genus:Salmonella|NCBI:NC_130781.1
NC_111484.1,NZ_CP150073,Xanthomonas oryzae pv. oryzae,0,inferred_taxonomy,0.500000,Module_A_cross_genus:Salmonella|NCBI:NC_111484.1
NC_111484.1,NZ_CP155977,Xanthomonas campestris pv. campestris,0,inferred_taxonomy,0.500000,Module_A_cross_genus:Salmonella|NCBI:NC_111484.1
NC_111484.1,NZ_CP167870,Xanthomonas axonopodis,0,inferred_taxonomy,0.500000,Module_A_cross_genus:Salmonella|NCBI:NC_111484.1
NC_111484.1,NZ_CP118477,Xanthomonas citri,0,inferred_taxonomy,0.500000,Module_A_cross_genus:Salmonella|NCBI:NC_111484.1
NC_112025.1,NZ_CP150073,Xanthomonas oryzae pv. oryzae,0,inferred_taxonomy,0.500000,Module_A_cross_genus:Salmonella|NCBI:NC_112025.1
NC_112025.1,NZ_CP155977,Xanthomonas campestris pv. campestris,0,inferred_taxonomy,0.500000,Module_A_cross_genus:Salmonella|NCBI:NC_112025.1
NC_112025.1,NZ_CP167870,Xanthomonas axonopodis,0,inferred_taxonomy,0.500000,Module_A_cross_genus:Salmonella|NCBI:NC_112025.1
NC_112025.1,NZ_CP118477,Xanthomonas citri,0,inferred_taxonomy,0.500000,Module_A_cross_genus:Salmonella|NCBI:NC_112025.1
PZ125038.1,NZ_CP150073,Xanthomonas oryzae pv. oryzae,0,inferred_taxonomy,0.500000,Module_A_cross_genus:Staphylococcus|NCBI:PZ125038.1
PZ125038.1,NZ_CP155977,Xanthomonas campestris pv. campestris,0,inferred_taxonomy,0.500000,Module_A_cross_genus:Staphylococcus|NCBI:PZ125038.1
PZ125038.1,NZ_CP118477,Xanthomonas citri,0,inferred_taxonomy,0.500000,Module_A_cross_genus:Staphylococcus|NCBI:PZ125038.1
PX021574.1,NZ_CP150073,Xanthomonas oryzae pv. oryzae,0,inferred_taxonomy,0.500000,Module_A_cross_genus:Staphylococcus|NCBI:PX021574.1
PV985310.1,NZ_CP150073,Xanthomonas oryzae pv. oryzae,0,inferred_taxonomy,0.500000,Module_A_cross_genus:Staphylococcus|NCBI:PV985310.1
PV985310.1,NZ_CP155977,Xanthomonas campestris pv. campestris,0,inferred_taxonomy,0.500000,Module_A_cross_genus:Staphylococcus|NCBI:PV985310.1
PV985310.1,NZ_CP167870,Xanthomonas axonopodis,0,inferred_taxonomy,0.500000,Module_A_cross_genus:Staphylococcus|NCBI:PV985310.1
PV985310.1,NZ_CP118477,Xanthomonas citri,0,inferred_taxonomy,0.500000,Module_A_cross_genus:Staphylococcus|NCBI:PV985310.1
PX102495.1,NZ_CP150073,Xanthomonas oryzae pv. oryzae,0,inferred_taxonomy,0.500000,Module_A_cross_genus:Staphylococcus|NCBI:PX102495.1
PX102495.1,NZ_CP155977,Xanthomonas campestris pv. campestris,0,inferred_taxonomy,0.500000,Module_A_cross_genus:Staphylococcus|NCBI:PX102495.1
PX102495.1,NZ_CP167870,Xanthomonas axonopodis,0,inferred_taxonomy,0.500000,Module_A_cross_genus:Staphylococcus|NCBI:PX102495.1
PX102495.1,NZ_CP118477,Xanthomonas citri,0,inferred_taxonomy,0.500000,Module_A_cross_genus:Staphylococcus|NCBI:PX102495.1
PX021575.1,NZ_CP150073,Xanthomonas oryzae pv. oryzae,0,inferred_taxonomy,0.500000,Module_A_cross_genus:Staphylococcus|NCBI:PX021575.1
PX021575.1,NZ_CP155977,Xanthomonas campestris pv. campestris,0,inferred_taxonomy,0.500000,Module_A_cross_genus:Staphylococcus|NCBI:PX021575.1
PX021575.1,NZ_CP167870,Xanthomonas axonopodis,0,inferred_taxonomy,0.500000,Module_A_cross_genus:Staphylococcus|NCBI:PX021575.1
PX021575.1,NZ_CP118477,Xanthomonas citri,0,inferred_taxonomy,0.500000,Module_A_cross_genus:Staphylococcus|NCBI:PX021575.1
PX787798.1,NZ_CP167870,Xanthomonas axonopodis,0,inferred_taxonomy,0.500000,Module_A_cross_genus:Staphylococcus|NCBI:PX787798.1
PX872122.1,NZ_CP150073,Xanthomonas oryzae pv. oryzae,0,inferred_taxonomy,0.500000,Module_A_cross_genus:Staphylococcus|NCBI:PX872122.1
KX356065.1,NZ_CP118477,Xanthomonas citri,0,inferred_taxonomy,0.500000,Module_A_cross_genus:Staphylococcus|NCBI:KX356065.1
OQ863049.1,NZ_CP150073,Xanthomonas oryzae pv. oryzae,0,inferred_taxonomy,0.500000,Module_A_cross_genus:Staphylococcus|NCBI:OQ863049.1
PX667142.1,NZ_CP150073,Xanthomonas oryzae pv. oryzae,0,inferred_taxonomy,0.500000,Module_A_cross_genus:Staphylococcus|NCBI:PX667142.1
PX667142.1,NZ_CP155977,Xanthomonas campestris pv. campestris,0,inferred_taxonomy,0.500000,Module_A_cross_genus:Staphylococcus|NCBI:PX667142.1
PX667142.1,NZ_CP167870,Xanthomonas axonopodis,0,inferred_taxonomy,0.500000,Module_A_cross_genus:Staphylococcus|NCBI:PX667142.1
PX667142.1,NZ_CP118477,Xanthomonas citri,0,inferred_taxonomy,0.500000,Module_A_cross_genus:Staphylococcus|NCBI:PX667142.1
PP952055.1,NZ_CP150073,Xanthomonas oryzae pv. oryzae,0,inferred_taxonomy,0.500000,Module_A_cross_genus:Staphylococcus|NCBI:PP952055.1
PP952055.1,NZ_CP155977,Xanthomonas campestris pv. campestris,0,inferred_taxonomy,0.500000,Module_A_cross_genus:Staphylococcus|NCBI:PP952055.1
PP952055.1,NZ_CP167870,Xanthomonas axonopodis,0,inferred_taxonomy,0.500000,Module_A_cross_genus:Staphylococcus|NCBI:PP952055.1
PP952055.1,NZ_CP118477,Xanthomonas citri,0,inferred_taxonomy,0.500000,Module_A_cross_genus:Staphylococcus|NCBI:PP952055.1
PX655697.1,NZ_CP150073,Xanthomonas oryzae pv. oryzae,0,inferred_taxonomy,0.500000,Module_A_cross_genus:Staphylococcus|NCBI:PX655697.1
PX655697.1,NZ_CP155977,Xanthomonas campestris pv. campestris,0,inferred_taxonomy,0.500000,Module_A_cross_genus:Staphylococcus|NCBI:PX655697.1
PX655697.1,NZ_CP167870,Xanthomonas axonopodis,0,inferred_taxonomy,0.500000,Module_A_cross_genus:Staphylococcus|NCBI:PX655697.1
PX655697.1,NZ_CP118477,Xanthomonas citri,0,inferred_taxonomy,0.500000,Module_A_cross_genus:Staphylococcus|NCBI:PX655697.1
OQ863049.1,NZ_CP155977,Xanthomonas campestris pv. campestris,0,inferred_taxonomy,0.500000,Module_A_cross_genus:Staphylococcus|NCBI:OQ863049.1
PX842636.1,NZ_CP167870,Xanthomonas axonopodis,0,inferred_taxonomy,0.500000,Module_A_cross_genus:Staphylococcus|NCBI:PX842636.1
OQ863049.1,NZ_CP167870,Xanthomonas axonopodis,0,inferred_taxonomy,0.500000,Module_A_cross_genus:Staphylococcus|NCBI:OQ863049.1
OQ863049.1,NZ_CP118477,Xanthomonas citri,0,inferred_taxonomy,0.500000,Module_A_cross_genus:Staphylococcus|NCBI:OQ863049.1
KX356067.1,NZ_CP150073,Xanthomonas oryzae pv. oryzae,0,inferred_taxonomy,0.500000,Module_A_cross_genus:Staphylococcus|NCBI:KX356067.1
KX356067.1,NZ_CP155977,Xanthomonas campestris pv. campestris,0,inferred_taxonomy,0.500000,Module_A_cross_genus:Staphylococcus|NCBI:KX356067.1
KX356067.1,NZ_CP167870,Xanthomonas axonopodis,0,inferred_taxonomy,0.500000,Module_A_cross_genus:Staphylococcus|NCBI:KX356067.1
KX356067.1,NZ_CP118477,Xanthomonas citri,0,inferred_taxonomy,0.500000,Module_A_cross_genus:Staphylococcus|NCBI:KX356067.1
KX356066.1,NZ_CP150073,Xanthomonas oryzae pv. oryzae,0,inferred_taxonomy,0.500000,Module_A_cross_genus:Staphylococcus|NCBI:KX356066.1
KX356066.1,NZ_CP155977,Xanthomonas campestris pv. campestris,0,inferred_taxonomy,0.500000,Module_A_cross_genus:Staphylococcus|NCBI:KX356066.1
KX356066.1,NZ_CP167870,Xanthomonas axonopodis,0,inferred_taxonomy,0.500000,Module_A_cross_genus:Staphylococcus|NCBI:KX356066.1
KX356066.1,NZ_CP118477,Xanthomonas citri,0,inferred_taxonomy,0.500000,Module_A_cross_genus:Staphylococcus|NCBI:KX356066.1
KX356065.1,NZ_CP150073,Xanthomonas oryzae pv. oryzae,0,inferred_taxonomy,0.500000,Module_A_cross_genus:Staphylococcus|NCBI:KX356065.1
KX356065.1,NZ_CP155977,Xanthomonas campestris pv. campestris,0,inferred_taxonomy,0.500000,Module_A_cross_genus:Staphylococcus|NCBI:KX356065.1
PX842636.1,NZ_CP118477,Xanthomonas citri,0,inferred_taxonomy,0.500000,Module_A_cross_genus:Staphylococcus|NCBI:PX842636.1
PX842636.1,NZ_CP155977,Xanthomonas campestris pv. campestris,0,inferred_taxonomy,0.500000,Module_A_cross_genus:Staphylococcus|NCBI:PX842636.1
PX872122.1,NZ_CP155977,Xanthomonas campestris pv. campestris,0,inferred_taxonomy,0.500000,Module_A_cross_genus:Staphylococcus|NCBI:PX872122.1
PX376716.1,NZ_CP167870,Xanthomonas axonopodis,0,inferred_taxonomy,0.500000,Module_A_cross_genus:Staphylococcus|NCBI:PX376716.1
PX872122.1,NZ_CP167870,Xanthomonas axonopodis,0,inferred_taxonomy,0.500000,Module_A_cross_genus:Staphylococcus|NCBI:PX872122.1
PX872122.1,NZ_CP118477,Xanthomonas citri,0,inferred_taxonomy,0.500000,Module_A_cross_genus:Staphylococcus|NCBI:PX872122.1
PX866612.1,NZ_CP150073,Xanthomonas oryzae pv. oryzae,0,inferred_taxonomy,0.500000,Module_A_cross_genus:Staphylococcus|NCBI:PX866612.1
PX866612.1,NZ_CP155977,Xanthomonas campestris pv. campestris,0,inferred_taxonomy,0.500000,Module_A_cross_genus:Staphylococcus|NCBI:PX866612.1
PX866612.1,NZ_CP167870,Xanthomonas axonopodis,0,inferred_taxonomy,0.500000,Module_A_cross_genus:Staphylococcus|NCBI:PX866612.1
PX866612.1,NZ_CP118477,Xanthomonas citri,0,inferred_taxonomy,0.500000,Module_A_cross_genus:Staphylococcus|NCBI:PX866612.1
PX866611.1,NZ_CP150073,Xanthomonas oryzae pv. oryzae,0,inferred_taxonomy,0.500000,Module_A_cross_genus:Staphylococcus|NCBI:PX866611.1
PX866611.1,NZ_CP155977,Xanthomonas campestris pv. campestris,0,inferred_taxonomy,0.500000,Module_A_cross_genus:Staphylococcus|NCBI:PX866611.1
PX866611.1,NZ_CP167870,Xanthomonas axonopodis,0,inferred_taxonomy,0.500000,Module_A_cross_genus:Staphylococcus|NCBI:PX866611.1
PX866611.1,NZ_CP118477,Xanthomonas citri,0,inferred_taxonomy,0.500000,Module_A_cross_genus:Staphylococcus|NCBI:PX866611.1
PX376716.1,NZ_CP150073,Xanthomonas oryzae pv. oryzae,0,inferred_taxonomy,0.500000,Module_A_cross_genus:Staphylococcus|NCBI:PX376716.1
PX376716.1,NZ_CP155977,Xanthomonas campestris pv. campestris,0,inferred_taxonomy,0.500000,Module_A_cross_genus:Staphylococcus|NCBI:PX376716.1
PX376716.1,NZ_CP118477,Xanthomonas citri,0,inferred_taxonomy,0.500000,Module_A_cross_genus:Staphylococcus|NCBI:PX376716.1
PX842636.1,NZ_CP150073,Xanthomonas oryzae pv. oryzae,0,inferred_taxonomy,0.500000,Module_A_cross_genus:Staphylococcus|NCBI:PX842636.1
PX278216.1,NZ_CP150073,Xanthomonas oryzae pv. oryzae,0,inferred_taxonomy,0.500000,Module_A_cross_genus:Staphylococcus|NCBI:PX278216.1
PX278216.1,NZ_CP155977,Xanthomonas campestris pv. campestris,0,inferred_taxonomy,0.500000,Module_A_cross_genus:Staphylococcus|NCBI:PX278216.1
PX278216.1,NZ_CP167870,Xanthomonas axonopodis,0,inferred_taxonomy,0.500000,Module_A_cross_genus:Staphylococcus|NCBI:PX278216.1
PX278216.1,NZ_CP118477,Xanthomonas citri,0,inferred_taxonomy,0.500000,Module_A_cross_genus:Staphylococcus|NCBI:PX278216.1
PX848770.1,NZ_CP150073,Xanthomonas oryzae pv. oryzae,0,inferred_taxonomy,0.500000,Module_A_cross_genus:Staphylococcus|NCBI:PX848770.1
PX848770.1,NZ_CP155977,Xanthomonas campestris pv. campestris,0,inferred_taxonomy,0.500000,Module_A_cross_genus:Staphylococcus|NCBI:PX848770.1
PX848770.1,NZ_CP167870,Xanthomonas axonopodis,0,inferred_taxonomy,0.500000,Module_A_cross_genus:Staphylococcus|NCBI:PX848770.1
PX848770.1,NZ_CP118477,Xanthomonas citri,0,inferred_taxonomy,0.500000,Module_A_cross_genus:Staphylococcus|NCBI:PX848770.1
PX842708.1,NZ_CP150073,Xanthomonas oryzae pv. oryzae,0,inferred_taxonomy,0.500000,Module_A_cross_genus:Staphylococcus|NCBI:PX842708.1
PX842708.1,NZ_CP155977,Xanthomonas campestris pv. campestris,0,inferred_taxonomy,0.500000,Module_A_cross_genus:Staphylococcus|NCBI:PX842708.1
PX842708.1,NZ_CP167870,Xanthomonas axonopodis,0,inferred_taxonomy,0.500000,Module_A_cross_genus:Staphylococcus|NCBI:PX842708.1
PX842708.1,NZ_CP118477,Xanthomonas citri,0,inferred_taxonomy,0.500000,Module_A_cross_genus:Staphylococcus|NCBI:PX842708.1
NC_130781.1,NZ_CP155977,Xanthomonas campestris pv. campestris,0,inferred_taxonomy,0.500000,Module_A_cross_genus:Salmonella|NCBI:NC_130781.1
NC_130781.1,NZ_CP150073,Xanthomonas oryzae pv. oryzae,0,inferred_taxonomy,0.500000,Module_A_cross_genus:Salmonella|NCBI:NC_130781.1
NC_101820.1,NZ_CP118477,Xanthomonas citri,0,inferred_taxonomy,0.500000,Module_A_cross_genus:Salmonella|NCBI:NC_101820.1
PZ014354.1,NZ_CP155977,Xanthomonas campestris pv. campestris,0,inferred_taxonomy,0.500000,Module_A_cross_genus:Salmonella|NCBI:PZ014354.1
PZ048998.1,NZ_CP155977,Xanthomonas campestris pv. campestris,0,inferred_taxonomy,0.500000,Module_A_cross_genus:Salmonella|NCBI:PZ048998.1
PZ048998.1,NZ_CP167870,Xanthomonas axonopodis,0,inferred_taxonomy,0.500000,Module_A_cross_genus:Salmonella|NCBI:PZ048998.1
PZ048998.1,NZ_CP118477,Xanthomonas citri,0,inferred_taxonomy,0.500000,Module_A_cross_genus:Salmonella|NCBI:PZ048998.1
PZ049449.1,NZ_CP150073,Xanthomonas oryzae pv. oryzae,0,inferred_taxonomy,0.500000,Module_A_cross_genus:Salmonella|NCBI:PZ049449.1
PZ049449.1,NZ_CP155977,Xanthomonas campestris pv. campestris,0,inferred_taxonomy,0.500000,Module_A_cross_genus:Salmonella|NCBI:PZ049449.1
PZ049449.1,NZ_CP167870,Xanthomonas axonopodis,0,inferred_taxonomy,0.500000,Module_A_cross_genus:Salmonella|NCBI:PZ049449.1
PZ049449.1,NZ_CP118477,Xanthomonas citri,0,inferred_taxonomy,0.500000,Module_A_cross_genus:Salmonella|NCBI:PZ049449.1
OM967031.1,NZ_CP150073,Xanthomonas oryzae pv. oryzae,0,inferred_taxonomy,0.500000,Module_A_cross_genus:Salmonella|NCBI:OM967031.1
OM967031.1,NZ_CP155977,Xanthomonas campestris pv. campestris,0,inferred_taxonomy,0.500000,Module_A_cross_genus:Salmonella|NCBI:OM967031.1
OM967031.1,NZ_CP167870,Xanthomonas axonopodis,0,inferred_taxonomy,0.500000,Module_A_cross_genus:Salmonella|NCBI:OM967031.1
OM967031.1,NZ_CP118477,Xanthomonas citri,0,inferred_taxonomy,0.500000,Module_A_cross_genus:Salmonella|NCBI:OM967031.1
PZ014354.1,NZ_CP150073,Xanthomonas oryzae pv. oryzae,0,inferred_taxonomy,0.500000,Module_A_cross_genus:Salmonella|NCBI:PZ014354.1
PZ014354.1,NZ_CP167870,Xanthomonas axonopodis,0,inferred_taxonomy,0.500000,Module_A_cross_genus:Salmonella|NCBI:PZ014354.1
PX237226.1,NZ_CP118477,Xanthomonas citri,0,inferred_taxonomy,0.500000,Module_A_cross_genus:Salmonella|NCBI:PX237226.1
PZ014354.1,NZ_CP118477,Xanthomonas citri,0,inferred_taxonomy,0.500000,Module_A_cross_genus:Salmonella|NCBI:PZ014354.1
PZ020098.1,NZ_CP150073,Xanthomonas oryzae pv. oryzae,0,inferred_taxonomy,0.500000,Module_A_cross_genus:Salmonella|NCBI:PZ020098.1
PZ020098.1,NZ_CP155977,Xanthomonas campestris pv. campestris,0,inferred_taxonomy,0.500000,Module_A_cross_genus:Salmonella|NCBI:PZ020098.1
PZ020098.1,NZ_CP167870,Xanthomonas axonopodis,0,inferred_taxonomy,0.500000,Module_A_cross_genus:Salmonella|NCBI:PZ020098.1
PZ020098.1,NZ_CP118477,Xanthomonas citri,0,inferred_taxonomy,0.500000,Module_A_cross_genus:Salmonella|NCBI:PZ020098.1
PZ020097.1,NZ_CP150073,Xanthomonas oryzae pv. oryzae,0,inferred_taxonomy,0.500000,Module_A_cross_genus:Salmonella|NCBI:PZ020097.1
PZ020097.1,NZ_CP155977,Xanthomonas campestris pv. campestris,0,inferred_taxonomy,0.500000,Module_A_cross_genus:Salmonella|NCBI:PZ020097.1
PZ020097.1,NZ_CP167870,Xanthomonas axonopodis,0,inferred_taxonomy,0.500000,Module_A_cross_genus:Salmonella|NCBI:PZ020097.1
PZ020097.1,NZ_CP118477,Xanthomonas citri,0,inferred_taxonomy,0.500000,Module_A_cross_genus:Salmonella|NCBI:PZ020097.1
PX944710.1,NZ_CP150073,Xanthomonas oryzae pv. oryzae,0,inferred_taxonomy,0.500000,Module_A_cross_genus:Salmonella|NCBI:PX944710.1
PX944710.1,NZ_CP155977,Xanthomonas campestris pv. campestris,0,inferred_taxonomy,0.500000,Module_A_cross_genus:Salmonella|NCBI:PX944710.1
PX944710.1,NZ_CP167870,Xanthomonas axonopodis,0,inferred_taxonomy,0.500000,Module_A_cross_genus:Salmonella|NCBI:PX944710.1
PZ048998.1,NZ_CP150073,Xanthomonas oryzae pv. oryzae,0,inferred_taxonomy,0.500000,Module_A_cross_genus:Salmonella|NCBI:PZ048998.1
PX237226.1,NZ_CP167870,Xanthomonas axonopodis,0,inferred_taxonomy,0.500000,Module_A_cross_genus:Salmonella|NCBI:PX237226.1
NC_101820.1,NZ_CP167870,Xanthomonas axonopodis,0,inferred_taxonomy,0.500000,Module_A_cross_genus:Salmonella|NCBI:NC_101820.1
PX091872.1,NZ_CP118477,Xanthomonas citri,0,inferred_taxonomy,0.500000,Module_A_cross_genus:Salmonella|NCBI:PX091872.1
PX441352.1,NZ_CP118477,Xanthomonas citri,0,inferred_taxonomy,0.500000,Module_A_cross_genus:Salmonella|NCBI:PX441352.1
PZ125052.1,NZ_CP150073,Xanthomonas oryzae pv. oryzae,0,inferred_taxonomy,0.500000,Module_A_cross_genus:Salmonella|NCBI:PZ125052.1
PZ125052.1,NZ_CP155977,Xanthomonas campestris pv. campestris,0,inferred_taxonomy,0.500000,Module_A_cross_genus:Salmonella|NCBI:PZ125052.1
PZ125052.1,NZ_CP167870,Xanthomonas axonopodis,0,inferred_taxonomy,0.500000,Module_A_cross_genus:Salmonella|NCBI:PZ125052.1
PZ125052.1,NZ_CP118477,Xanthomonas citri,0,inferred_taxonomy,0.500000,Module_A_cross_genus:Salmonella|NCBI:PZ125052.1
PZ069137.1,NZ_CP150073,Xanthomonas oryzae pv. oryzae,0,inferred_taxonomy,0.500000,Module_A_cross_genus:Salmonella|NCBI:PZ069137.1
PZ069137.1,NZ_CP155977,Xanthomonas campestris pv. campestris,0,inferred_taxonomy,0.500000,Module_A_cross_genus:Salmonella|NCBI:PZ069137.1
PZ069137.1,NZ_CP167870,Xanthomonas axonopodis,0,inferred_taxonomy,0.500000,Module_A_cross_genus:Salmonella|NCBI:PZ069137.1
PZ069137.1,NZ_CP118477,Xanthomonas citri,0,inferred_taxonomy,0.500000,Module_A_cross_genus:Salmonella|NCBI:PZ069137.1
PX091872.1,NZ_CP150073,Xanthomonas oryzae pv. oryzae,0,inferred_taxonomy,0.500000,Module_A_cross_genus:Salmonella|NCBI:PX091872.1
PX091872.1,NZ_CP155977,Xanthomonas campestris pv. campestris,0,inferred_taxonomy,0.500000,Module_A_cross_genus:Salmonella|NCBI:PX091872.1
PX091872.1,NZ_CP167870,Xanthomonas axonopodis,0,inferred_taxonomy,0.500000,Module_A_cross_genus:Salmonella|NCBI:PX091872.1
PX091871.1,NZ_CP150073,Xanthomonas oryzae pv. oryzae,0,inferred_taxonomy,0.500000,Module_A_cross_genus:Salmonella|NCBI:PX091871.1
PX237226.1,NZ_CP155977,Xanthomonas campestris pv. campestris,0,inferred_taxonomy,0.500000,Module_A_cross_genus:Salmonella|NCBI:PX237226.1
PX091871.1,NZ_CP155977,Xanthomonas campestris pv. campestris,0,inferred_taxonomy,0.500000,Module_A_cross_genus:Salmonella|NCBI:PX091871.1
PX091871.1,NZ_CP167870,Xanthomonas axonopodis,0,inferred_taxonomy,0.500000,Module_A_cross_genus:Salmonella|NCBI:PX091871.1
PX091871.1,NZ_CP118477,Xanthomonas citri,0,inferred_taxonomy,0.500000,Module_A_cross_genus:Salmonella|NCBI:PX091871.1
PX091870.1,NZ_CP150073,Xanthomonas oryzae pv. oryzae,0,inferred_taxonomy,0.500000,Module_A_cross_genus:Salmonella|NCBI:PX091870.1
PX091870.1,NZ_CP155977,Xanthomonas campestris pv. campestris,0,inferred_taxonomy,0.500000,Module_A_cross_genus:Salmonella|NCBI:PX091870.1
PX091870.1,NZ_CP167870,Xanthomonas axonopodis,0,inferred_taxonomy,0.500000,Module_A_cross_genus:Salmonella|NCBI:PX091870.1
PX091870.1,NZ_CP118477,Xanthomonas citri,0,inferred_taxonomy,0.500000,Module_A_cross_genus:Salmonella|NCBI:PX091870.1
PX091869.1,NZ_CP150073,Xanthomonas oryzae pv. oryzae,0,inferred_taxonomy,0.500000,Module_A_cross_genus:Salmonella|NCBI:PX091869.1
PX091869.1,NZ_CP155977,Xanthomonas campestris pv. campestris,0,inferred_taxonomy,0.500000,Module_A_cross_genus:Salmonella|NCBI:PX091869.1
PX091869.1,NZ_CP167870,Xanthomonas axonopodis,0,inferred_taxonomy,0.500000,Module_A_cross_genus:Salmonella|NCBI:PX091869.1
PX091869.1,NZ_CP118477,Xanthomonas citri,0,inferred_taxonomy,0.500000,Module_A_cross_genus:Salmonella|NCBI:PX091869.1
PX237226.1,NZ_CP150073,Xanthomonas oryzae pv. oryzae,0,inferred_taxonomy,0.500000,Module_A_cross_genus:Salmonella|NCBI:PX237226.1
PX944710.1,NZ_CP118477,Xanthomonas citri,0,inferred_taxonomy,0.500000,Module_A_cross_genus:Salmonella|NCBI:PX944710.1
PX944709.1,NZ_CP150073,Xanthomonas oryzae pv. oryzae,0,inferred_taxonomy,0.500000,Module_A_cross_genus:Salmonella|NCBI:PX944709.1
PX944709.1,NZ_CP155977,Xanthomonas campestris pv. campestris,0,inferred_taxonomy,0.500000,Module_A_cross_genus:Salmonella|NCBI:PX944709.1
PX651399.1,NZ_CP150073,Xanthomonas oryzae pv. oryzae,0,inferred_taxonomy,0.500000,Module_A_cross_genus:Salmonella|NCBI:PX651399.1
PX651402.1,NZ_CP150073,Xanthomonas oryzae pv. oryzae,0,inferred_taxonomy,0.500000,Module_A_cross_genus:Salmonella|NCBI:PX651402.1
PX651402.1,NZ_CP155977,Xanthomonas campestris pv. campestris,0,inferred_taxonomy,0.500000,Module_A_cross_genus:Salmonella|NCBI:PX651402.1
PX651402.1,NZ_CP167870,Xanthomonas axonopodis,0,inferred_taxonomy,0.500000,Module_A_cross_genus:Salmonella|NCBI:PX651402.1
PX651402.1,NZ_CP118477,Xanthomonas citri,0,inferred_taxonomy,0.500000,Module_A_cross_genus:Salmonella|NCBI:PX651402.1
PX651401.1,NZ_CP150073,Xanthomonas oryzae pv. oryzae,0,inferred_taxonomy,0.500000,Module_A_cross_genus:Salmonella|NCBI:PX651401.1
PX651401.1,NZ_CP155977,Xanthomonas campestris pv. campestris,0,inferred_taxonomy,0.500000,Module_A_cross_genus:Salmonella|NCBI:PX651401.1
PX651401.1,NZ_CP167870,Xanthomonas axonopodis,0,inferred_taxonomy,0.500000,Module_A_cross_genus:Salmonella|NCBI:PX651401.1
PX651401.1,NZ_CP118477,Xanthomonas citri,0,inferred_taxonomy,0.500000,Module_A_cross_genus:Salmonella|NCBI:PX651401.1
PX651400.1,NZ_CP150073,Xanthomonas oryzae pv. oryzae,0,inferred_taxonomy,0.500000,Module_A_cross_genus:Salmonella|NCBI:PX651400.1
PX651400.1,NZ_CP155977,Xanthomonas campestris pv. campestris,0,inferred_taxonomy,0.500000,Module_A_cross_genus:Salmonella|NCBI:PX651400.1
PX651400.1,NZ_CP167870,Xanthomonas axonopodis,0,inferred_taxonomy,0.500000,Module_A_cross_genus:Salmonella|NCBI:PX651400.1
PX651400.1,NZ_CP118477,Xanthomonas citri,0,inferred_taxonomy,0.500000,Module_A_cross_genus:Salmonella|NCBI:PX651400.1
PX651399.1,NZ_CP155977,Xanthomonas campestris pv. campestris,0,inferred_taxonomy,0.500000,Module_A_cross_genus:Salmonella|NCBI:PX651399.1
PX944709.1,NZ_CP167870,Xanthomonas axonopodis,0,inferred_taxonomy,0.500000,Module_A_cross_genus:Salmonella|NCBI:PX944709.1
PX651399.1,NZ_CP167870,Xanthomonas axonopodis,0,inferred_taxonomy,0.500000,Module_A_cross_genus:Salmonella|NCBI:PX651399.1
PX651399.1,NZ_CP118477,Xanthomonas citri,0,inferred_taxonomy,0.500000,Module_A_cross_genus:Salmonella|NCBI:PX651399.1
PX943558.1,NZ_CP150073,Xanthomonas oryzae pv. oryzae,0,inferred_taxonomy,0.500000,Module_A_cross_genus:Salmonella|NCBI:PX943558.1
PX943558.1,NZ_CP155977,Xanthomonas campestris pv. campestris,0,inferred_taxonomy,0.500000,Module_A_cross_genus:Salmonella|NCBI:PX943558.1
PX943558.1,NZ_CP167870,Xanthomonas axonopodis,0,inferred_taxonomy,0.500000,Module_A_cross_genus:Salmonella|NCBI:PX943558.1
PX943558.1,NZ_CP118477,Xanthomonas citri,0,inferred_taxonomy,0.500000,Module_A_cross_genus:Salmonella|NCBI:PX943558.1
FQ312032.1,NZ_CP150073,Xanthomonas oryzae pv. oryzae,0,inferred_taxonomy,0.500000,Module_A_cross_genus:Salmonella|NCBI:FQ312032.1
FQ312032.1,NZ_CP155977,Xanthomonas campestris pv. campestris,0,inferred_taxonomy,0.500000,Module_A_cross_genus:Salmonella|NCBI:FQ312032.1
FQ312032.1,NZ_CP167870,Xanthomonas axonopodis,0,inferred_taxonomy,0.500000,Module_A_cross_genus:Salmonella|NCBI:FQ312032.1
FQ312032.1,NZ_CP118477,Xanthomonas citri,0,inferred_taxonomy,0.500000,Module_A_cross_genus:Salmonella|NCBI:FQ312032.1
NC_101820.1,NZ_CP150073,Xanthomonas oryzae pv. oryzae,0,inferred_taxonomy,0.500000,Module_A_cross_genus:Salmonella|NCBI:NC_101820.1
NC_101820.1,NZ_CP155977,Xanthomonas campestris pv. campestris,0,inferred_taxonomy,0.500000,Module_A_cross_genus:Salmonella|NCBI:NC_101820.1
PX651403.1,NZ_CP118477,Xanthomonas citri,0,inferred_taxonomy,0.500000,Module_A_cross_genus:Salmonella|NCBI:PX651403.1
PX651403.1,NZ_CP167870,Xanthomonas axonopodis,0,inferred_taxonomy,0.500000,Module_A_cross_genus:Salmonella|NCBI:PX651403.1
PX651403.1,NZ_CP155977,Xanthomonas campestris pv. campestris,0,inferred_taxonomy,0.500000,Module_A_cross_genus:Salmonella|NCBI:PX651403.1
PX651403.1,NZ_CP150073,Xanthomonas oryzae pv. oryzae,0,inferred_taxonomy,0.500000,Module_A_cross_genus:Salmonella|NCBI:PX651403.1
PX944709.1,NZ_CP118477,Xanthomonas citri,0,inferred_taxonomy,0.500000,Module_A_cross_genus:Salmonella|NCBI:PX944709.1
PX944708.1,NZ_CP150073,Xanthomonas oryzae pv. oryzae,0,inferred_taxonomy,0.500000,Module_A_cross_genus:Salmonella|NCBI:PX944708.1
PX944708.1,NZ_CP155977,Xanthomonas campestris pv. campestris,0,inferred_taxonomy,0.500000,Module_A_cross_genus:Salmonella|NCBI:PX944708.1
PX944708.1,NZ_CP167870,Xanthomonas axonopodis,0,inferred_taxonomy,0.500000,Module_A_cross_genus:Salmonella|NCBI:PX944708.1
PX944708.1,NZ_CP118477,Xanthomonas citri,0,inferred_taxonomy,0.500000,Module_A_cross_genus:Salmonella|NCBI:PX944708.1
PX944707.1,NZ_CP150073,Xanthomonas oryzae pv. oryzae,0,inferred_taxonomy,0.500000,Module_A_cross_genus:Salmonella|NCBI:PX944707.1
PX944707.1,NZ_CP155977,Xanthomonas campestris pv. campestris,0,inferred_taxonomy,0.500000,Module_A_cross_genus:Salmonella|NCBI:PX944707.1
PX944707.1,NZ_CP167870,Xanthomonas axonopodis,0,inferred_taxonomy,0.500000,Module_A_cross_genus:Salmonella|NCBI:PX944707.1
PX944707.1,NZ_CP118477,Xanthomonas citri,0,inferred_taxonomy,0.500000,Module_A_cross_genus:Salmonella|NCBI:PX944707.1
PX944706.1,NZ_CP150073,Xanthomonas oryzae pv. oryzae,0,inferred_taxonomy,0.500000,Module_A_cross_genus:Salmonella|NCBI:PX944706.1
PX944706.1,NZ_CP155977,Xanthomonas campestris pv. campestris,0,inferred_taxonomy,0.500000,Module_A_cross_genus:Salmonella|NCBI:PX944706.1
PX944706.1,NZ_CP167870,Xanthomonas axonopodis,0,inferred_taxonomy,0.500000,Module_A_cross_genus:Salmonella|NCBI:PX944706.1
PX944706.1,NZ_CP118477,Xanthomonas citri,0,inferred_taxonomy,0.500000,Module_A_cross_genus:Salmonella|NCBI:PX944706.1
PX944705.1,NZ_CP150073,Xanthomonas oryzae pv. oryzae,0,inferred_taxonomy,0.500000,Module_A_cross_genus:Salmonella|NCBI:PX944705.1
PX944705.1,NZ_CP155977,Xanthomonas campestris pv. campestris,0,inferred_taxonomy,0.500000,Module_A_cross_genus:Salmonella|NCBI:PX944705.1
PX944705.1,NZ_CP167870,Xanthomonas axonopodis,0,inferred_taxonomy,0.500000,Module_A_cross_genus:Salmonella|NCBI:PX944705.1
PX944705.1,NZ_CP118477,Xanthomonas citri,0,inferred_taxonomy,0.500000,Module_A_cross_genus:Salmonella|NCBI:PX944705.1
PX944704.1,NZ_CP150073,Xanthomonas oryzae pv. oryzae,0,inferred_taxonomy,0.500000,Module_A_cross_genus:Salmonella|NCBI:PX944704.1
PX944704.1,NZ_CP155977,Xanthomonas campestris pv. campestris,0,inferred_taxonomy,0.500000,Module_A_cross_genus:Salmonella|NCBI:PX944704.1
PX944704.1,NZ_CP167870,Xanthomonas axonopodis,0,inferred_taxonomy,0.500000,Module_A_cross_genus:Salmonella|NCBI:PX944704.1
PX944704.1,NZ_CP118477,Xanthomonas citri,0,inferred_taxonomy,0.500000,Module_A_cross_genus:Salmonella|NCBI:PX944704.1
PX944703.1,NZ_CP150073,Xanthomonas oryzae pv. oryzae,0,inferred_taxonomy,0.500000,Module_A_cross_genus:Salmonella|NCBI:PX944703.1
PX944703.1,NZ_CP155977,Xanthomonas campestris pv. campestris,0,inferred_taxonomy,0.500000,Module_A_cross_genus:Salmonella|NCBI:PX944703.1
PX944703.1,NZ_CP167870,Xanthomonas axonopodis,0,inferred_taxonomy,0.500000,Module_A_cross_genus:Salmonella|NCBI:PX944703.1
PX944703.1,NZ_CP118477,Xanthomonas citri,0,inferred_taxonomy,0.500000,Module_A_cross_genus:Salmonella|NCBI:PX944703.1
KX356065.1,NZ_CP167870,Xanthomonas axonopodis,0,inferred_taxonomy,0.500000,Module_A_cross_genus:Staphylococcus|NCBI:KX356065.1
KX356064.1,NZ_CP150073,Xanthomonas oryzae pv. oryzae,0,inferred_taxonomy,0.500000,Module_A_cross_genus:Staphylococcus|NCBI:KX356064.1
PX441352.1,NZ_CP155977,Xanthomonas campestris pv. campestris,0,inferred_taxonomy,0.500000,Module_A_cross_genus:Salmonella|NCBI:PX441352.1
PX682315.1,NZ_CP150119,Xanthomonas oryzae pv. oryzicola,0,inferred_taxonomy,0.500000,Module_C_pv_inference|positive_host:Xanthomonas oryzae pv. oryzae
PV915871.1,NZ_CP118477,Xanthomonas citri,0,inferred_taxonomy,0.500000,Module_A_cross_genus:Mycobacterium|NCBI:PV915871.1
PV915868.1,NZ_CP150073,Xanthomonas oryzae pv. oryzae,0,inferred_taxonomy,0.500000,Module_A_cross_genus:Mycobacterium|NCBI:PV915868.1
PV915868.1,NZ_CP155977,Xanthomonas campestris pv. campestris,0,inferred_taxonomy,0.500000,Module_A_cross_genus:Mycobacterium|NCBI:PV915868.1
PV915868.1,NZ_CP167870,Xanthomonas axonopodis,0,inferred_taxonomy,0.500000,Module_A_cross_genus:Mycobacterium|NCBI:PV915868.1
PV915868.1,NZ_CP118477,Xanthomonas citri,0,inferred_taxonomy,0.500000,Module_A_cross_genus:Mycobacterium|NCBI:PV915868.1
PX682322.1,NZ_CP150119,Xanthomonas oryzae pv. oryzicola,0,inferred_taxonomy,0.500000,Module_C_pv_inference|positive_host:Xanthomonas oryzae pv. oryzae
PX682303.1,NZ_CP150119,Xanthomonas oryzae pv. oryzicola,0,inferred_taxonomy,0.500000,Module_C_pv_inference|positive_host:Xanthomonas oryzae pv. oryzae
MG944231.1,NZ_CP150119,Xanthomonas oryzae pv. oryzicola,0,inferred_taxonomy,0.500000,Module_C_pv_inference|positive_host:Xanthomonas oryzae pv. oryzae
KX241618.1,NZ_CP150119,Xanthomonas oryzae pv. oryzicola,0,inferred_taxonomy,0.500000,Module_C_pv_inference|positive_host:Xanthomonas oryzae pv. oryzae
PX682307.1,NZ_CP150119,Xanthomonas oryzae pv. oryzicola,0,inferred_taxonomy,0.500000,Module_C_pv_inference|positive_host:Xanthomonas oryzae pv. oryzae
PX682330.1,NZ_CP150119,Xanthomonas oryzae pv. oryzicola,0,inferred_taxonomy,0.500000,Module_C_pv_inference|positive_host:Xanthomonas oryzae pv. oryzae
MN047793.1,NZ_CP150119,Xanthomonas oryzae pv. oryzicola,0,inferred_taxonomy,0.500000,Module_C_pv_inference|positive_host:Xanthomonas oryzae pv. oryzae
PX682305.1,NZ_CP150119,Xanthomonas oryzae pv. oryzicola,0,inferred_taxonomy,0.500000,Module_C_pv_inference|positive_host:Xanthomonas oryzae pv. oryzae
PV915871.1,NZ_CP155977,Xanthomonas campestris pv. campestris,0,inferred_taxonomy,0.500000,Module_A_cross_genus:Mycobacterium|NCBI:PV915871.1
PX682320.1,NZ_CP150119,Xanthomonas oryzae pv. oryzicola,0,inferred_taxonomy,0.500000,Module_C_pv_inference|positive_host:Xanthomonas oryzae pv. oryzae
PX682327.1,NZ_CP150119,Xanthomonas oryzae pv. oryzicola,0,inferred_taxonomy,0.500000,Module_C_pv_inference|positive_host:Xanthomonas oryzae pv. oryzae
PX682324.1,NZ_CP150119,Xanthomonas oryzae pv. oryzicola,0,inferred_taxonomy,0.500000,Module_C_pv_inference|positive_host:Xanthomonas oryzae pv. oryzae
MZ666965.1,NZ_CP150119,Xanthomonas oryzae pv. oryzicola,0,inferred_taxonomy,0.500000,Module_C_pv_inference|positive_host:Xanthomonas oryzae pv. oryzae
MG944236.1,NZ_CP150119,Xanthomonas oryzae pv. oryzicola,0,inferred_taxonomy,0.500000,Module_C_pv_inference|positive_host:Xanthomonas oryzae pv. oryzae
PX682313.1,NZ_CP150119,Xanthomonas oryzae pv. oryzicola,0,inferred_taxonomy,0.500000,Module_C_pv_inference|positive_host:Xanthomonas oryzae pv. oryzae
PX682318.1,NZ_CP150119,Xanthomonas oryzae pv. oryzicola,0,inferred_taxonomy,0.500000,Module_C_pv_inference|positive_host:Xanthomonas oryzae pv. oryzae
PX682309.1,NZ_CP150119,Xanthomonas oryzae pv. oryzicola,0,inferred_taxonomy,0.500000,Module_C_pv_inference|positive_host:Xanthomonas oryzae pv. oryzae
NC_054459.1,NZ_CP150119,Xanthomonas oryzae pv. oryzicola,0,inferred_taxonomy,0.500000,Module_C_pv_inference|positive_host:Xanthomonas oryzae pv. oryzae
PX682321.1,NZ_CP150119,Xanthomonas oryzae pv. oryzicola,0,inferred_taxonomy,0.500000,Module_C_pv_inference|positive_host:Xanthomonas oryzae pv. oryzae
PX682316.1,NZ_CP150119,Xanthomonas oryzae pv. oryzicola,0,inferred_taxonomy,0.500000,Module_C_pv_inference|positive_host:Xanthomonas oryzae pv. oryzae
ON960072.2,NZ_CP150119,Xanthomonas oryzae pv. oryzicola,0,inferred_taxonomy,0.500000,Module_C_pv_inference|positive_host:Xanthomonas oryzae pv. oryzae
PV915871.1,NZ_CP167870,Xanthomonas axonopodis,0,inferred_taxonomy,0.500000,Module_A_cross_genus:Mycobacterium|NCBI:PV915871.1
PV915871.1,NZ_CP150073,Xanthomonas oryzae pv. oryzae,0,inferred_taxonomy,0.500000,Module_A_cross_genus:Mycobacterium|NCBI:PV915871.1
PX682301.1,NZ_CP150119,Xanthomonas oryzae pv. oryzicola,0,inferred_taxonomy,0.500000,Module_C_pv_inference|positive_host:Xanthomonas oryzae pv. oryzae
PV915878.1,NZ_CP155977,Xanthomonas campestris pv. campestris,0,inferred_taxonomy,0.500000,Module_A_cross_genus:Mycobacterium|NCBI:PV915878.1
PV915890.1,NZ_CP155977,Xanthomonas campestris pv. campestris,0,inferred_taxonomy,0.500000,Module_A_cross_genus:Mycobacterium|NCBI:PV915890.1
PV915890.1,NZ_CP167870,Xanthomonas axonopodis,0,inferred_taxonomy,0.500000,Module_A_cross_genus:Mycobacterium|NCBI:PV915890.1
PV915890.1,NZ_CP118477,Xanthomonas citri,0,inferred_taxonomy,0.500000,Module_A_cross_genus:Mycobacterium|NCBI:PV915890.1
PV915889.1,NZ_CP150073,Xanthomonas oryzae pv. oryzae,0,inferred_taxonomy,0.500000,Module_A_cross_genus:Mycobacterium|NCBI:PV915889.1
PV915889.1,NZ_CP155977,Xanthomonas campestris pv. campestris,0,inferred_taxonomy,0.500000,Module_A_cross_genus:Mycobacterium|NCBI:PV915889.1
PV915889.1,NZ_CP167870,Xanthomonas axonopodis,0,inferred_taxonomy,0.500000,Module_A_cross_genus:Mycobacterium|NCBI:PV915889.1
PV915889.1,NZ_CP118477,Xanthomonas citri,0,inferred_taxonomy,0.500000,Module_A_cross_genus:Mycobacterium|NCBI:PV915889.1
PV915887.1,NZ_CP150073,Xanthomonas oryzae pv. oryzae,0,inferred_taxonomy,0.500000,Module_A_cross_genus:Mycobacterium|NCBI:PV915887.1
PV915887.1,NZ_CP155977,Xanthomonas campestris pv. campestris,0,inferred_taxonomy,0.500000,Module_A_cross_genus:Mycobacterium|NCBI:PV915887.1
PV915887.1,NZ_CP167870,Xanthomonas axonopodis,0,inferred_taxonomy,0.500000,Module_A_cross_genus:Mycobacterium|NCBI:PV915887.1
PV915887.1,NZ_CP118477,Xanthomonas citri,0,inferred_taxonomy,0.500000,Module_A_cross_genus:Mycobacterium|NCBI:PV915887.1
PV915878.1,NZ_CP150073,Xanthomonas oryzae pv. oryzae,0,inferred_taxonomy,0.500000,Module_A_cross_genus:Mycobacterium|NCBI:PV915878.1
PV915878.1,NZ_CP167870,Xanthomonas axonopodis,0,inferred_taxonomy,0.500000,Module_A_cross_genus:Mycobacterium|NCBI:PV915878.1
PV915872.1,NZ_CP118477,Xanthomonas citri,0,inferred_taxonomy,0.500000,Module_A_cross_genus:Mycobacterium|NCBI:PV915872.1
PV915878.1,NZ_CP118477,Xanthomonas citri,0,inferred_taxonomy,0.500000,Module_A_cross_genus:Mycobacterium|NCBI:PV915878.1
PV915877.1,NZ_CP150073,Xanthomonas oryzae pv. oryzae,0,inferred_taxonomy,0.500000,Module_A_cross_genus:Mycobacterium|NCBI:PV915877.1
PV915877.1,NZ_CP155977,Xanthomonas campestris pv. campestris,0,inferred_taxonomy,0.500000,Module_A_cross_genus:Mycobacterium|NCBI:PV915877.1
PV915877.1,NZ_CP167870,Xanthomonas axonopodis,0,inferred_taxonomy,0.500000,Module_A_cross_genus:Mycobacterium|NCBI:PV915877.1
PV915877.1,NZ_CP118477,Xanthomonas citri,0,inferred_taxonomy,0.500000,Module_A_cross_genus:Mycobacterium|NCBI:PV915877.1
PV915874.1,NZ_CP150073,Xanthomonas oryzae pv. oryzae,0,inferred_taxonomy,0.500000,Module_A_cross_genus:Mycobacterium|NCBI:PV915874.1
PV915874.1,NZ_CP155977,Xanthomonas campestris pv. campestris,0,inferred_taxonomy,0.500000,Module_A_cross_genus:Mycobacterium|NCBI:PV915874.1
PV915874.1,NZ_CP167870,Xanthomonas axonopodis,0,inferred_taxonomy,0.500000,Module_A_cross_genus:Mycobacterium|NCBI:PV915874.1
PV915874.1,NZ_CP118477,Xanthomonas citri,0,inferred_taxonomy,0.500000,Module_A_cross_genus:Mycobacterium|NCBI:PV915874.1
PV915872.1,NZ_CP150073,Xanthomonas oryzae pv. oryzae,0,inferred_taxonomy,0.500000,Module_A_cross_genus:Mycobacterium|NCBI:PV915872.1
PV915872.1,NZ_CP155977,Xanthomonas campestris pv. campestris,0,inferred_taxonomy,0.500000,Module_A_cross_genus:Mycobacterium|NCBI:PV915872.1
PV915872.1,NZ_CP167870,Xanthomonas axonopodis,0,inferred_taxonomy,0.500000,Module_A_cross_genus:Mycobacterium|NCBI:PV915872.1
PX682314.1,NZ_CP150119,Xanthomonas oryzae pv. oryzicola,0,inferred_taxonomy,0.500000,Module_C_pv_inference|positive_host:Xanthomonas oryzae pv. oryzae
MG944235.1,NZ_CP150119,Xanthomonas oryzae pv. oryzicola,0,inferred_taxonomy,0.500000,Module_C_pv_inference|positive_host:Xanthomonas oryzae pv. oryzae
KX356064.1,NZ_CP155977,Xanthomonas campestris pv. campestris,0,inferred_taxonomy,0.500000,Module_A_cross_genus:Staphylococcus|NCBI:KX356064.1
NC_055837.1,NZ_CP167225,Xanthomonas campestris pv. vesicatoria,0,inferred_taxonomy,0.500000,Module_C_pv_inference|positive_host:Xanthomonas campestris pv. campestris
PX682323.1,NZ_CP150119,Xanthomonas oryzae pv. oryzicola,0,inferred_taxonomy,0.500000,Module_C_pv_inference|positive_host:Xanthomonas oryzae pv. oryzae
NC_055835.1,NZ_CP167225,Xanthomonas campestris pv. vesicatoria,0,inferred_taxonomy,0.500000,Module_C_pv_inference|positive_host:Xanthomonas campestris pv. campestris
NC_055839.1,NZ_CP167225,Xanthomonas campestris pv. vesicatoria,0,inferred_taxonomy,0.500000,Module_C_pv_inference|positive_host:Xanthomonas campestris pv. campestris
PP475461.1,NZ_CP167225,Xanthomonas campestris pv. vesicatoria,0,inferred_taxonomy,0.500000,Module_C_pv_inference|positive_host:Xanthomonas campestris pv. campestris
NC_055836.1,NZ_CP167225,Xanthomonas campestris pv. vesicatoria,0,inferred_taxonomy,0.500000,Module_C_pv_inference|positive_host:Xanthomonas campestris pv. campestris
MT161387.1,NZ_CP167225,Xanthomonas campestris pv. vesicatoria,0,inferred_taxonomy,0.500000,Module_C_pv_inference|positive_host:Xanthomonas campestris pv. campestris
OQ427096.1,NZ_CP167225,Xanthomonas campestris pv. vesicatoria,0,inferred_taxonomy,0.500000,Module_C_pv_inference|positive_host:Xanthomonas campestris pv. campestris
MH191395.1,NZ_CP167225,Xanthomonas campestris pv. vesicatoria,0,inferred_taxonomy,0.500000,Module_C_pv_inference|positive_host:Xanthomonas campestris pv. campestris
NC_012742.1,NZ_CP167225,Xanthomonas campestris pv. vesicatoria,0,inferred_taxonomy,0.500000,Module_C_pv_inference|positive_host:Xanthomonas campestris pv. campestris
MT161382.1,NZ_CP167225,Xanthomonas campestris pv. vesicatoria,0,inferred_taxonomy,0.500000,Module_C_pv_inference|positive_host:Xanthomonas campestris pv. campestris
OR842880.1,NZ_CP167225,Xanthomonas campestris pv. vesicatoria,0,inferred_taxonomy,0.500000,Module_C_pv_inference|positive_host:Xanthomonas campestris pv. campestris
OR500351.1,NZ_CP167225,Xanthomonas campestris pv. vesicatoria,0,inferred_taxonomy,0.500000,Module_C_pv_inference|positive_host:Xanthomonas campestris pv. campestris
OR820514.1,NZ_CP167225,Xanthomonas campestris pv. vesicatoria,0,inferred_taxonomy,0.500000,Module_C_pv_inference|positive_host:Xanthomonas campestris pv. campestris
PX682311.1,NZ_CP150119,Xanthomonas oryzae pv. oryzicola,0,inferred_taxonomy,0.500000,Module_C_pv_inference|positive_host:Xanthomonas oryzae pv. oryzae
MT161385.1,NZ_CP167225,Xanthomonas campestris pv. vesicatoria,0,inferred_taxonomy,0.500000,Module_C_pv_inference|positive_host:Xanthomonas campestris pv. campestris
PQ067315.1,NZ_CP167225,Xanthomonas campestris pv. vesicatoria,0,inferred_taxonomy,0.500000,Module_C_pv_inference|positive_host:Xanthomonas campestris pv. campestris
NC_048147.1,NZ_CP167225,Xanthomonas campestris pv. vesicatoria,0,inferred_taxonomy,0.500000,Module_C_pv_inference|positive_host:Xanthomonas campestris pv. campestris
EU717894.1,NZ_CP167225,Xanthomonas campestris pv. vesicatoria,0,inferred_taxonomy,0.500000,Module_C_pv_inference|positive_host:Xanthomonas campestris pv. campestris
PQ569993.1,NZ_CP167225,Xanthomonas campestris pv. vesicatoria,0,inferred_taxonomy,0.500000,Module_C_pv_inference|positive_host:Xanthomonas campestris pv. campestris
MT161384.1,NZ_CP167225,Xanthomonas campestris pv. vesicatoria,0,inferred_taxonomy,0.500000,Module_C_pv_inference|positive_host:Xanthomonas campestris pv. campestris
OP067662.1,NZ_CP150119,Xanthomonas oryzae pv. oryzicola,0,inferred_taxonomy,0.500000,Module_C_pv_inference|positive_host:Xanthomonas oryzae pv. oryzae
OP413789.1,NZ_CP150119,Xanthomonas oryzae pv. oryzicola,0,inferred_taxonomy,0.500000,Module_C_pv_inference|positive_host:Xanthomonas oryzae pv. oryzae
PX682310.1,NZ_CP150119,Xanthomonas oryzae pv. oryzicola,0,inferred_taxonomy,0.500000,Module_C_pv_inference|positive_host:Xanthomonas oryzae pv. oryzae
PX682312.1,NZ_CP150119,Xanthomonas oryzae pv. oryzicola,0,inferred_taxonomy,0.500000,Module_C_pv_inference|positive_host:Xanthomonas oryzae pv. oryzae
MG944227.1,NZ_CP150119,Xanthomonas oryzae pv. oryzicola,0,inferred_taxonomy,0.500000,Module_C_pv_inference|positive_host:Xanthomonas oryzae pv. oryzae
PX682329.1,NZ_CP150119,Xanthomonas oryzae pv. oryzicola,0,inferred_taxonomy,0.500000,Module_C_pv_inference|positive_host:Xanthomonas oryzae pv. oryzae
PX682308.1,NZ_CP150119,Xanthomonas oryzae pv. oryzicola,0,inferred_taxonomy,0.500000,Module_C_pv_inference|positive_host:Xanthomonas oryzae pv. oryzae
OQ055246.1,NZ_CP150119,Xanthomonas oryzae pv. oryzicola,0,inferred_taxonomy,0.500000,Module_C_pv_inference|positive_host:Xanthomonas oryzae pv. oryzae
MG944229.1,NZ_CP150119,Xanthomonas oryzae pv. oryzicola,0,inferred_taxonomy,0.500000,Module_C_pv_inference|positive_host:Xanthomonas oryzae pv. oryzae
PX682306.1,NZ_CP150119,Xanthomonas oryzae pv. oryzicola,0,inferred_taxonomy,0.500000,Module_C_pv_inference|positive_host:Xanthomonas oryzae pv. oryzae
NC_052966.1,NZ_CP150119,Xanthomonas oryzae pv. oryzicola,0,inferred_taxonomy,0.500000,Module_C_pv_inference|positive_host:Xanthomonas oryzae pv. oryzae
OP948730.1,NZ_CP150119,Xanthomonas oryzae pv. oryzicola,0,inferred_taxonomy,0.500000,Module_C_pv_inference|positive_host:Xanthomonas oryzae pv. oryzae
MN364664.1,NZ_CP150119,Xanthomonas oryzae pv. oryzicola,0,inferred_taxonomy,0.500000,Module_C_pv_inference|positive_host:Xanthomonas oryzae pv. oryzae
PX682317.1,NZ_CP150119,Xanthomonas oryzae pv. oryzicola,0,inferred_taxonomy,0.500000,Module_C_pv_inference|positive_host:Xanthomonas oryzae pv. oryzae
PX682304.1,NZ_CP150119,Xanthomonas oryzae pv. oryzicola,0,inferred_taxonomy,0.500000,Module_C_pv_inference|positive_host:Xanthomonas oryzae pv. oryzae
PX682302.1,NZ_CP150119,Xanthomonas oryzae pv. oryzicola,0,inferred_taxonomy,0.500000,Module_C_pv_inference|positive_host:Xanthomonas oryzae pv. oryzae
PX682300.1,NZ_CP150119,Xanthomonas oryzae pv. oryzicola,0,inferred_taxonomy,0.500000,Module_C_pv_inference|positive_host:Xanthomonas oryzae pv. oryzae
PX682328.1,NZ_CP150119,Xanthomonas oryzae pv. oryzicola,0,inferred_taxonomy,0.500000,Module_C_pv_inference|positive_host:Xanthomonas oryzae pv. oryzae
MG944232.1,NZ_CP150119,Xanthomonas oryzae pv. oryzicola,0,inferred_taxonomy,0.500000,Module_C_pv_inference|positive_host:Xanthomonas oryzae pv. oryzae
OR966858.1,NZ_CP150119,Xanthomonas oryzae pv. oryzicola,0,inferred_taxonomy,0.500000,Module_C_pv_inference|positive_host:Xanthomonas oryzae pv. oryzae
MZ666966.1,NZ_CP150119,Xanthomonas oryzae pv. oryzicola,0,inferred_taxonomy,0.500000,Module_C_pv_inference|positive_host:Xanthomonas oryzae pv. oryzae
PX682299.1,NZ_CP150119,Xanthomonas oryzae pv. oryzicola,0,inferred_taxonomy,0.500000,Module_C_pv_inference|positive_host:Xanthomonas oryzae pv. oryzae
MG944228.1,NZ_CP150119,Xanthomonas oryzae pv. oryzicola,0,inferred_taxonomy,0.500000,Module_C_pv_inference|positive_host:Xanthomonas oryzae pv. oryzae
PX682319.1,NZ_CP150119,Xanthomonas oryzae pv. oryzicola,0,inferred_taxonomy,0.500000,Module_C_pv_inference|positive_host:Xanthomonas oryzae pv. oryzae
MW435566.1,NZ_CP150119,Xanthomonas oryzae pv. oryzicola,0,inferred_taxonomy,0.500000,Module_C_pv_inference|positive_host:Xanthomonas oryzae pv. oryzae
MG944230.1,NZ_CP150119,Xanthomonas oryzae pv. oryzicola,0,inferred_taxonomy,0.500000,Module_C_pv_inference|positive_host:Xanthomonas oryzae pv. oryzae
NC_054458.1,NZ_CP150119,Xanthomonas oryzae pv. oryzicola,0,inferred_taxonomy,0.500000,Module_C_pv_inference|positive_host:Xanthomonas oryzae pv. oryzae
MT939492.1,NZ_CP150119,Xanthomonas oryzae pv. oryzicola,0,inferred_taxonomy,0.500000,Module_C_pv_inference|positive_host:Xanthomonas oryzae pv. oryzae
MG944234.1,NZ_CP150119,Xanthomonas oryzae pv. oryzicola,0,inferred_taxonomy,0.500000,Module_C_pv_inference|positive_host:Xanthomonas oryzae pv. oryzae
MG944233.1,NZ_CP150119,Xanthomonas oryzae pv. oryzicola,0,inferred_taxonomy,0.500000,Module_C_pv_inference|positive_host:Xanthomonas oryzae pv. oryzae
PV915890.1,NZ_CP150073,Xanthomonas oryzae pv. oryzae,0,inferred_taxonomy,0.500000,Module_A_cross_genus:Mycobacterium|NCBI:PV915890.1
PV915895.1,NZ_CP118477,Xanthomonas citri,0,inferred_taxonomy,0.500000,Module_A_cross_genus:Mycobacterium|NCBI:PV915895.1
PV915895.1,NZ_CP167870,Xanthomonas axonopodis,0,inferred_taxonomy,0.500000,Module_A_cross_genus:Mycobacterium|NCBI:PV915895.1
PV940996.1,NZ_CP150073,Xanthomonas oryzae pv. oryzae,0,inferred_taxonomy,0.500000,Module_A_cross_genus:Mycobacterium|NCBI:PV940996.1
PV426909.1,NZ_CP150073,Xanthomonas oryzae pv. oryzae,0,inferred_taxonomy,0.500000,Module_A_cross_genus:Staphylococcus|NCBI:PV426909.1
PV426909.1,NZ_CP155977,Xanthomonas campestris pv. campestris,0,inferred_taxonomy,0.500000,Module_A_cross_genus:Staphylococcus|NCBI:PV426909.1
PV426909.1,NZ_CP167870,Xanthomonas axonopodis,0,inferred_taxonomy,0.500000,Module_A_cross_genus:Staphylococcus|NCBI:PV426909.1
PV426909.1,NZ_CP118477,Xanthomonas citri,0,inferred_taxonomy,0.500000,Module_A_cross_genus:Staphylococcus|NCBI:PV426909.1
PV941000.1,NZ_CP150073,Xanthomonas oryzae pv. oryzae,0,inferred_taxonomy,0.500000,Module_A_cross_genus:Mycobacterium|NCBI:PV941000.1
PV941000.1,NZ_CP155977,Xanthomonas campestris pv. campestris,0,inferred_taxonomy,0.500000,Module_A_cross_genus:Mycobacterium|NCBI:PV941000.1
PV941000.1,NZ_CP167870,Xanthomonas axonopodis,0,inferred_taxonomy,0.500000,Module_A_cross_genus:Mycobacterium|NCBI:PV941000.1
PV941000.1,NZ_CP118477,Xanthomonas citri,0,inferred_taxonomy,0.500000,Module_A_cross_genus:Mycobacterium|NCBI:PV941000.1
PV940998.1,NZ_CP150073,Xanthomonas oryzae pv. oryzae,0,inferred_taxonomy,0.500000,Module_A_cross_genus:Mycobacterium|NCBI:PV940998.1
PV940998.1,NZ_CP155977,Xanthomonas campestris pv. campestris,0,inferred_taxonomy,0.500000,Module_A_cross_genus:Mycobacterium|NCBI:PV940998.1
PV940998.1,NZ_CP167870,Xanthomonas axonopodis,0,inferred_taxonomy,0.500000,Module_A_cross_genus:Mycobacterium|NCBI:PV940998.1
PV940998.1,NZ_CP118477,Xanthomonas citri,0,inferred_taxonomy,0.500000,Module_A_cross_genus:Mycobacterium|NCBI:PV940998.1
PV940996.1,NZ_CP155977,Xanthomonas campestris pv. campestris,0,inferred_taxonomy,0.500000,Module_A_cross_genus:Mycobacterium|NCBI:PV940996.1
PV426910.1,NZ_CP167870,Xanthomonas axonopodis,0,inferred_taxonomy,0.500000,Module_A_cross_genus:Staphylococcus|NCBI:PV426910.1
PV940996.1,NZ_CP167870,Xanthomonas axonopodis,0,inferred_taxonomy,0.500000,Module_A_cross_genus:Mycobacterium|NCBI:PV940996.1
PV940996.1,NZ_CP118477,Xanthomonas citri,0,inferred_taxonomy,0.500000,Module_A_cross_genus:Mycobacterium|NCBI:PV940996.1
PV940988.1,NZ_CP150073,Xanthomonas oryzae pv. oryzae,0,inferred_taxonomy,0.500000,Module_A_cross_genus:Mycobacterium|NCBI:PV940988.1
PV940988.1,NZ_CP155977,Xanthomonas campestris pv. campestris,0,inferred_taxonomy,0.500000,Module_A_cross_genus:Mycobacterium|NCBI:PV940988.1
PV940988.1,NZ_CP167870,Xanthomonas axonopodis,0,inferred_taxonomy,0.500000,Module_A_cross_genus:Mycobacterium|NCBI:PV940988.1
PV940988.1,NZ_CP118477,Xanthomonas citri,0,inferred_taxonomy,0.500000,Module_A_cross_genus:Mycobacterium|NCBI:PV940988.1
PV940986.1,NZ_CP150073,Xanthomonas oryzae pv. oryzae,0,inferred_taxonomy,0.500000,Module_A_cross_genus:Mycobacterium|NCBI:PV940986.1
PV940986.1,NZ_CP155977,Xanthomonas campestris pv. campestris,0,inferred_taxonomy,0.500000,Module_A_cross_genus:Mycobacterium|NCBI:PV940986.1
PV940986.1,NZ_CP167870,Xanthomonas axonopodis,0,inferred_taxonomy,0.500000,Module_A_cross_genus:Mycobacterium|NCBI:PV940986.1
PV940986.1,NZ_CP118477,Xanthomonas citri,0,inferred_taxonomy,0.500000,Module_A_cross_genus:Mycobacterium|NCBI:PV940986.1
PV940985.1,NZ_CP150073,Xanthomonas oryzae pv. oryzae,0,inferred_taxonomy,0.500000,Module_A_cross_genus:Mycobacterium|NCBI:PV940985.1
PV940985.1,NZ_CP155977,Xanthomonas campestris pv. campestris,0,inferred_taxonomy,0.500000,Module_A_cross_genus:Mycobacterium|NCBI:PV940985.1
PV426910.1,NZ_CP118477,Xanthomonas citri,0,inferred_taxonomy,0.500000,Module_A_cross_genus:Staphylococcus|NCBI:PV426910.1
PV426910.1,NZ_CP155977,Xanthomonas campestris pv. campestris,0,inferred_taxonomy,0.500000,Module_A_cross_genus:Staphylococcus|NCBI:PV426910.1
PV915895.1,NZ_CP155977,Xanthomonas campestris pv. campestris,0,inferred_taxonomy,0.500000,Module_A_cross_genus:Mycobacterium|NCBI:PV915895.1
KX356061.1,NZ_CP167870,Xanthomonas axonopodis,0,inferred_taxonomy,0.500000,Module_A_cross_genus:Staphylococcus|NCBI:KX356061.1
KX356064.1,NZ_CP167870,Xanthomonas axonopodis,0,inferred_taxonomy,0.500000,Module_A_cross_genus:Staphylococcus|NCBI:KX356064.1
KX356064.1,NZ_CP118477,Xanthomonas citri,0,inferred_taxonomy,0.500000,Module_A_cross_genus:Staphylococcus|NCBI:KX356064.1
KX356063.1,NZ_CP150073,Xanthomonas oryzae pv. oryzae,0,inferred_taxonomy,0.500000,Module_A_cross_genus:Staphylococcus|NCBI:KX356063.1
KX356063.1,NZ_CP155977,Xanthomonas campestris pv. campestris,0,inferred_taxonomy,0.500000,Module_A_cross_genus:Staphylococcus|NCBI:KX356063.1
KX356063.1,NZ_CP167870,Xanthomonas axonopodis,0,inferred_taxonomy,0.500000,Module_A_cross_genus:Staphylococcus|NCBI:KX356063.1
KX356063.1,NZ_CP118477,Xanthomonas citri,0,inferred_taxonomy,0.500000,Module_A_cross_genus:Staphylococcus|NCBI:KX356063.1
KX356062.1,NZ_CP150073,Xanthomonas oryzae pv. oryzae,0,inferred_taxonomy,0.500000,Module_A_cross_genus:Staphylococcus|NCBI:KX356062.1
KX356062.1,NZ_CP155977,Xanthomonas campestris pv. campestris,0,inferred_taxonomy,0.500000,Module_A_cross_genus:Staphylococcus|NCBI:KX356062.1
KX356062.1,NZ_CP167870,Xanthomonas axonopodis,0,inferred_taxonomy,0.500000,Module_A_cross_genus:Staphylococcus|NCBI:KX356062.1
KX356062.1,NZ_CP118477,Xanthomonas citri,0,inferred_taxonomy,0.500000,Module_A_cross_genus:Staphylococcus|NCBI:KX356062.1
KX356061.1,NZ_CP150073,Xanthomonas oryzae pv. oryzae,0,inferred_taxonomy,0.500000,Module_A_cross_genus:Staphylococcus|NCBI:KX356061.1
KX356061.1,NZ_CP155977,Xanthomonas campestris pv. campestris,0,inferred_taxonomy,0.500000,Module_A_cross_genus:Staphylococcus|NCBI:KX356061.1
KX356061.1,NZ_CP118477,Xanthomonas citri,0,inferred_taxonomy,0.500000,Module_A_cross_genus:Staphylococcus|NCBI:KX356061.1
PV426910.1,NZ_CP150073,Xanthomonas oryzae pv. oryzae,0,inferred_taxonomy,0.500000,Module_A_cross_genus:Staphylococcus|NCBI:PV426910.1
PX550014.1,NZ_CP150073,Xanthomonas oryzae pv. oryzae,0,inferred_taxonomy,0.500000,Module_A_cross_genus:Staphylococcus|NCBI:PX550014.1
PX550014.1,NZ_CP155977,Xanthomonas campestris pv. campestris,0,inferred_taxonomy,0.500000,Module_A_cross_genus:Staphylococcus|NCBI:PX550014.1
PX550014.1,NZ_CP167870,Xanthomonas axonopodis,0,inferred_taxonomy,0.500000,Module_A_cross_genus:Staphylococcus|NCBI:PX550014.1
PX550014.1,NZ_CP118477,Xanthomonas citri,0,inferred_taxonomy,0.500000,Module_A_cross_genus:Staphylococcus|NCBI:PX550014.1
PX550013.1,NZ_CP150073,Xanthomonas oryzae pv. oryzae,0,inferred_taxonomy,0.500000,Module_A_cross_genus:Staphylococcus|NCBI:PX550013.1
PX550013.1,NZ_CP155977,Xanthomonas campestris pv. campestris,0,inferred_taxonomy,0.500000,Module_A_cross_genus:Staphylococcus|NCBI:PX550013.1
PX550013.1,NZ_CP167870,Xanthomonas axonopodis,0,inferred_taxonomy,0.500000,Module_A_cross_genus:Staphylococcus|NCBI:PX550013.1
PX550013.1,NZ_CP118477,Xanthomonas citri,0,inferred_taxonomy,0.500000,Module_A_cross_genus:Staphylococcus|NCBI:PX550013.1
PX530545.1,NZ_CP150073,Xanthomonas oryzae pv. oryzae,0,inferred_taxonomy,0.500000,Module_A_cross_genus:Staphylococcus|NCBI:PX530545.1
PX530545.1,NZ_CP155977,Xanthomonas campestris pv. campestris,0,inferred_taxonomy,0.500000,Module_A_cross_genus:Staphylococcus|NCBI:PX530545.1
PX530545.1,NZ_CP167870,Xanthomonas axonopodis,0,inferred_taxonomy,0.500000,Module_A_cross_genus:Staphylococcus|NCBI:PX530545.1
PX530545.1,NZ_CP118477,Xanthomonas citri,0,inferred_taxonomy,0.500000,Module_A_cross_genus:Staphylococcus|NCBI:PX530545.1
PV940985.1,NZ_CP167870,Xanthomonas axonopodis,0,inferred_taxonomy,0.500000,Module_A_cross_genus:Mycobacterium|NCBI:PV940985.1
PV940985.1,NZ_CP118477,Xanthomonas citri,0,inferred_taxonomy,0.500000,Module_A_cross_genus:Mycobacterium|NCBI:PV940985.1
PV940982.1,NZ_CP150073,Xanthomonas oryzae pv. oryzae,0,inferred_taxonomy,0.500000,Module_A_cross_genus:Mycobacterium|NCBI:PV940982.1
PZ145240.1,NZ_CP118477,Xanthomonas citri,0,inferred_taxonomy,0.500000,Module_A_cross_genus:Mycobacterium|NCBI:PZ145240.1
PZ145244.1,NZ_CP118477,Xanthomonas citri,0,inferred_taxonomy,0.500000,Module_A_cross_genus:Mycobacterium|NCBI:PZ145244.1
PZ145242.1,NZ_CP150073,Xanthomonas oryzae pv. oryzae,0,inferred_taxonomy,0.500000,Module_A_cross_genus:Mycobacterium|NCBI:PZ145242.1
PZ145242.1,NZ_CP155977,Xanthomonas campestris pv. campestris,0,inferred_taxonomy,0.500000,Module_A_cross_genus:Mycobacterium|NCBI:PZ145242.1
PZ145242.1,NZ_CP167870,Xanthomonas axonopodis,0,inferred_taxonomy,0.500000,Module_A_cross_genus:Mycobacterium|NCBI:PZ145242.1
PZ145242.1,NZ_CP118477,Xanthomonas citri,0,inferred_taxonomy,0.500000,Module_A_cross_genus:Mycobacterium|NCBI:PZ145242.1
PZ145241.1,NZ_CP150073,Xanthomonas oryzae pv. oryzae,0,inferred_taxonomy,0.500000,Module_A_cross_genus:Mycobacterium|NCBI:PZ145241.1
PZ145241.1,NZ_CP155977,Xanthomonas campestris pv. campestris,0,inferred_taxonomy,0.500000,Module_A_cross_genus:Mycobacterium|NCBI:PZ145241.1
PZ145241.1,NZ_CP167870,Xanthomonas axonopodis,0,inferred_taxonomy,0.500000,Module_A_cross_genus:Mycobacterium|NCBI:PZ145241.1
PZ145241.1,NZ_CP118477,Xanthomonas citri,0,inferred_taxonomy,0.500000,Module_A_cross_genus:Mycobacterium|NCBI:PZ145241.1
PZ145240.1,NZ_CP150073,Xanthomonas oryzae pv. oryzae,0,inferred_taxonomy,0.500000,Module_A_cross_genus:Mycobacterium|NCBI:PZ145240.1
PZ145240.1,NZ_CP155977,Xanthomonas campestris pv. campestris,0,inferred_taxonomy,0.500000,Module_A_cross_genus:Mycobacterium|NCBI:PZ145240.1
PZ145240.1,NZ_CP167870,Xanthomonas axonopodis,0,inferred_taxonomy,0.500000,Module_A_cross_genus:Mycobacterium|NCBI:PZ145240.1
PV915902.1,NZ_CP150073,Xanthomonas oryzae pv. oryzae,0,inferred_taxonomy,0.500000,Module_A_cross_genus:Mycobacterium|NCBI:PV915902.1
PV940982.1,NZ_CP155977,Xanthomonas campestris pv. campestris,0,inferred_taxonomy,0.500000,Module_A_cross_genus:Mycobacterium|NCBI:PV940982.1
PV915902.1,NZ_CP155977,Xanthomonas campestris pv. campestris,0,inferred_taxonomy,0.500000,Module_A_cross_genus:Mycobacterium|NCBI:PV915902.1
PV915902.1,NZ_CP167870,Xanthomonas axonopodis,0,inferred_taxonomy,0.500000,Module_A_cross_genus:Mycobacterium|NCBI:PV915902.1
PV915902.1,NZ_CP118477,Xanthomonas citri,0,inferred_taxonomy,0.500000,Module_A_cross_genus:Mycobacterium|NCBI:PV915902.1
PV915901.1,NZ_CP150073,Xanthomonas oryzae pv. oryzae,0,inferred_taxonomy,0.500000,Module_A_cross_genus:Mycobacterium|NCBI:PV915901.1
PV915901.1,NZ_CP155977,Xanthomonas campestris pv. campestris,0,inferred_taxonomy,0.500000,Module_A_cross_genus:Mycobacterium|NCBI:PV915901.1
PV915901.1,NZ_CP167870,Xanthomonas axonopodis,0,inferred_taxonomy,0.500000,Module_A_cross_genus:Mycobacterium|NCBI:PV915901.1
PV915901.1,NZ_CP118477,Xanthomonas citri,0,inferred_taxonomy,0.500000,Module_A_cross_genus:Mycobacterium|NCBI:PV915901.1
PV915896.1,NZ_CP150073,Xanthomonas oryzae pv. oryzae,0,inferred_taxonomy,0.500000,Module_A_cross_genus:Mycobacterium|NCBI:PV915896.1
PV915896.1,NZ_CP155977,Xanthomonas campestris pv. campestris,0,inferred_taxonomy,0.500000,Module_A_cross_genus:Mycobacterium|NCBI:PV915896.1
PV915896.1,NZ_CP167870,Xanthomonas axonopodis,0,inferred_taxonomy,0.500000,Module_A_cross_genus:Mycobacterium|NCBI:PV915896.1
PV915896.1,NZ_CP118477,Xanthomonas citri,0,inferred_taxonomy,0.500000,Module_A_cross_genus:Mycobacterium|NCBI:PV915896.1
PV915895.1,NZ_CP150073,Xanthomonas oryzae pv. oryzae,0,inferred_taxonomy,0.500000,Module_A_cross_genus:Mycobacterium|NCBI:PV915895.1
PZ145244.1,NZ_CP167870,Xanthomonas axonopodis,0,inferred_taxonomy,0.500000,Module_A_cross_genus:Mycobacterium|NCBI:PZ145244.1
PZ145244.1,NZ_CP155977,Xanthomonas campestris pv. campestris,0,inferred_taxonomy,0.500000,Module_A_cross_genus:Mycobacterium|NCBI:PZ145244.1
PZ145244.1,NZ_CP150073,Xanthomonas oryzae pv. oryzae,0,inferred_taxonomy,0.500000,Module_A_cross_genus:Mycobacterium|NCBI:PZ145244.1
PZ172977.1,NZ_CP118477,Xanthomonas citri,0,inferred_taxonomy,0.500000,Module_A_cross_genus:Mycobacterium|NCBI:PZ172977.1
PV940982.1,NZ_CP167870,Xanthomonas axonopodis,0,inferred_taxonomy,0.500000,Module_A_cross_genus:Mycobacterium|NCBI:PV940982.1
PV940982.1,NZ_CP118477,Xanthomonas citri,0,inferred_taxonomy,0.500000,Module_A_cross_genus:Mycobacterium|NCBI:PV940982.1
PV940981.1,NZ_CP150073,Xanthomonas oryzae pv. oryzae,0,inferred_taxonomy,0.500000,Module_A_cross_genus:Mycobacterium|NCBI:PV940981.1
PV940981.1,NZ_CP155977,Xanthomonas campestris pv. campestris,0,inferred_taxonomy,0.500000,Module_A_cross_genus:Mycobacterium|NCBI:PV940981.1
PV940981.1,NZ_CP167870,Xanthomonas axonopodis,0,inferred_taxonomy,0.500000,Module_A_cross_genus:Mycobacterium|NCBI:PV940981.1
PV940981.1,NZ_CP118477,Xanthomonas citri,0,inferred_taxonomy,0.500000,Module_A_cross_genus:Mycobacterium|NCBI:PV940981.1
PZ172981.1,NZ_CP150073,Xanthomonas oryzae pv. oryzae,0,inferred_taxonomy,0.500000,Module_A_cross_genus:Mycobacterium|NCBI:PZ172981.1
PZ172981.1,NZ_CP155977,Xanthomonas campestris pv. campestris,0,inferred_taxonomy,0.500000,Module_A_cross_genus:Mycobacterium|NCBI:PZ172981.1
PZ172981.1,NZ_CP167870,Xanthomonas axonopodis,0,inferred_taxonomy,0.500000,Module_A_cross_genus:Mycobacterium|NCBI:PZ172981.1
PZ172981.1,NZ_CP118477,Xanthomonas citri,0,inferred_taxonomy,0.500000,Module_A_cross_genus:Mycobacterium|NCBI:PZ172981.1
PZ172980.1,NZ_CP150073,Xanthomonas oryzae pv. oryzae,0,inferred_taxonomy,0.500000,Module_A_cross_genus:Mycobacterium|NCBI:PZ172980.1
PZ172980.1,NZ_CP155977,Xanthomonas campestris pv. campestris,0,inferred_taxonomy,0.500000,Module_A_cross_genus:Mycobacterium|NCBI:PZ172980.1
PZ172980.1,NZ_CP167870,Xanthomonas axonopodis,0,inferred_taxonomy,0.500000,Module_A_cross_genus:Mycobacterium|NCBI:PZ172980.1
PZ172980.1,NZ_CP118477,Xanthomonas citri,0,inferred_taxonomy,0.500000,Module_A_cross_genus:Mycobacterium|NCBI:PZ172980.1
PZ172979.1,NZ_CP150073,Xanthomonas oryzae pv. oryzae,0,inferred_taxonomy,0.500000,Module_A_cross_genus:Mycobacterium|NCBI:PZ172979.1
PZ172979.1,NZ_CP155977,Xanthomonas campestris pv. campestris,0,inferred_taxonomy,0.500000,Module_A_cross_genus:Mycobacterium|NCBI:PZ172979.1
PZ172979.1,NZ_CP167870,Xanthomonas axonopodis,0,inferred_taxonomy,0.500000,Module_A_cross_genus:Mycobacterium|NCBI:PZ172979.1
PZ172979.1,NZ_CP118477,Xanthomonas citri,0,inferred_taxonomy,0.500000,Module_A_cross_genus:Mycobacterium|NCBI:PZ172979.1
PZ172978.1,NZ_CP150073,Xanthomonas oryzae pv. oryzae,0,inferred_taxonomy,0.500000,Module_A_cross_genus:Mycobacterium|NCBI:PZ172978.1
PZ172978.1,NZ_CP155977,Xanthomonas campestris pv. campestris,0,inferred_taxonomy,0.500000,Module_A_cross_genus:Mycobacterium|NCBI:PZ172978.1
PZ172978.1,NZ_CP167870,Xanthomonas axonopodis,0,inferred_taxonomy,0.500000,Module_A_cross_genus:Mycobacterium|NCBI:PZ172978.1
PZ172978.1,NZ_CP118477,Xanthomonas citri,0,inferred_taxonomy,0.500000,Module_A_cross_genus:Mycobacterium|NCBI:PZ172978.1
PZ172977.1,NZ_CP150073,Xanthomonas oryzae pv. oryzae,0,inferred_taxonomy,0.500000,Module_A_cross_genus:Mycobacterium|NCBI:PZ172977.1
PZ172977.1,NZ_CP155977,Xanthomonas campestris pv. campestris,0,inferred_taxonomy,0.500000,Module_A_cross_genus:Mycobacterium|NCBI:PZ172977.1
PZ172977.1,NZ_CP167870,Xanthomonas axonopodis,0,inferred_taxonomy,0.500000,Module_A_cross_genus:Mycobacterium|NCBI:PZ172977.1
PX441352.1,NZ_CP167870,Xanthomonas axonopodis,0,inferred_taxonomy,0.500000,Module_A_cross_genus:Salmonella|NCBI:PX441352.1
PX441352.1,NZ_CP150073,Xanthomonas oryzae pv. oryzae,0,inferred_taxonomy,0.500000,Module_A_cross_genus:Salmonella|NCBI:PX441352.1
PX880103.1,NZ_CP150073,Xanthomonas oryzae pv. oryzae,0,inferred_taxonomy,0.500000,Module_A_cross_genus:Escherichia|NCBI:PX880103.1
NC_104266.1,NZ_CP167870,Xanthomonas axonopodis,0,inferred_taxonomy,0.500000,Module_A_cross_genus:Bacillus|NCBI:NC_104266.1
OK625815.1,NZ_CP167870,Xanthomonas axonopodis,0,inferred_taxonomy,0.500000,Module_A_cross_genus:Bacillus|NCBI:OK625815.1
OK625815.1,NZ_CP118477,Xanthomonas citri,0,inferred_taxonomy,0.500000,Module_A_cross_genus:Bacillus|NCBI:OK625815.1
OK513034.1,NZ_CP150073,Xanthomonas oryzae pv. oryzae,0,inferred_taxonomy,0.500000,Module_A_cross_genus:Bacillus|NCBI:OK513034.1
OK513034.1,NZ_CP155977,Xanthomonas campestris pv. campestris,0,inferred_taxonomy,0.500000,Module_A_cross_genus:Bacillus|NCBI:OK513034.1
OK513034.1,NZ_CP167870,Xanthomonas axonopodis,0,inferred_taxonomy,0.500000,Module_A_cross_genus:Bacillus|NCBI:OK513034.1
OK513034.1,NZ_CP118477,Xanthomonas citri,0,inferred_taxonomy,0.500000,Module_A_cross_genus:Bacillus|NCBI:OK513034.1
NC_129615.1,NZ_CP150073,Xanthomonas oryzae pv. oryzae,0,inferred_taxonomy,0.500000,Module_A_cross_genus:Bacillus|NCBI:NC_129615.1
NC_129615.1,NZ_CP155977,Xanthomonas campestris pv. campestris,0,inferred_taxonomy,0.500000,Module_A_cross_genus:Bacillus|NCBI:NC_129615.1
NC_129615.1,NZ_CP167870,Xanthomonas axonopodis,0,inferred_taxonomy,0.500000,Module_A_cross_genus:Bacillus|NCBI:NC_129615.1
NC_129615.1,NZ_CP118477,Xanthomonas citri,0,inferred_taxonomy,0.500000,Module_A_cross_genus:Bacillus|NCBI:NC_129615.1
NC_104266.1,NZ_CP150073,Xanthomonas oryzae pv. oryzae,0,inferred_taxonomy,0.500000,Module_A_cross_genus:Bacillus|NCBI:NC_104266.1
NC_104266.1,NZ_CP155977,Xanthomonas campestris pv. campestris,0,inferred_taxonomy,0.500000,Module_A_cross_genus:Bacillus|NCBI:NC_104266.1
NC_104266.1,NZ_CP118477,Xanthomonas citri,0,inferred_taxonomy,0.500000,Module_A_cross_genus:Bacillus|NCBI:NC_104266.1
OK625815.1,NZ_CP150073,Xanthomonas oryzae pv. oryzae,0,inferred_taxonomy,0.500000,Module_A_cross_genus:Bacillus|NCBI:OK625815.1
NC_104263.1,NZ_CP150073,Xanthomonas oryzae pv. oryzae,0,inferred_taxonomy,0.500000,Module_A_cross_genus:Bacillus|NCBI:NC_104263.1
NC_104263.1,NZ_CP155977,Xanthomonas campestris pv. campestris,0,inferred_taxonomy,0.500000,Module_A_cross_genus:Bacillus|NCBI:NC_104263.1
NC_104263.1,NZ_CP167870,Xanthomonas axonopodis,0,inferred_taxonomy,0.500000,Module_A_cross_genus:Bacillus|NCBI:NC_104263.1
NC_104263.1,NZ_CP118477,Xanthomonas citri,0,inferred_taxonomy,0.500000,Module_A_cross_genus:Bacillus|NCBI:NC_104263.1
NC_104262.1,NZ_CP150073,Xanthomonas oryzae pv. oryzae,0,inferred_taxonomy,0.500000,Module_A_cross_genus:Bacillus|NCBI:NC_104262.1
NC_104262.1,NZ_CP155977,Xanthomonas campestris pv. campestris,0,inferred_taxonomy,0.500000,Module_A_cross_genus:Bacillus|NCBI:NC_104262.1
NC_104262.1,NZ_CP167870,Xanthomonas axonopodis,0,inferred_taxonomy,0.500000,Module_A_cross_genus:Bacillus|NCBI:NC_104262.1
NC_104262.1,NZ_CP118477,Xanthomonas citri,0,inferred_taxonomy,0.500000,Module_A_cross_genus:Bacillus|NCBI:NC_104262.1
NC_104265.1,NZ_CP150073,Xanthomonas oryzae pv. oryzae,0,inferred_taxonomy,0.500000,Module_A_cross_genus:Bacillus|NCBI:NC_104265.1
NC_104265.1,NZ_CP155977,Xanthomonas campestris pv. campestris,0,inferred_taxonomy,0.500000,Module_A_cross_genus:Bacillus|NCBI:NC_104265.1
NC_104265.1,NZ_CP167870,Xanthomonas axonopodis,0,inferred_taxonomy,0.500000,Module_A_cross_genus:Bacillus|NCBI:NC_104265.1
NC_104265.1,NZ_CP118477,Xanthomonas citri,0,inferred_taxonomy,0.500000,Module_A_cross_genus:Bacillus|NCBI:NC_104265.1
OK625815.1,NZ_CP155977,Xanthomonas campestris pv. campestris,0,inferred_taxonomy,0.500000,Module_A_cross_genus:Bacillus|NCBI:OK625815.1
OL333533.1,NZ_CP118477,Xanthomonas citri,0,inferred_taxonomy,0.500000,Module_A_cross_genus:Bacillus|NCBI:OL333533.1
NC_104261.1,NZ_CP155977,Xanthomonas campestris pv. campestris,0,inferred_taxonomy,0.500000,Module_A_cross_genus:Bacillus|NCBI:NC_104261.1
LC901396.1,NZ_CP150073,Xanthomonas oryzae pv. oryzae,0,inferred_taxonomy,0.500000,Module_A_cross_genus:Bacillus|NCBI:LC901396.1
PX674298.1,NZ_CP150073,Xanthomonas oryzae pv. oryzae,0,inferred_taxonomy,0.500000,Module_A_cross_genus:Bacillus|NCBI:PX674298.1
PX674298.1,NZ_CP155977,Xanthomonas campestris pv. campestris,0,inferred_taxonomy,0.500000,Module_A_cross_genus:Bacillus|NCBI:PX674298.1
PX674298.1,NZ_CP167870,Xanthomonas axonopodis,0,inferred_taxonomy,0.500000,Module_A_cross_genus:Bacillus|NCBI:PX674298.1
PX674298.1,NZ_CP118477,Xanthomonas citri,0,inferred_taxonomy,0.500000,Module_A_cross_genus:Bacillus|NCBI:PX674298.1
PX654436.1,NZ_CP150073,Xanthomonas oryzae pv. oryzae,0,inferred_taxonomy,0.500000,Module_A_cross_genus:Bacillus|NCBI:PX654436.1
PX654436.1,NZ_CP155977,Xanthomonas campestris pv. campestris,0,inferred_taxonomy,0.500000,Module_A_cross_genus:Bacillus|NCBI:PX654436.1
PX654436.1,NZ_CP167870,Xanthomonas axonopodis,0,inferred_taxonomy,0.500000,Module_A_cross_genus:Bacillus|NCBI:PX654436.1
PX654436.1,NZ_CP118477,Xanthomonas citri,0,inferred_taxonomy,0.500000,Module_A_cross_genus:Bacillus|NCBI:PX654436.1
PX516693.1,NZ_CP150073,Xanthomonas oryzae pv. oryzae,0,inferred_taxonomy,0.500000,Module_A_cross_genus:Bacillus|NCBI:PX516693.1
PX516693.1,NZ_CP155977,Xanthomonas campestris pv. campestris,0,inferred_taxonomy,0.500000,Module_A_cross_genus:Bacillus|NCBI:PX516693.1
PX516693.1,NZ_CP167870,Xanthomonas axonopodis,0,inferred_taxonomy,0.500000,Module_A_cross_genus:Bacillus|NCBI:PX516693.1
PX516693.1,NZ_CP118477,Xanthomonas citri,0,inferred_taxonomy,0.500000,Module_A_cross_genus:Bacillus|NCBI:PX516693.1
LC901396.1,NZ_CP155977,Xanthomonas campestris pv. campestris,0,inferred_taxonomy,0.500000,Module_A_cross_genus:Bacillus|NCBI:LC901396.1
OL333533.1,NZ_CP167870,Xanthomonas axonopodis,0,inferred_taxonomy,0.500000,Module_A_cross_genus:Bacillus|NCBI:OL333533.1
LC901396.1,NZ_CP167870,Xanthomonas axonopodis,0,inferred_taxonomy,0.500000,Module_A_cross_genus:Bacillus|NCBI:LC901396.1
LC901396.1,NZ_CP118477,Xanthomonas citri,0,inferred_taxonomy,0.500000,Module_A_cross_genus:Bacillus|NCBI:LC901396.1
NC_102382.1,NZ_CP150073,Xanthomonas oryzae pv. oryzae,0,inferred_taxonomy,0.500000,Module_A_cross_genus:Bacillus|NCBI:NC_102382.1
NC_102382.1,NZ_CP155977,Xanthomonas campestris pv. campestris,0,inferred_taxonomy,0.500000,Module_A_cross_genus:Bacillus|NCBI:NC_102382.1
NC_102382.1,NZ_CP167870,Xanthomonas axonopodis,0,inferred_taxonomy,0.500000,Module_A_cross_genus:Bacillus|NCBI:NC_102382.1
NC_102382.1,NZ_CP118477,Xanthomonas citri,0,inferred_taxonomy,0.500000,Module_A_cross_genus:Bacillus|NCBI:NC_102382.1
NC_102606.1,NZ_CP150073,Xanthomonas oryzae pv. oryzae,0,inferred_taxonomy,0.500000,Module_A_cross_genus:Bacillus|NCBI:NC_102606.1
NC_102606.1,NZ_CP155977,Xanthomonas campestris pv. campestris,0,inferred_taxonomy,0.500000,Module_A_cross_genus:Bacillus|NCBI:NC_102606.1
NC_102606.1,NZ_CP167870,Xanthomonas axonopodis,0,inferred_taxonomy,0.500000,Module_A_cross_genus:Bacillus|NCBI:NC_102606.1
NC_102606.1,NZ_CP118477,Xanthomonas citri,0,inferred_taxonomy,0.500000,Module_A_cross_genus:Bacillus|NCBI:NC_102606.1
OL333533.1,NZ_CP150073,Xanthomonas oryzae pv. oryzae,0,inferred_taxonomy,0.500000,Module_A_cross_genus:Bacillus|NCBI:OL333533.1
OL333533.1,NZ_CP155977,Xanthomonas campestris pv. campestris,0,inferred_taxonomy,0.500000,Module_A_cross_genus:Bacillus|NCBI:OL333533.1
NC_104261.1,NZ_CP150073,Xanthomonas oryzae pv. oryzae,0,inferred_taxonomy,0.500000,Module_A_cross_genus:Bacillus|NCBI:NC_104261.1
NC_104261.1,NZ_CP167870,Xanthomonas axonopodis,0,inferred_taxonomy,0.500000,Module_A_cross_genus:Bacillus|NCBI:NC_104261.1
NC_108342.1,NZ_CP155977,Xanthomonas campestris pv. campestris,0,inferred_taxonomy,0.500000,Module_A_cross_genus:Bacillus|NCBI:NC_108342.1
PV695472.1,NZ_CP167870,Xanthomonas axonopodis,0,inferred_taxonomy,0.500000,Module_A_cross_genus:Bacillus|NCBI:PV695472.1
PX023499.1,NZ_CP167870,Xanthomonas axonopodis,0,inferred_taxonomy,0.500000,Module_A_cross_genus:Bacillus|NCBI:PX023499.1
PX023499.1,NZ_CP118477,Xanthomonas citri,0,inferred_taxonomy,0.500000,Module_A_cross_genus:Bacillus|NCBI:PX023499.1
PQ338056.1,NZ_CP150073,Xanthomonas oryzae pv. oryzae,0,inferred_taxonomy,0.500000,Module_A_cross_genus:Bacillus|NCBI:PQ338056.1
PQ338056.1,NZ_CP155977,Xanthomonas campestris pv. campestris,0,inferred_taxonomy,0.500000,Module_A_cross_genus:Bacillus|NCBI:PQ338056.1
PQ338056.1,NZ_CP167870,Xanthomonas axonopodis,0,inferred_taxonomy,0.500000,Module_A_cross_genus:Bacillus|NCBI:PQ338056.1
PQ338056.1,NZ_CP118477,Xanthomonas citri,0,inferred_taxonomy,0.500000,Module_A_cross_genus:Bacillus|NCBI:PQ338056.1
PV695473.1,NZ_CP150073,Xanthomonas oryzae pv. oryzae,0,inferred_taxonomy,0.500000,Module_A_cross_genus:Bacillus|NCBI:PV695473.1
PV695473.1,NZ_CP155977,Xanthomonas campestris pv. campestris,0,inferred_taxonomy,0.500000,Module_A_cross_genus:Bacillus|NCBI:PV695473.1
PV695473.1,NZ_CP167870,Xanthomonas axonopodis,0,inferred_taxonomy,0.500000,Module_A_cross_genus:Bacillus|NCBI:PV695473.1
PV695473.1,NZ_CP118477,Xanthomonas citri,0,inferred_taxonomy,0.500000,Module_A_cross_genus:Bacillus|NCBI:PV695473.1
PV695472.1,NZ_CP150073,Xanthomonas oryzae pv. oryzae,0,inferred_taxonomy,0.500000,Module_A_cross_genus:Bacillus|NCBI:PV695472.1
PV695472.1,NZ_CP155977,Xanthomonas campestris pv. campestris,0,inferred_taxonomy,0.500000,Module_A_cross_genus:Bacillus|NCBI:PV695472.1
PV695472.1,NZ_CP118477,Xanthomonas citri,0,inferred_taxonomy,0.500000,Module_A_cross_genus:Bacillus|NCBI:PV695472.1
PX023499.1,NZ_CP150073,Xanthomonas oryzae pv. oryzae,0,inferred_taxonomy,0.500000,Module_A_cross_genus:Bacillus|NCBI:PX023499.1
PV796108.1,NZ_CP150073,Xanthomonas oryzae pv. oryzae,0,inferred_taxonomy,0.500000,Module_A_cross_genus:Bacillus|NCBI:PV796108.1
PV796108.1,NZ_CP155977,Xanthomonas campestris pv. campestris,0,inferred_taxonomy,0.500000,Module_A_cross_genus:Bacillus|NCBI:PV796108.1
PV796108.1,NZ_CP167870,Xanthomonas axonopodis,0,inferred_taxonomy,0.500000,Module_A_cross_genus:Bacillus|NCBI:PV796108.1
PV796108.1,NZ_CP118477,Xanthomonas citri,0,inferred_taxonomy,0.500000,Module_A_cross_genus:Bacillus|NCBI:PV796108.1
NC_111375.1,NZ_CP150073,Xanthomonas oryzae pv. oryzae,0,inferred_taxonomy,0.500000,Module_A_cross_genus:Bacillus|NCBI:NC_111375.1
NC_111375.1,NZ_CP155977,Xanthomonas campestris pv. campestris,0,inferred_taxonomy,0.500000,Module_A_cross_genus:Bacillus|NCBI:NC_111375.1
NC_111375.1,NZ_CP167870,Xanthomonas axonopodis,0,inferred_taxonomy,0.500000,Module_A_cross_genus:Bacillus|NCBI:NC_111375.1
NC_111375.1,NZ_CP118477,Xanthomonas citri,0,inferred_taxonomy,0.500000,Module_A_cross_genus:Bacillus|NCBI:NC_111375.1
NC_111368.1,NZ_CP150073,Xanthomonas oryzae pv. oryzae,0,inferred_taxonomy,0.500000,Module_A_cross_genus:Bacillus|NCBI:NC_111368.1
NC_111368.1,NZ_CP155977,Xanthomonas campestris pv. campestris,0,inferred_taxonomy,0.500000,Module_A_cross_genus:Bacillus|NCBI:NC_111368.1
NC_111368.1,NZ_CP167870,Xanthomonas axonopodis,0,inferred_taxonomy,0.500000,Module_A_cross_genus:Bacillus|NCBI:NC_111368.1
NC_111368.1,NZ_CP118477,Xanthomonas citri,0,inferred_taxonomy,0.500000,Module_A_cross_genus:Bacillus|NCBI:NC_111368.1
PX023499.1,NZ_CP155977,Xanthomonas campestris pv. campestris,0,inferred_taxonomy,0.500000,Module_A_cross_genus:Bacillus|NCBI:PX023499.1
PV844446.1,NZ_CP118477,Xanthomonas citri,0,inferred_taxonomy,0.500000,Module_A_cross_genus:Bacillus|NCBI:PV844446.1
NC_104261.1,NZ_CP118477,Xanthomonas citri,0,inferred_taxonomy,0.500000,Module_A_cross_genus:Bacillus|NCBI:NC_104261.1
MT980839.1,NZ_CP150073,Xanthomonas oryzae pv. oryzae,0,inferred_taxonomy,0.500000,Module_A_cross_genus:Bacillus|NCBI:MT980839.1
NC_112270.1,NZ_CP150073,Xanthomonas oryzae pv. oryzae,0,inferred_taxonomy,0.500000,Module_A_cross_genus:Bacillus|NCBI:NC_112270.1
NC_112270.1,NZ_CP155977,Xanthomonas campestris pv. campestris,0,inferred_taxonomy,0.500000,Module_A_cross_genus:Bacillus|NCBI:NC_112270.1
NC_112270.1,NZ_CP167870,Xanthomonas axonopodis,0,inferred_taxonomy,0.500000,Module_A_cross_genus:Bacillus|NCBI:NC_112270.1
NC_112270.1,NZ_CP118477,Xanthomonas citri,0,inferred_taxonomy,0.500000,Module_A_cross_genus:Bacillus|NCBI:NC_112270.1
NC_111369.1,NZ_CP150073,Xanthomonas oryzae pv. oryzae,0,inferred_taxonomy,0.500000,Module_A_cross_genus:Bacillus|NCBI:NC_111369.1
NC_111369.1,NZ_CP155977,Xanthomonas campestris pv. campestris,0,inferred_taxonomy,0.500000,Module_A_cross_genus:Bacillus|NCBI:NC_111369.1
NC_111369.1,NZ_CP167870,Xanthomonas axonopodis,0,inferred_taxonomy,0.500000,Module_A_cross_genus:Bacillus|NCBI:NC_111369.1
NC_111369.1,NZ_CP118477,Xanthomonas citri,0,inferred_taxonomy,0.500000,Module_A_cross_genus:Bacillus|NCBI:NC_111369.1
NC_102127.1,NZ_CP150073,Xanthomonas oryzae pv. oryzae,0,inferred_taxonomy,0.500000,Module_A_cross_genus:Bacillus|NCBI:NC_102127.1
NC_102127.1,NZ_CP155977,Xanthomonas campestris pv. campestris,0,inferred_taxonomy,0.500000,Module_A_cross_genus:Bacillus|NCBI:NC_102127.1
NC_102127.1,NZ_CP167870,Xanthomonas axonopodis,0,inferred_taxonomy,0.500000,Module_A_cross_genus:Bacillus|NCBI:NC_102127.1
NC_102127.1,NZ_CP118477,Xanthomonas citri,0,inferred_taxonomy,0.500000,Module_A_cross_genus:Bacillus|NCBI:NC_102127.1
MT980839.1,NZ_CP155977,Xanthomonas campestris pv. campestris,0,inferred_taxonomy,0.500000,Module_A_cross_genus:Bacillus|NCBI:MT980839.1
PV844446.1,NZ_CP167870,Xanthomonas axonopodis,0,inferred_taxonomy,0.500000,Module_A_cross_genus:Bacillus|NCBI:PV844446.1
MT980839.1,NZ_CP167870,Xanthomonas axonopodis,0,inferred_taxonomy,0.500000,Module_A_cross_genus:Bacillus|NCBI:MT980839.1
MT980839.1,NZ_CP118477,Xanthomonas citri,0,inferred_taxonomy,0.500000,Module_A_cross_genus:Bacillus|NCBI:MT980839.1
DQ222855.1,NZ_CP150073,Xanthomonas oryzae pv. oryzae,0,inferred_taxonomy,0.500000,Module_A_cross_genus:Bacillus|NCBI:DQ222855.1
DQ222855.1,NZ_CP155977,Xanthomonas campestris pv. campestris,0,inferred_taxonomy,0.500000,Module_A_cross_genus:Bacillus|NCBI:DQ222855.1
DQ222855.1,NZ_CP167870,Xanthomonas axonopodis,0,inferred_taxonomy,0.500000,Module_A_cross_genus:Bacillus|NCBI:DQ222855.1
DQ222855.1,NZ_CP118477,Xanthomonas citri,0,inferred_taxonomy,0.500000,Module_A_cross_genus:Bacillus|NCBI:DQ222855.1
NC_107481.1,NZ_CP150073,Xanthomonas oryzae pv. oryzae,0,inferred_taxonomy,0.500000,Module_A_cross_genus:Bacillus|NCBI:NC_107481.1
NC_107481.1,NZ_CP155977,Xanthomonas campestris pv. campestris,0,inferred_taxonomy,0.500000,Module_A_cross_genus:Bacillus|NCBI:NC_107481.1
NC_107481.1,NZ_CP167870,Xanthomonas axonopodis,0,inferred_taxonomy,0.500000,Module_A_cross_genus:Bacillus|NCBI:NC_107481.1
NC_107481.1,NZ_CP118477,Xanthomonas citri,0,inferred_taxonomy,0.500000,Module_A_cross_genus:Bacillus|NCBI:NC_107481.1
PV844446.1,NZ_CP150073,Xanthomonas oryzae pv. oryzae,0,inferred_taxonomy,0.500000,Module_A_cross_genus:Bacillus|NCBI:PV844446.1
PV844446.1,NZ_CP155977,Xanthomonas campestris pv. campestris,0,inferred_taxonomy,0.500000,Module_A_cross_genus:Bacillus|NCBI:PV844446.1
PX842512.1,NZ_CP118477,Xanthomonas citri,0,inferred_taxonomy,0.500000,Module_A_cross_genus:Bacillus|NCBI:PX842512.1
PX842512.1,NZ_CP167870,Xanthomonas axonopodis,0,inferred_taxonomy,0.500000,Module_A_cross_genus:Bacillus|NCBI:PX842512.1
PX842512.1,NZ_CP155977,Xanthomonas campestris pv. campestris,0,inferred_taxonomy,0.500000,Module_A_cross_genus:Bacillus|NCBI:PX842512.1
NC_105619.1,NZ_CP118477,Xanthomonas citri,0,inferred_taxonomy,0.500000,Module_A_cross_genus:Escherichia|NCBI:NC_105619.1
PV920691.1,NZ_CP118477,Xanthomonas citri,0,inferred_taxonomy,0.500000,Module_A_cross_genus:Escherichia|NCBI:PV920691.1
PX651718.1,NZ_CP150073,Xanthomonas oryzae pv. oryzae,0,inferred_taxonomy,0.500000,Module_A_cross_genus:Escherichia|NCBI:PX651718.1
PX651718.1,NZ_CP155977,Xanthomonas campestris pv. campestris,0,inferred_taxonomy,0.500000,Module_A_cross_genus:Escherichia|NCBI:PX651718.1
PX651718.1,NZ_CP167870,Xanthomonas axonopodis,0,inferred_taxonomy,0.500000,Module_A_cross_genus:Escherichia|NCBI:PX651718.1
PX651718.1,NZ_CP118477,Xanthomonas citri,0,inferred_taxonomy,0.500000,Module_A_cross_genus:Escherichia|NCBI:PX651718.1
NC_105433.1,NZ_CP150073,Xanthomonas oryzae pv. oryzae,0,inferred_taxonomy,0.500000,Module_A_cross_genus:Escherichia|NCBI:NC_105433.1
NC_105433.1,NZ_CP155977,Xanthomonas campestris pv. campestris,0,inferred_taxonomy,0.500000,Module_A_cross_genus:Escherichia|NCBI:NC_105433.1
NC_105433.1,NZ_CP167870,Xanthomonas axonopodis,0,inferred_taxonomy,0.500000,Module_A_cross_genus:Escherichia|NCBI:NC_105433.1
NC_105433.1,NZ_CP118477,Xanthomonas citri,0,inferred_taxonomy,0.500000,Module_A_cross_genus:Escherichia|NCBI:NC_105433.1
NC_105619.1,NZ_CP150073,Xanthomonas oryzae pv. oryzae,0,inferred_taxonomy,0.500000,Module_A_cross_genus:Escherichia|NCBI:NC_105619.1
NC_105619.1,NZ_CP155977,Xanthomonas campestris pv. campestris,0,inferred_taxonomy,0.500000,Module_A_cross_genus:Escherichia|NCBI:NC_105619.1
NC_105619.1,NZ_CP167870,Xanthomonas axonopodis,0,inferred_taxonomy,0.500000,Module_A_cross_genus:Escherichia|NCBI:NC_105619.1
NC_105618.1,NZ_CP150073,Xanthomonas oryzae pv. oryzae,0,inferred_taxonomy,0.500000,Module_A_cross_genus:Escherichia|NCBI:NC_105618.1
PV920691.1,NZ_CP155977,Xanthomonas campestris pv. campestris,0,inferred_taxonomy,0.500000,Module_A_cross_genus:Escherichia|NCBI:PV920691.1
NC_105618.1,NZ_CP155977,Xanthomonas campestris pv. campestris,0,inferred_taxonomy,0.500000,Module_A_cross_genus:Escherichia|NCBI:NC_105618.1
NC_105618.1,NZ_CP167870,Xanthomonas axonopodis,0,inferred_taxonomy,0.500000,Module_A_cross_genus:Escherichia|NCBI:NC_105618.1
NC_105618.1,NZ_CP118477,Xanthomonas citri,0,inferred_taxonomy,0.500000,Module_A_cross_genus:Escherichia|NCBI:NC_105618.1
NC_105617.1,NZ_CP150073,Xanthomonas oryzae pv. oryzae,0,inferred_taxonomy,0.500000,Module_A_cross_genus:Escherichia|NCBI:NC_105617.1
NC_105617.1,NZ_CP155977,Xanthomonas campestris pv. campestris,0,inferred_taxonomy,0.500000,Module_A_cross_genus:Escherichia|NCBI:NC_105617.1
NC_105617.1,NZ_CP167870,Xanthomonas axonopodis,0,inferred_taxonomy,0.500000,Module_A_cross_genus:Escherichia|NCBI:NC_105617.1
NC_105617.1,NZ_CP118477,Xanthomonas citri,0,inferred_taxonomy,0.500000,Module_A_cross_genus:Escherichia|NCBI:NC_105617.1
NC_109358.1,NZ_CP150073,Xanthomonas oryzae pv. oryzae,0,inferred_taxonomy,0.500000,Module_A_cross_genus:Escherichia|NCBI:NC_109358.1
NC_109358.1,NZ_CP155977,Xanthomonas campestris pv. campestris,0,inferred_taxonomy,0.500000,Module_A_cross_genus:Escherichia|NCBI:NC_109358.1
NC_109358.1,NZ_CP167870,Xanthomonas axonopodis,0,inferred_taxonomy,0.500000,Module_A_cross_genus:Escherichia|NCBI:NC_109358.1
NC_109358.1,NZ_CP118477,Xanthomonas citri,0,inferred_taxonomy,0.500000,Module_A_cross_genus:Escherichia|NCBI:NC_109358.1
NC_107631.1,NZ_CP150073,Xanthomonas oryzae pv. oryzae,0,inferred_taxonomy,0.500000,Module_A_cross_genus:Escherichia|NCBI:NC_107631.1
PV920691.1,NZ_CP167870,Xanthomonas axonopodis,0,inferred_taxonomy,0.500000,Module_A_cross_genus:Escherichia|NCBI:PV920691.1
PV920691.1,NZ_CP150073,Xanthomonas oryzae pv. oryzae,0,inferred_taxonomy,0.500000,Module_A_cross_genus:Escherichia|NCBI:PV920691.1
PX842512.1,NZ_CP150073,Xanthomonas oryzae pv. oryzae,0,inferred_taxonomy,0.500000,Module_A_cross_genus:Bacillus|NCBI:PX842512.1
PX880100.1,NZ_CP155977,Xanthomonas campestris pv. campestris,0,inferred_taxonomy,0.500000,Module_A_cross_genus:Escherichia|NCBI:PX880100.1
PX880103.1,NZ_CP155977,Xanthomonas campestris pv. campestris,0,inferred_taxonomy,0.500000,Module_A_cross_genus:Escherichia|NCBI:PX880103.1
PX880103.1,NZ_CP167870,Xanthomonas axonopodis,0,inferred_taxonomy,0.500000,Module_A_cross_genus:Escherichia|NCBI:PX880103.1
PX880103.1,NZ_CP118477,Xanthomonas citri,0,inferred_taxonomy,0.500000,Module_A_cross_genus:Escherichia|NCBI:PX880103.1
PX880102.1,NZ_CP150073,Xanthomonas oryzae pv. oryzae,0,inferred_taxonomy,0.500000,Module_A_cross_genus:Escherichia|NCBI:PX880102.1
PX880102.1,NZ_CP155977,Xanthomonas campestris pv. campestris,0,inferred_taxonomy,0.500000,Module_A_cross_genus:Escherichia|NCBI:PX880102.1
PX880102.1,NZ_CP167870,Xanthomonas axonopodis,0,inferred_taxonomy,0.500000,Module_A_cross_genus:Escherichia|NCBI:PX880102.1
PX880102.1,NZ_CP118477,Xanthomonas citri,0,inferred_taxonomy,0.500000,Module_A_cross_genus:Escherichia|NCBI:PX880102.1
PX880101.1,NZ_CP150073,Xanthomonas oryzae pv. oryzae,0,inferred_taxonomy,0.500000,Module_A_cross_genus:Escherichia|NCBI:PX880101.1
PX880101.1,NZ_CP155977,Xanthomonas campestris pv. campestris,0,inferred_taxonomy,0.500000,Module_A_cross_genus:Escherichia|NCBI:PX880101.1
PX880101.1,NZ_CP167870,Xanthomonas axonopodis,0,inferred_taxonomy,0.500000,Module_A_cross_genus:Escherichia|NCBI:PX880101.1
PX880101.1,NZ_CP118477,Xanthomonas citri,0,inferred_taxonomy,0.500000,Module_A_cross_genus:Escherichia|NCBI:PX880101.1
PX880100.1,NZ_CP150073,Xanthomonas oryzae pv. oryzae,0,inferred_taxonomy,0.500000,Module_A_cross_genus:Escherichia|NCBI:PX880100.1
PX880100.1,NZ_CP167870,Xanthomonas axonopodis,0,inferred_taxonomy,0.500000,Module_A_cross_genus:Escherichia|NCBI:PX880100.1
PX974237.1,NZ_CP118477,Xanthomonas citri,0,inferred_taxonomy,0.500000,Module_A_cross_genus:Escherichia|NCBI:PX974237.1
PX880100.1,NZ_CP118477,Xanthomonas citri,0,inferred_taxonomy,0.500000,Module_A_cross_genus:Escherichia|NCBI:PX880100.1
PX880099.1,NZ_CP150073,Xanthomonas oryzae pv. oryzae,0,inferred_taxonomy,0.500000,Module_A_cross_genus:Escherichia|NCBI:PX880099.1
PX880099.1,NZ_CP155977,Xanthomonas campestris pv. campestris,0,inferred_taxonomy,0.500000,Module_A_cross_genus:Escherichia|NCBI:PX880099.1
PX880099.1,NZ_CP167870,Xanthomonas axonopodis,0,inferred_taxonomy,0.500000,Module_A_cross_genus:Escherichia|NCBI:PX880099.1
PX880099.1,NZ_CP118477,Xanthomonas citri,0,inferred_taxonomy,0.500000,Module_A_cross_genus:Escherichia|NCBI:PX880099.1
PX880098.1,NZ_CP150073,Xanthomonas oryzae pv. oryzae,0,inferred_taxonomy,0.500000,Module_A_cross_genus:Escherichia|NCBI:PX880098.1
PX880098.1,NZ_CP155977,Xanthomonas campestris pv. campestris,0,inferred_taxonomy,0.500000,Module_A_cross_genus:Escherichia|NCBI:PX880098.1
PX880098.1,NZ_CP167870,Xanthomonas axonopodis,0,inferred_taxonomy,0.500000,Module_A_cross_genus:Escherichia|NCBI:PX880098.1
PX880098.1,NZ_CP118477,Xanthomonas citri,0,inferred_taxonomy,0.500000,Module_A_cross_genus:Escherichia|NCBI:PX880098.1
PX974237.1,NZ_CP150073,Xanthomonas oryzae pv. oryzae,0,inferred_taxonomy,0.500000,Module_A_cross_genus:Escherichia|NCBI:PX974237.1
PX974237.1,NZ_CP155977,Xanthomonas campestris pv. campestris,0,inferred_taxonomy,0.500000,Module_A_cross_genus:Escherichia|NCBI:PX974237.1
PX974237.1,NZ_CP167870,Xanthomonas axonopodis,0,inferred_taxonomy,0.500000,Module_A_cross_genus:Escherichia|NCBI:PX974237.1
NC_107631.1,NZ_CP155977,Xanthomonas campestris pv. campestris,0,inferred_taxonomy,0.500000,Module_A_cross_genus:Escherichia|NCBI:NC_107631.1
NC_107631.1,NZ_CP167870,Xanthomonas axonopodis,0,inferred_taxonomy,0.500000,Module_A_cross_genus:Escherichia|NCBI:NC_107631.1
NC_107631.1,NZ_CP118477,Xanthomonas citri,0,inferred_taxonomy,0.500000,Module_A_cross_genus:Escherichia|NCBI:NC_107631.1
PX866600.1,NZ_CP167870,Xanthomonas axonopodis,0,inferred_taxonomy,0.500000,Module_A_cross_genus:Bacillus|NCBI:PX866600.1
PQ634339.1,NZ_CP167870,Xanthomonas axonopodis,0,inferred_taxonomy,0.500000,Module_A_cross_genus:Bacillus|NCBI:PQ634339.1
PQ634339.1,NZ_CP118477,Xanthomonas citri,0,inferred_taxonomy,0.500000,Module_A_cross_genus:Bacillus|NCBI:PQ634339.1
PQ618007.1,NZ_CP150073,Xanthomonas oryzae pv. oryzae,0,inferred_taxonomy,0.500000,Module_A_cross_genus:Bacillus|NCBI:PQ618007.1
PQ618007.1,NZ_CP155977,Xanthomonas campestris pv. campestris,0,inferred_taxonomy,0.500000,Module_A_cross_genus:Bacillus|NCBI:PQ618007.1
PQ618007.1,NZ_CP167870,Xanthomonas axonopodis,0,inferred_taxonomy,0.500000,Module_A_cross_genus:Bacillus|NCBI:PQ618007.1
PQ618007.1,NZ_CP118477,Xanthomonas citri,0,inferred_taxonomy,0.500000,Module_A_cross_genus:Bacillus|NCBI:PQ618007.1
PX974340.1,NZ_CP150073,Xanthomonas oryzae pv. oryzae,0,inferred_taxonomy,0.500000,Module_A_cross_genus:Bacillus|NCBI:PX974340.1
PX974340.1,NZ_CP155977,Xanthomonas campestris pv. campestris,0,inferred_taxonomy,0.500000,Module_A_cross_genus:Bacillus|NCBI:PX974340.1
PX974340.1,NZ_CP167870,Xanthomonas axonopodis,0,inferred_taxonomy,0.500000,Module_A_cross_genus:Bacillus|NCBI:PX974340.1
PX974340.1,NZ_CP118477,Xanthomonas citri,0,inferred_taxonomy,0.500000,Module_A_cross_genus:Bacillus|NCBI:PX974340.1
PX866600.1,NZ_CP150073,Xanthomonas oryzae pv. oryzae,0,inferred_taxonomy,0.500000,Module_A_cross_genus:Bacillus|NCBI:PX866600.1
PX866600.1,NZ_CP155977,Xanthomonas campestris pv. campestris,0,inferred_taxonomy,0.500000,Module_A_cross_genus:Bacillus|NCBI:PX866600.1
PX866600.1,NZ_CP118477,Xanthomonas citri,0,inferred_taxonomy,0.500000,Module_A_cross_genus:Bacillus|NCBI:PX866600.1
NC_105106.1,NZ_CP150073,Xanthomonas oryzae pv. oryzae,0,inferred_taxonomy,0.500000,Module_A_cross_genus:Escherichia|NCBI:NC_105106.1
PX866599.1,NZ_CP150073,Xanthomonas oryzae pv. oryzae,0,inferred_taxonomy,0.500000,Module_A_cross_genus:Bacillus|NCBI:PX866599.1
PX866599.1,NZ_CP155977,Xanthomonas campestris pv. campestris,0,inferred_taxonomy,0.500000,Module_A_cross_genus:Bacillus|NCBI:PX866599.1
PX866599.1,NZ_CP167870,Xanthomonas axonopodis,0,inferred_taxonomy,0.500000,Module_A_cross_genus:Bacillus|NCBI:PX866599.1
PX866599.1,NZ_CP118477,Xanthomonas citri,0,inferred_taxonomy,0.500000,Module_A_cross_genus:Bacillus|NCBI:PX866599.1
PX872532.1,NZ_CP150073,Xanthomonas oryzae pv. oryzae,0,inferred_taxonomy,0.500000,Module_A_cross_genus:Bacillus|NCBI:PX872532.1
PX872532.1,NZ_CP155977,Xanthomonas campestris pv. campestris,0,inferred_taxonomy,0.500000,Module_A_cross_genus:Bacillus|NCBI:PX872532.1
PX872532.1,NZ_CP167870,Xanthomonas axonopodis,0,inferred_taxonomy,0.500000,Module_A_cross_genus:Bacillus|NCBI:PX872532.1
PX872532.1,NZ_CP118477,Xanthomonas citri,0,inferred_taxonomy,0.500000,Module_A_cross_genus:Bacillus|NCBI:PX872532.1
OM373206.1,NZ_CP150073,Xanthomonas oryzae pv. oryzae,0,inferred_taxonomy,0.500000,Module_A_cross_genus:Bacillus|NCBI:OM373206.1
OM373206.1,NZ_CP155977,Xanthomonas campestris pv. campestris,0,inferred_taxonomy,0.500000,Module_A_cross_genus:Bacillus|NCBI:OM373206.1
OM373206.1,NZ_CP167870,Xanthomonas axonopodis,0,inferred_taxonomy,0.500000,Module_A_cross_genus:Bacillus|NCBI:OM373206.1
OM373206.1,NZ_CP118477,Xanthomonas citri,0,inferred_taxonomy,0.500000,Module_A_cross_genus:Bacillus|NCBI:OM373206.1
PQ634339.1,NZ_CP155977,Xanthomonas campestris pv. campestris,0,inferred_taxonomy,0.500000,Module_A_cross_genus:Bacillus|NCBI:PQ634339.1
PQ634339.1,NZ_CP150073,Xanthomonas oryzae pv. oryzae,0,inferred_taxonomy,0.500000,Module_A_cross_genus:Bacillus|NCBI:PQ634339.1
NC_105436.1,NZ_CP118477,Xanthomonas citri,0,inferred_taxonomy,0.500000,Module_A_cross_genus:Escherichia|NCBI:NC_105436.1
NC_105436.1,NZ_CP167870,Xanthomonas axonopodis,0,inferred_taxonomy,0.500000,Module_A_cross_genus:Escherichia|NCBI:NC_105436.1
NC_105106.1,NZ_CP155977,Xanthomonas campestris pv. campestris,0,inferred_taxonomy,0.500000,Module_A_cross_genus:Escherichia|NCBI:NC_105106.1
NC_105106.1,NZ_CP167870,Xanthomonas axonopodis,0,inferred_taxonomy,0.500000,Module_A_cross_genus:Escherichia|NCBI:NC_105106.1
NC_105106.1,NZ_CP118477,Xanthomonas citri,0,inferred_taxonomy,0.500000,Module_A_cross_genus:Escherichia|NCBI:NC_105106.1
NC_105788.1,NZ_CP150073,Xanthomonas oryzae pv. oryzae,0,inferred_taxonomy,0.500000,Module_A_cross_genus:Escherichia|NCBI:NC_105788.1
NC_105788.1,NZ_CP155977,Xanthomonas campestris pv. campestris,0,inferred_taxonomy,0.500000,Module_A_cross_genus:Escherichia|NCBI:NC_105788.1
NC_105788.1,NZ_CP167870,Xanthomonas axonopodis,0,inferred_taxonomy,0.500000,Module_A_cross_genus:Escherichia|NCBI:NC_105788.1
NC_105788.1,NZ_CP118477,Xanthomonas citri,0,inferred_taxonomy,0.500000,Module_A_cross_genus:Escherichia|NCBI:NC_105788.1
NC_129764.1,NZ_CP150073,Xanthomonas oryzae pv. oryzae,0,inferred_taxonomy,0.500000,Module_A_cross_genus:Escherichia|NCBI:NC_129764.1
NC_129764.1,NZ_CP155977,Xanthomonas campestris pv. campestris,0,inferred_taxonomy,0.500000,Module_A_cross_genus:Escherichia|NCBI:NC_129764.1
NC_129764.1,NZ_CP167870,Xanthomonas axonopodis,0,inferred_taxonomy,0.500000,Module_A_cross_genus:Escherichia|NCBI:NC_129764.1
NC_129764.1,NZ_CP118477,Xanthomonas citri,0,inferred_taxonomy,0.500000,Module_A_cross_genus:Escherichia|NCBI:NC_129764.1
NC_105105.1,NZ_CP150073,Xanthomonas oryzae pv. oryzae,0,inferred_taxonomy,0.500000,Module_A_cross_genus:Escherichia|NCBI:NC_105105.1
NC_105105.1,NZ_CP155977,Xanthomonas campestris pv. campestris,0,inferred_taxonomy,0.500000,Module_A_cross_genus:Escherichia|NCBI:NC_105105.1
NC_105105.1,NZ_CP167870,Xanthomonas axonopodis,0,inferred_taxonomy,0.500000,Module_A_cross_genus:Escherichia|NCBI:NC_105105.1
NC_013971.1,NZ_CP150073,Xanthomonas oryzae pv. oryzae,0,inferred_taxonomy,0.500000,Module_A_cross_genus:Escherichia|NCBI:NC_013971.1
NC_013971.1,NZ_CP155977,Xanthomonas campestris pv. campestris,0,inferred_taxonomy,0.500000,Module_A_cross_genus:Escherichia|NCBI:NC_013971.1
NC_013971.1,NZ_CP167870,Xanthomonas axonopodis,0,inferred_taxonomy,0.500000,Module_A_cross_genus:Escherichia|NCBI:NC_013971.1
NC_013971.1,NZ_CP118477,Xanthomonas citri,0,inferred_taxonomy,0.500000,Module_A_cross_genus:Escherichia|NCBI:NC_013971.1
NC_101840.1,NZ_CP150073,Xanthomonas oryzae pv. oryzae,0,inferred_taxonomy,0.500000,Module_A_cross_genus:Escherichia|NCBI:NC_101840.1
NC_101840.1,NZ_CP155977,Xanthomonas campestris pv. campestris,0,inferred_taxonomy,0.500000,Module_A_cross_genus:Escherichia|NCBI:NC_101840.1
NC_101840.1,NZ_CP167870,Xanthomonas axonopodis,0,inferred_taxonomy,0.500000,Module_A_cross_genus:Escherichia|NCBI:NC_101840.1
NC_101840.1,NZ_CP118477,Xanthomonas citri,0,inferred_taxonomy,0.500000,Module_A_cross_genus:Escherichia|NCBI:NC_101840.1
NC_105436.1,NZ_CP150073,Xanthomonas oryzae pv. oryzae,0,inferred_taxonomy,0.500000,Module_A_cross_genus:Escherichia|NCBI:NC_105436.1
NC_105436.1,NZ_CP155977,Xanthomonas campestris pv. campestris,0,inferred_taxonomy,0.500000,Module_A_cross_genus:Escherichia|NCBI:NC_105436.1
NC_108342.1,NZ_CP150073,Xanthomonas oryzae pv. oryzae,0,inferred_taxonomy,0.500000,Module_A_cross_genus:Bacillus|NCBI:NC_108342.1
NC_108342.1,NZ_CP167870,Xanthomonas axonopodis,0,inferred_taxonomy,0.500000,Module_A_cross_genus:Bacillus|NCBI:NC_108342.1
LC890683.1,NZ_CP118477,Xanthomonas citri,0,inferred_taxonomy,0.500000,Module_A_cross_genus:Salmonella|NCBI:LC890683.1
PX872921.1,NZ_CP155977,Xanthomonas campestris pv. campestris,0,inferred_taxonomy,0.500000,Module_A_cross_genus:Klebsiella|NCBI:PX872921.1
PX974332.1,NZ_CP155977,Xanthomonas campestris pv. campestris,0,inferred_taxonomy,0.500000,Module_A_cross_genus:Klebsiella|NCBI:PX974332.1
PX974332.1,NZ_CP167870,Xanthomonas axonopodis,0,inferred_taxonomy,0.500000,Module_A_cross_genus:Klebsiella|NCBI:PX974332.1
PX974332.1,NZ_CP118477,Xanthomonas citri,0,inferred_taxonomy,0.500000,Module_A_cross_genus:Klebsiella|NCBI:PX974332.1
PX872923.1,NZ_CP150073,Xanthomonas oryzae pv. oryzae,0,inferred_taxonomy,0.500000,Module_A_cross_genus:Klebsiella|NCBI:PX872923.1
PX872923.1,NZ_CP155977,Xanthomonas campestris pv. campestris,0,inferred_taxonomy,0.500000,Module_A_cross_genus:Klebsiella|NCBI:PX872923.1
PX872923.1,NZ_CP167870,Xanthomonas axonopodis,0,inferred_taxonomy,0.500000,Module_A_cross_genus:Klebsiella|NCBI:PX872923.1
PX872923.1,NZ_CP118477,Xanthomonas citri,0,inferred_taxonomy,0.500000,Module_A_cross_genus:Klebsiella|NCBI:PX872923.1
PX872922.1,NZ_CP150073,Xanthomonas oryzae pv. oryzae,0,inferred_taxonomy,0.500000,Module_A_cross_genus:Klebsiella|NCBI:PX872922.1
PX872922.1,NZ_CP155977,Xanthomonas campestris pv. campestris,0,inferred_taxonomy,0.500000,Module_A_cross_genus:Klebsiella|NCBI:PX872922.1
PX872922.1,NZ_CP167870,Xanthomonas axonopodis,0,inferred_taxonomy,0.500000,Module_A_cross_genus:Klebsiella|NCBI:PX872922.1
PX872922.1,NZ_CP118477,Xanthomonas citri,0,inferred_taxonomy,0.500000,Module_A_cross_genus:Klebsiella|NCBI:PX872922.1
PX872921.1,NZ_CP150073,Xanthomonas oryzae pv. oryzae,0,inferred_taxonomy,0.500000,Module_A_cross_genus:Klebsiella|NCBI:PX872921.1
PX872921.1,NZ_CP167870,Xanthomonas axonopodis,0,inferred_taxonomy,0.500000,Module_A_cross_genus:Klebsiella|NCBI:PX872921.1
PX974333.1,NZ_CP118477,Xanthomonas citri,0,inferred_taxonomy,0.500000,Module_A_cross_genus:Klebsiella|NCBI:PX974333.1
PX872921.1,NZ_CP118477,Xanthomonas citri,0,inferred_taxonomy,0.500000,Module_A_cross_genus:Klebsiella|NCBI:PX872921.1
PX872920.1,NZ_CP150073,Xanthomonas oryzae pv. oryzae,0,inferred_taxonomy,0.500000,Module_A_cross_genus:Klebsiella|NCBI:PX872920.1
PX872920.1,NZ_CP155977,Xanthomonas campestris pv. campestris,0,inferred_taxonomy,0.500000,Module_A_cross_genus:Klebsiella|NCBI:PX872920.1
PX872920.1,NZ_CP167870,Xanthomonas axonopodis,0,inferred_taxonomy,0.500000,Module_A_cross_genus:Klebsiella|NCBI:PX872920.1
PX872920.1,NZ_CP118477,Xanthomonas citri,0,inferred_taxonomy,0.500000,Module_A_cross_genus:Klebsiella|NCBI:PX872920.1
PX872919.1,NZ_CP150073,Xanthomonas oryzae pv. oryzae,0,inferred_taxonomy,0.500000,Module_A_cross_genus:Klebsiella|NCBI:PX872919.1
PX872919.1,NZ_CP155977,Xanthomonas campestris pv. campestris,0,inferred_taxonomy,0.500000,Module_A_cross_genus:Klebsiella|NCBI:PX872919.1
PX872919.1,NZ_CP167870,Xanthomonas axonopodis,0,inferred_taxonomy,0.500000,Module_A_cross_genus:Klebsiella|NCBI:PX872919.1
PX872919.1,NZ_CP118477,Xanthomonas citri,0,inferred_taxonomy,0.500000,Module_A_cross_genus:Klebsiella|NCBI:PX872919.1
PX872917.1,NZ_CP150073,Xanthomonas oryzae pv. oryzae,0,inferred_taxonomy,0.500000,Module_A_cross_genus:Klebsiella|NCBI:PX872917.1
PX872917.1,NZ_CP155977,Xanthomonas campestris pv. campestris,0,inferred_taxonomy,0.500000,Module_A_cross_genus:Klebsiella|NCBI:PX872917.1
PX872917.1,NZ_CP167870,Xanthomonas axonopodis,0,inferred_taxonomy,0.500000,Module_A_cross_genus:Klebsiella|NCBI:PX872917.1
PX974332.1,NZ_CP150073,Xanthomonas oryzae pv. oryzae,0,inferred_taxonomy,0.500000,Module_A_cross_genus:Klebsiella|NCBI:PX974332.1
PX974333.1,NZ_CP167870,Xanthomonas axonopodis,0,inferred_taxonomy,0.500000,Module_A_cross_genus:Klebsiella|NCBI:PX974333.1
PX872915.1,NZ_CP150073,Xanthomonas oryzae pv. oryzae,0,inferred_taxonomy,0.500000,Module_A_cross_genus:Klebsiella|NCBI:PX872915.1
PX943615.1,NZ_CP118477,Xanthomonas citri,0,inferred_taxonomy,0.500000,Module_A_cross_genus:Klebsiella|NCBI:PX943615.1
PZ055533.1,NZ_CP118477,Xanthomonas citri,0,inferred_taxonomy,0.500000,Module_A_cross_genus:Klebsiella|NCBI:PZ055533.1
PZ055532.1,NZ_CP150073,Xanthomonas oryzae pv. oryzae,0,inferred_taxonomy,0.500000,Module_A_cross_genus:Klebsiella|NCBI:PZ055532.1
PZ055532.1,NZ_CP155977,Xanthomonas campestris pv. campestris,0,inferred_taxonomy,0.500000,Module_A_cross_genus:Klebsiella|NCBI:PZ055532.1
PZ055532.1,NZ_CP167870,Xanthomonas axonopodis,0,inferred_taxonomy,0.500000,Module_A_cross_genus:Klebsiella|NCBI:PZ055532.1
PZ055532.1,NZ_CP118477,Xanthomonas citri,0,inferred_taxonomy,0.500000,Module_A_cross_genus:Klebsiella|NCBI:PZ055532.1
PZ055531.1,NZ_CP150073,Xanthomonas oryzae pv. oryzae,0,inferred_taxonomy,0.500000,Module_A_cross_genus:Klebsiella|NCBI:PZ055531.1
PZ055531.1,NZ_CP155977,Xanthomonas campestris pv. campestris,0,inferred_taxonomy,0.500000,Module_A_cross_genus:Klebsiella|NCBI:PZ055531.1
PZ055531.1,NZ_CP167870,Xanthomonas axonopodis,0,inferred_taxonomy,0.500000,Module_A_cross_genus:Klebsiella|NCBI:PZ055531.1
PZ055531.1,NZ_CP118477,Xanthomonas citri,0,inferred_taxonomy,0.500000,Module_A_cross_genus:Klebsiella|NCBI:PZ055531.1
PX943615.1,NZ_CP150073,Xanthomonas oryzae pv. oryzae,0,inferred_taxonomy,0.500000,Module_A_cross_genus:Klebsiella|NCBI:PX943615.1
PX943615.1,NZ_CP155977,Xanthomonas campestris pv. campestris,0,inferred_taxonomy,0.500000,Module_A_cross_genus:Klebsiella|NCBI:PX943615.1
PX943615.1,NZ_CP167870,Xanthomonas axonopodis,0,inferred_taxonomy,0.500000,Module_A_cross_genus:Klebsiella|NCBI:PX943615.1
PX974239.1,NZ_CP150073,Xanthomonas oryzae pv. oryzae,0,inferred_taxonomy,0.500000,Module_A_cross_genus:Klebsiella|NCBI:PX974239.1
PX974333.1,NZ_CP155977,Xanthomonas campestris pv. campestris,0,inferred_taxonomy,0.500000,Module_A_cross_genus:Klebsiella|NCBI:PX974333.1
PX974239.1,NZ_CP155977,Xanthomonas campestris pv. campestris,0,inferred_taxonomy,0.500000,Module_A_cross_genus:Klebsiella|NCBI:PX974239.1
PX974239.1,NZ_CP167870,Xanthomonas axonopodis,0,inferred_taxonomy,0.500000,Module_A_cross_genus:Klebsiella|NCBI:PX974239.1
PX974239.1,NZ_CP118477,Xanthomonas citri,0,inferred_taxonomy,0.500000,Module_A_cross_genus:Klebsiella|NCBI:PX974239.1
PZ050808.1,NZ_CP150073,Xanthomonas oryzae pv. oryzae,0,inferred_taxonomy,0.500000,Module_A_cross_genus:Klebsiella|NCBI:PZ050808.1
PZ050808.1,NZ_CP155977,Xanthomonas campestris pv. campestris,0,inferred_taxonomy,0.500000,Module_A_cross_genus:Klebsiella|NCBI:PZ050808.1
PZ050808.1,NZ_CP167870,Xanthomonas axonopodis,0,inferred_taxonomy,0.500000,Module_A_cross_genus:Klebsiella|NCBI:PZ050808.1
PZ050808.1,NZ_CP118477,Xanthomonas citri,0,inferred_taxonomy,0.500000,Module_A_cross_genus:Klebsiella|NCBI:PZ050808.1
PZ036784.1,NZ_CP150073,Xanthomonas oryzae pv. oryzae,0,inferred_taxonomy,0.500000,Module_A_cross_genus:Klebsiella|NCBI:PZ036784.1
PZ036784.1,NZ_CP155977,Xanthomonas campestris pv. campestris,0,inferred_taxonomy,0.500000,Module_A_cross_genus:Klebsiella|NCBI:PZ036784.1
PZ036784.1,NZ_CP167870,Xanthomonas axonopodis,0,inferred_taxonomy,0.500000,Module_A_cross_genus:Klebsiella|NCBI:PZ036784.1
PZ036784.1,NZ_CP118477,Xanthomonas citri,0,inferred_taxonomy,0.500000,Module_A_cross_genus:Klebsiella|NCBI:PZ036784.1
PX974333.1,NZ_CP150073,Xanthomonas oryzae pv. oryzae,0,inferred_taxonomy,0.500000,Module_A_cross_genus:Klebsiella|NCBI:PX974333.1
PX872917.1,NZ_CP118477,Xanthomonas citri,0,inferred_taxonomy,0.500000,Module_A_cross_genus:Klebsiella|NCBI:PX872917.1
PX872915.1,NZ_CP155977,Xanthomonas campestris pv. campestris,0,inferred_taxonomy,0.500000,Module_A_cross_genus:Klebsiella|NCBI:PX872915.1
NC_108342.1,NZ_CP118477,Xanthomonas citri,0,inferred_taxonomy,0.500000,Module_A_cross_genus:Bacillus|NCBI:NC_108342.1
PX979746.1,NZ_CP155977,Xanthomonas campestris pv. campestris,0,inferred_taxonomy,0.500000,Module_A_cross_genus:Klebsiella|NCBI:PX979746.1
PX946034.1,NZ_CP155977,Xanthomonas campestris pv. campestris,0,inferred_taxonomy,0.500000,Module_A_cross_genus:Klebsiella|NCBI:PX946034.1
PX946034.1,NZ_CP167870,Xanthomonas axonopodis,0,inferred_taxonomy,0.500000,Module_A_cross_genus:Klebsiella|NCBI:PX946034.1
PX946034.1,NZ_CP118477,Xanthomonas citri,0,inferred_taxonomy,0.500000,Module_A_cross_genus:Klebsiella|NCBI:PX946034.1
PX843005.1,NZ_CP150073,Xanthomonas oryzae pv. oryzae,0,inferred_taxonomy,0.500000,Module_A_cross_genus:Klebsiella|NCBI:PX843005.1
PX843005.1,NZ_CP155977,Xanthomonas campestris pv. campestris,0,inferred_taxonomy,0.500000,Module_A_cross_genus:Klebsiella|NCBI:PX843005.1
PX843005.1,NZ_CP167870,Xanthomonas axonopodis,0,inferred_taxonomy,0.500000,Module_A_cross_genus:Klebsiella|NCBI:PX843005.1
PX843005.1,NZ_CP118477,Xanthomonas citri,0,inferred_taxonomy,0.500000,Module_A_cross_genus:Klebsiella|NCBI:PX843005.1
PZ022450.1,NZ_CP150073,Xanthomonas oryzae pv. oryzae,0,inferred_taxonomy,0.500000,Module_A_cross_genus:Klebsiella|NCBI:PZ022450.1
PZ022450.1,NZ_CP155977,Xanthomonas campestris pv. campestris,0,inferred_taxonomy,0.500000,Module_A_cross_genus:Klebsiella|NCBI:PZ022450.1
PZ022450.1,NZ_CP167870,Xanthomonas axonopodis,0,inferred_taxonomy,0.500000,Module_A_cross_genus:Klebsiella|NCBI:PZ022450.1
PZ022450.1,NZ_CP118477,Xanthomonas citri,0,inferred_taxonomy,0.500000,Module_A_cross_genus:Klebsiella|NCBI:PZ022450.1
PX979746.1,NZ_CP150073,Xanthomonas oryzae pv. oryzae,0,inferred_taxonomy,0.500000,Module_A_cross_genus:Klebsiella|NCBI:PX979746.1
PX979746.1,NZ_CP167870,Xanthomonas axonopodis,0,inferred_taxonomy,0.500000,Module_A_cross_genus:Klebsiella|NCBI:PX979746.1
PX997131.1,NZ_CP118477,Xanthomonas citri,0,inferred_taxonomy,0.500000,Module_A_cross_genus:Klebsiella|NCBI:PX997131.1
PX979746.1,NZ_CP118477,Xanthomonas citri,0,inferred_taxonomy,0.500000,Module_A_cross_genus:Klebsiella|NCBI:PX979746.1
PX529685.1,NZ_CP150073,Xanthomonas oryzae pv. oryzae,0,inferred_taxonomy,0.500000,Module_A_cross_genus:Salmonella|NCBI:PX529685.1
PX529685.1,NZ_CP155977,Xanthomonas campestris pv. campestris,0,inferred_taxonomy,0.500000,Module_A_cross_genus:Salmonella|NCBI:PX529685.1
PX529685.1,NZ_CP167870,Xanthomonas axonopodis,0,inferred_taxonomy,0.500000,Module_A_cross_genus:Salmonella|NCBI:PX529685.1
PX529685.1,NZ_CP118477,Xanthomonas citri,0,inferred_taxonomy,0.500000,Module_A_cross_genus:Salmonella|NCBI:PX529685.1
PQ890122.1,NZ_CP150073,Xanthomonas oryzae pv. oryzae,0,inferred_taxonomy,0.500000,Module_A_cross_genus:Salmonella|NCBI:PQ890122.1
PQ890122.1,NZ_CP155977,Xanthomonas campestris pv. campestris,0,inferred_taxonomy,0.500000,Module_A_cross_genus:Salmonella|NCBI:PQ890122.1
PQ890122.1,NZ_CP167870,Xanthomonas axonopodis,0,inferred_taxonomy,0.500000,Module_A_cross_genus:Salmonella|NCBI:PQ890122.1
PQ890122.1,NZ_CP118477,Xanthomonas citri,0,inferred_taxonomy,0.500000,Module_A_cross_genus:Salmonella|NCBI:PQ890122.1
LC890683.1,NZ_CP150073,Xanthomonas oryzae pv. oryzae,0,inferred_taxonomy,0.500000,Module_A_cross_genus:Salmonella|NCBI:LC890683.1
LC890683.1,NZ_CP155977,Xanthomonas campestris pv. campestris,0,inferred_taxonomy,0.500000,Module_A_cross_genus:Salmonella|NCBI:LC890683.1
LC890683.1,NZ_CP167870,Xanthomonas axonopodis,0,inferred_taxonomy,0.500000,Module_A_cross_genus:Salmonella|NCBI:LC890683.1
PX946034.1,NZ_CP150073,Xanthomonas oryzae pv. oryzae,0,inferred_taxonomy,0.500000,Module_A_cross_genus:Klebsiella|NCBI:PX946034.1
PX997131.1,NZ_CP167870,Xanthomonas axonopodis,0,inferred_taxonomy,0.500000,Module_A_cross_genus:Klebsiella|NCBI:PX997131.1
PX872915.1,NZ_CP167870,Xanthomonas axonopodis,0,inferred_taxonomy,0.500000,Module_A_cross_genus:Klebsiella|NCBI:PX872915.1
PX969080.1,NZ_CP118477,Xanthomonas citri,0,inferred_taxonomy,0.500000,Module_A_cross_genus:Klebsiella|NCBI:PX969080.1
PX872915.1,NZ_CP118477,Xanthomonas citri,0,inferred_taxonomy,0.500000,Module_A_cross_genus:Klebsiella|NCBI:PX872915.1
PX974311.1,NZ_CP150073,Xanthomonas oryzae pv. oryzae,0,inferred_taxonomy,0.500000,Module_A_cross_genus:Klebsiella|NCBI:PX974311.1
PX974311.1,NZ_CP155977,Xanthomonas campestris pv. campestris,0,inferred_taxonomy,0.500000,Module_A_cross_genus:Klebsiella|NCBI:PX974311.1
PX974311.1,NZ_CP167870,Xanthomonas axonopodis,0,inferred_taxonomy,0.500000,Module_A_cross_genus:Klebsiella|NCBI:PX974311.1
PX974311.1,NZ_CP118477,Xanthomonas citri,0,inferred_taxonomy,0.500000,Module_A_cross_genus:Klebsiella|NCBI:PX974311.1
PX974331.1,NZ_CP150073,Xanthomonas oryzae pv. oryzae,0,inferred_taxonomy,0.500000,Module_A_cross_genus:Klebsiella|NCBI:PX974331.1
PX974331.1,NZ_CP155977,Xanthomonas campestris pv. campestris,0,inferred_taxonomy,0.500000,Module_A_cross_genus:Klebsiella|NCBI:PX974331.1
PX974331.1,NZ_CP167870,Xanthomonas axonopodis,0,inferred_taxonomy,0.500000,Module_A_cross_genus:Klebsiella|NCBI:PX974331.1
PX974331.1,NZ_CP118477,Xanthomonas citri,0,inferred_taxonomy,0.500000,Module_A_cross_genus:Klebsiella|NCBI:PX974331.1
PX969080.1,NZ_CP150073,Xanthomonas oryzae pv. oryzae,0,inferred_taxonomy,0.500000,Module_A_cross_genus:Klebsiella|NCBI:PX969080.1
PX969080.1,NZ_CP155977,Xanthomonas campestris pv. campestris,0,inferred_taxonomy,0.500000,Module_A_cross_genus:Klebsiella|NCBI:PX969080.1
PX969080.1,NZ_CP167870,Xanthomonas axonopodis,0,inferred_taxonomy,0.500000,Module_A_cross_genus:Klebsiella|NCBI:PX969080.1
PZ000752.1,NZ_CP150073,Xanthomonas oryzae pv. oryzae,0,inferred_taxonomy,0.500000,Module_A_cross_genus:Klebsiella|NCBI:PZ000752.1
PX997131.1,NZ_CP155977,Xanthomonas campestris pv. campestris,0,inferred_taxonomy,0.500000,Module_A_cross_genus:Klebsiella|NCBI:PX997131.1
PZ000752.1,NZ_CP155977,Xanthomonas campestris pv. campestris,0,inferred_taxonomy,0.500000,Module_A_cross_genus:Klebsiella|NCBI:PZ000752.1
PZ000752.1,NZ_CP167870,Xanthomonas axonopodis,0,inferred_taxonomy,0.500000,Module_A_cross_genus:Klebsiella|NCBI:PZ000752.1
PZ000752.1,NZ_CP118477,Xanthomonas citri,0,inferred_taxonomy,0.500000,Module_A_cross_genus:Klebsiella|NCBI:PZ000752.1
PZ000751.1,NZ_CP150073,Xanthomonas oryzae pv. oryzae,0,inferred_taxonomy,0.500000,Module_A_cross_genus:Klebsiella|NCBI:PZ000751.1
PZ000751.1,NZ_CP155977,Xanthomonas campestris pv. campestris,0,inferred_taxonomy,0.500000,Module_A_cross_genus:Klebsiella|NCBI:PZ000751.1
PZ000751.1,NZ_CP167870,Xanthomonas axonopodis,0,inferred_taxonomy,0.500000,Module_A_cross_genus:Klebsiella|NCBI:PZ000751.1
PZ000751.1,NZ_CP118477,Xanthomonas citri,0,inferred_taxonomy,0.500000,Module_A_cross_genus:Klebsiella|NCBI:PZ000751.1
PV506378.1,NZ_CP150073,Xanthomonas oryzae pv. oryzae,0,inferred_taxonomy,0.500000,Module_A_cross_genus:Klebsiella|NCBI:PV506378.1
PV506378.1,NZ_CP155977,Xanthomonas campestris pv. campestris,0,inferred_taxonomy,0.500000,Module_A_cross_genus:Klebsiella|NCBI:PV506378.1
PV506378.1,NZ_CP167870,Xanthomonas axonopodis,0,inferred_taxonomy,0.500000,Module_A_cross_genus:Klebsiella|NCBI:PV506378.1
PV506378.1,NZ_CP118477,Xanthomonas citri,0,inferred_taxonomy,0.500000,Module_A_cross_genus:Klebsiella|NCBI:PV506378.1
PX997131.1,NZ_CP150073,Xanthomonas oryzae pv. oryzae,0,inferred_taxonomy,0.500000,Module_A_cross_genus:Klebsiella|NCBI:PX997131.1
PZ055533.1,NZ_CP167870,Xanthomonas axonopodis,0,inferred_taxonomy,0.500000,Module_A_cross_genus:Klebsiella|NCBI:PZ055533.1
PZ055533.1,NZ_CP155977,Xanthomonas campestris pv. campestris,0,inferred_taxonomy,0.500000,Module_A_cross_genus:Klebsiella|NCBI:PZ055533.1
PZ055533.1,NZ_CP150073,Xanthomonas oryzae pv. oryzae,0,inferred_taxonomy,0.500000,Module_A_cross_genus:Klebsiella|NCBI:PZ055533.1
PV296012.1,NZ_CP167870,Xanthomonas axonopodis,0,inferred_taxonomy,0.500000,Module_A_cross_genus:Bacillus|NCBI:PV296012.1
PV231355.1,NZ_CP167870,Xanthomonas axonopodis,0,inferred_taxonomy,0.500000,Module_A_cross_genus:Bacillus|NCBI:PV231355.1
PV231355.1,NZ_CP118477,Xanthomonas citri,0,inferred_taxonomy,0.500000,Module_A_cross_genus:Bacillus|NCBI:PV231355.1
PQ805431.1,NZ_CP150073,Xanthomonas oryzae pv. oryzae,0,inferred_taxonomy,0.500000,Module_A_cross_genus:Bacillus|NCBI:PQ805431.1
PQ805431.1,NZ_CP155977,Xanthomonas campestris pv. campestris,0,inferred_taxonomy,0.500000,Module_A_cross_genus:Bacillus|NCBI:PQ805431.1
PQ805431.1,NZ_CP167870,Xanthomonas axonopodis,0,inferred_taxonomy,0.500000,Module_A_cross_genus:Bacillus|NCBI:PQ805431.1
PQ805431.1,NZ_CP118477,Xanthomonas citri,0,inferred_taxonomy,0.500000,Module_A_cross_genus:Bacillus|NCBI:PQ805431.1
NC_102108.1,NZ_CP150073,Xanthomonas oryzae pv. oryzae,0,inferred_taxonomy,0.500000,Module_A_cross_genus:Bacillus|NCBI:NC_102108.1
NC_102108.1,NZ_CP155977,Xanthomonas campestris pv. campestris,0,inferred_taxonomy,0.500000,Module_A_cross_genus:Bacillus|NCBI:NC_102108.1
NC_102108.1,NZ_CP167870,Xanthomonas axonopodis,0,inferred_taxonomy,0.500000,Module_A_cross_genus:Bacillus|NCBI:NC_102108.1
NC_102108.1,NZ_CP118477,Xanthomonas citri,0,inferred_taxonomy,0.500000,Module_A_cross_genus:Bacillus|NCBI:NC_102108.1
PV296012.1,NZ_CP150073,Xanthomonas oryzae pv. oryzae,0,inferred_taxonomy,0.500000,Module_A_cross_genus:Bacillus|NCBI:PV296012.1
PV296012.1,NZ_CP155977,Xanthomonas campestris pv. campestris,0,inferred_taxonomy,0.500000,Module_A_cross_genus:Bacillus|NCBI:PV296012.1
PV296012.1,NZ_CP118477,Xanthomonas citri,0,inferred_taxonomy,0.500000,Module_A_cross_genus:Bacillus|NCBI:PV296012.1
PV231355.1,NZ_CP150073,Xanthomonas oryzae pv. oryzae,0,inferred_taxonomy,0.500000,Module_A_cross_genus:Bacillus|NCBI:PV231355.1
PV037644.1,NZ_CP150073,Xanthomonas oryzae pv. oryzae,0,inferred_taxonomy,0.500000,Module_A_cross_genus:Bacillus|NCBI:PV037644.1
PV037644.1,NZ_CP155977,Xanthomonas campestris pv. campestris,0,inferred_taxonomy,0.500000,Module_A_cross_genus:Bacillus|NCBI:PV037644.1
PV037644.1,NZ_CP167870,Xanthomonas axonopodis,0,inferred_taxonomy,0.500000,Module_A_cross_genus:Bacillus|NCBI:PV037644.1
PV037644.1,NZ_CP118477,Xanthomonas citri,0,inferred_taxonomy,0.500000,Module_A_cross_genus:Bacillus|NCBI:PV037644.1
PV261948.1,NZ_CP150073,Xanthomonas oryzae pv. oryzae,0,inferred_taxonomy,0.500000,Module_A_cross_genus:Bacillus|NCBI:PV261948.1
PV261948.1,NZ_CP155977,Xanthomonas campestris pv. campestris,0,inferred_taxonomy,0.500000,Module_A_cross_genus:Bacillus|NCBI:PV261948.1
PV261948.1,NZ_CP167870,Xanthomonas axonopodis,0,inferred_taxonomy,0.500000,Module_A_cross_genus:Bacillus|NCBI:PV261948.1
PV261948.1,NZ_CP118477,Xanthomonas citri,0,inferred_taxonomy,0.500000,Module_A_cross_genus:Bacillus|NCBI:PV261948.1
PQ758588.1,NZ_CP150073,Xanthomonas oryzae pv. oryzae,0,inferred_taxonomy,0.500000,Module_A_cross_genus:Bacillus|NCBI:PQ758588.1
PQ758588.1,NZ_CP155977,Xanthomonas campestris pv. campestris,0,inferred_taxonomy,0.500000,Module_A_cross_genus:Bacillus|NCBI:PQ758588.1
PQ758588.1,NZ_CP167870,Xanthomonas axonopodis,0,inferred_taxonomy,0.500000,Module_A_cross_genus:Bacillus|NCBI:PQ758588.1
PQ758588.1,NZ_CP118477,Xanthomonas citri,0,inferred_taxonomy,0.500000,Module_A_cross_genus:Bacillus|NCBI:PQ758588.1
PV231355.1,NZ_CP155977,Xanthomonas campestris pv. campestris,0,inferred_taxonomy,0.500000,Module_A_cross_genus:Bacillus|NCBI:PV231355.1
PV504775.1,NZ_CP118477,Xanthomonas citri,0,inferred_taxonomy,0.500000,Module_A_cross_genus:Bacillus|NCBI:PV504775.1
PZ055534.1,NZ_CP118477,Xanthomonas citri,0,inferred_taxonomy,0.500000,Module_A_cross_genus:Klebsiella|NCBI:PZ055534.1
NZ_CP007800.1,NZ_CP150073,Xanthomonas oryzae pv. oryzae,0,inferred_taxonomy,0.500000,Module_A_cross_genus:Bacillus|NCBI:NZ_CP007800.1
NC_108593.1,NZ_CP150073,Xanthomonas oryzae pv. oryzae,0,inferred_taxonomy,0.500000,Module_A_cross_genus:Bacillus|NCBI:NC_108593.1
NC_108593.1,NZ_CP155977,Xanthomonas campestris pv. campestris,0,inferred_taxonomy,0.500000,Module_A_cross_genus:Bacillus|NCBI:NC_108593.1
NC_108593.1,NZ_CP167870,Xanthomonas axonopodis,0,inferred_taxonomy,0.500000,Module_A_cross_genus:Bacillus|NCBI:NC_108593.1
NC_108593.1,NZ_CP118477,Xanthomonas citri,0,inferred_taxonomy,0.500000,Module_A_cross_genus:Bacillus|NCBI:NC_108593.1
PV449003.1,NZ_CP150073,Xanthomonas oryzae pv. oryzae,0,inferred_taxonomy,0.500000,Module_A_cross_genus:Bacillus|NCBI:PV449003.1
PV449003.1,NZ_CP155977,Xanthomonas campestris pv. campestris,0,inferred_taxonomy,0.500000,Module_A_cross_genus:Bacillus|NCBI:PV449003.1
PV449003.1,NZ_CP167870,Xanthomonas axonopodis,0,inferred_taxonomy,0.500000,Module_A_cross_genus:Bacillus|NCBI:PV449003.1
PV449003.1,NZ_CP118477,Xanthomonas citri,0,inferred_taxonomy,0.500000,Module_A_cross_genus:Bacillus|NCBI:PV449003.1
NZ_CP008698.1,NZ_CP150073,Xanthomonas oryzae pv. oryzae,0,inferred_taxonomy,0.500000,Module_A_cross_genus:Bacillus|NCBI:NZ_CP008698.1
NZ_CP008698.1,NZ_CP155977,Xanthomonas campestris pv. campestris,0,inferred_taxonomy,0.500000,Module_A_cross_genus:Bacillus|NCBI:NZ_CP008698.1
NZ_CP008698.1,NZ_CP167870,Xanthomonas axonopodis,0,inferred_taxonomy,0.500000,Module_A_cross_genus:Bacillus|NCBI:NZ_CP008698.1
NZ_CP008698.1,NZ_CP118477,Xanthomonas citri,0,inferred_taxonomy,0.500000,Module_A_cross_genus:Bacillus|NCBI:NZ_CP008698.1
NZ_CP007800.1,NZ_CP155977,Xanthomonas campestris pv. campestris,0,inferred_taxonomy,0.500000,Module_A_cross_genus:Bacillus|NCBI:NZ_CP007800.1
PV504775.1,NZ_CP167870,Xanthomonas axonopodis,0,inferred_taxonomy,0.500000,Module_A_cross_genus:Bacillus|NCBI:PV504775.1
NZ_CP007800.1,NZ_CP167870,Xanthomonas axonopodis,0,inferred_taxonomy,0.500000,Module_A_cross_genus:Bacillus|NCBI:NZ_CP007800.1
NZ_CP007800.1,NZ_CP118477,Xanthomonas citri,0,inferred_taxonomy,0.500000,Module_A_cross_genus:Bacillus|NCBI:NZ_CP007800.1
MZ357961.1,NZ_CP150073,Xanthomonas oryzae pv. oryzae,0,inferred_taxonomy,0.500000,Module_A_cross_genus:Bacillus|NCBI:MZ357961.1
MZ357961.1,NZ_CP155977,Xanthomonas campestris pv. campestris,0,inferred_taxonomy,0.500000,Module_A_cross_genus:Bacillus|NCBI:MZ357961.1
MZ357961.1,NZ_CP167870,Xanthomonas axonopodis,0,inferred_taxonomy,0.500000,Module_A_cross_genus:Bacillus|NCBI:MZ357961.1
MZ357961.1,NZ_CP118477,Xanthomonas citri,0,inferred_taxonomy,0.500000,Module_A_cross_genus:Bacillus|NCBI:MZ357961.1
PV504776.1,NZ_CP150073,Xanthomonas oryzae pv. oryzae,0,inferred_taxonomy,0.500000,Module_A_cross_genus:Bacillus|NCBI:PV504776.1
PV504776.1,NZ_CP155977,Xanthomonas campestris pv. campestris,0,inferred_taxonomy,0.500000,Module_A_cross_genus:Bacillus|NCBI:PV504776.1
PV504776.1,NZ_CP167870,Xanthomonas axonopodis,0,inferred_taxonomy,0.500000,Module_A_cross_genus:Bacillus|NCBI:PV504776.1
PV504776.1,NZ_CP118477,Xanthomonas citri,0,inferred_taxonomy,0.500000,Module_A_cross_genus:Bacillus|NCBI:PV504776.1
PV504775.1,NZ_CP150073,Xanthomonas oryzae pv. oryzae,0,inferred_taxonomy,0.500000,Module_A_cross_genus:Bacillus|NCBI:PV504775.1
PV504775.1,NZ_CP155977,Xanthomonas campestris pv. campestris,0,inferred_taxonomy,0.500000,Module_A_cross_genus:Bacillus|NCBI:PV504775.1
PQ571292.1,NZ_CP150073,Xanthomonas oryzae pv. oryzae,0,inferred_taxonomy,0.500000,Module_A_cross_genus:Bacillus|NCBI:PQ571292.1
PQ571292.1,NZ_CP155977,Xanthomonas campestris pv. campestris,0,inferred_taxonomy,0.500000,Module_A_cross_genus:Bacillus|NCBI:PQ571292.1
PQ571292.1,NZ_CP167870,Xanthomonas axonopodis,0,inferred_taxonomy,0.500000,Module_A_cross_genus:Bacillus|NCBI:PQ571292.1
PZ055538.1,NZ_CP155977,Xanthomonas campestris pv. campestris,0,inferred_taxonomy,0.500000,Module_A_cross_genus:Klebsiella|NCBI:PZ055538.1
PZ105927.1,NZ_CP155977,Xanthomonas campestris pv. campestris,0,inferred_taxonomy,0.500000,Module_A_cross_genus:Klebsiella|NCBI:PZ105927.1
PZ105927.1,NZ_CP167870,Xanthomonas axonopodis,0,inferred_taxonomy,0.500000,Module_A_cross_genus:Klebsiella|NCBI:PZ105927.1
PZ105927.1,NZ_CP118477,Xanthomonas citri,0,inferred_taxonomy,0.500000,Module_A_cross_genus:Klebsiella|NCBI:PZ105927.1
PZ091928.1,NZ_CP150073,Xanthomonas oryzae pv. oryzae,0,inferred_taxonomy,0.500000,Module_A_cross_genus:Klebsiella|NCBI:PZ091928.1
PZ091928.1,NZ_CP155977,Xanthomonas campestris pv. campestris,0,inferred_taxonomy,0.500000,Module_A_cross_genus:Klebsiella|NCBI:PZ091928.1
PZ091928.1,NZ_CP167870,Xanthomonas axonopodis,0,inferred_taxonomy,0.500000,Module_A_cross_genus:Klebsiella|NCBI:PZ091928.1
PZ091928.1,NZ_CP118477,Xanthomonas citri,0,inferred_taxonomy,0.500000,Module_A_cross_genus:Klebsiella|NCBI:PZ091928.1
PZ055536.1,NZ_CP150073,Xanthomonas oryzae pv. oryzae,0,inferred_taxonomy,0.500000,Module_A_cross_genus:Klebsiella|NCBI:PZ055536.1
PZ055536.1,NZ_CP155977,Xanthomonas campestris pv. campestris,0,inferred_taxonomy,0.500000,Module_A_cross_genus:Klebsiella|NCBI:PZ055536.1
PZ055536.1,NZ_CP167870,Xanthomonas axonopodis,0,inferred_taxonomy,0.500000,Module_A_cross_genus:Klebsiella|NCBI:PZ055536.1
PZ055536.1,NZ_CP118477,Xanthomonas citri,0,inferred_taxonomy,0.500000,Module_A_cross_genus:Klebsiella|NCBI:PZ055536.1
PZ055538.1,NZ_CP150073,Xanthomonas oryzae pv. oryzae,0,inferred_taxonomy,0.500000,Module_A_cross_genus:Klebsiella|NCBI:PZ055538.1
PZ055538.1,NZ_CP167870,Xanthomonas axonopodis,0,inferred_taxonomy,0.500000,Module_A_cross_genus:Klebsiella|NCBI:PZ055538.1
PQ571292.1,NZ_CP118477,Xanthomonas citri,0,inferred_taxonomy,0.500000,Module_A_cross_genus:Bacillus|NCBI:PQ571292.1
PZ055538.1,NZ_CP118477,Xanthomonas citri,0,inferred_taxonomy,0.500000,Module_A_cross_genus:Klebsiella|NCBI:PZ055538.1
PZ055537.1,NZ_CP150073,Xanthomonas oryzae pv. oryzae,0,inferred_taxonomy,0.500000,Module_A_cross_genus:Klebsiella|NCBI:PZ055537.1
PZ055537.1,NZ_CP155977,Xanthomonas campestris pv. campestris,0,inferred_taxonomy,0.500000,Module_A_cross_genus:Klebsiella|NCBI:PZ055537.1
PZ055537.1,NZ_CP167870,Xanthomonas axonopodis,0,inferred_taxonomy,0.500000,Module_A_cross_genus:Klebsiella|NCBI:PZ055537.1
PZ055537.1,NZ_CP118477,Xanthomonas citri,0,inferred_taxonomy,0.500000,Module_A_cross_genus:Klebsiella|NCBI:PZ055537.1
PZ055535.1,NZ_CP150073,Xanthomonas oryzae pv. oryzae,0,inferred_taxonomy,0.500000,Module_A_cross_genus:Klebsiella|NCBI:PZ055535.1
PZ055535.1,NZ_CP155977,Xanthomonas campestris pv. campestris,0,inferred_taxonomy,0.500000,Module_A_cross_genus:Klebsiella|NCBI:PZ055535.1
PZ055535.1,NZ_CP167870,Xanthomonas axonopodis,0,inferred_taxonomy,0.500000,Module_A_cross_genus:Klebsiella|NCBI:PZ055535.1
PZ055535.1,NZ_CP118477,Xanthomonas citri,0,inferred_taxonomy,0.500000,Module_A_cross_genus:Klebsiella|NCBI:PZ055535.1
PZ055534.1,NZ_CP150073,Xanthomonas oryzae pv. oryzae,0,inferred_taxonomy,0.500000,Module_A_cross_genus:Klebsiella|NCBI:PZ055534.1
PZ055534.1,NZ_CP155977,Xanthomonas campestris pv. campestris,0,inferred_taxonomy,0.500000,Module_A_cross_genus:Klebsiella|NCBI:PZ055534.1
PZ055534.1,NZ_CP167870,Xanthomonas axonopodis,0,inferred_taxonomy,0.500000,Module_A_cross_genus:Klebsiella|NCBI:PZ055534.1
PZ105927.1,NZ_CP150073,Xanthomonas oryzae pv. oryzae,0,inferred_taxonomy,0.500000,Module_A_cross_genus:Klebsiella|NCBI:PZ105927.1
PZ099670.1,NZ_CP118477,Xanthomonas citri,0,inferred_taxonomy,0.500000,Module_A_cross_genus:Klebsiella|NCBI:PZ099670.1
PZ099670.1,NZ_CP167870,Xanthomonas axonopodis,0,inferred_taxonomy,0.500000,Module_A_cross_genus:Klebsiella|NCBI:PZ099670.1
PZ099670.1,NZ_CP155977,Xanthomonas campestris pv. campestris,0,inferred_taxonomy,0.500000,Module_A_cross_genus:Klebsiella|NCBI:PZ099670.1
PQ571287.1,NZ_CP150073,Xanthomonas oryzae pv. oryzae,0,inferred_taxonomy,0.500000,Module_A_cross_genus:Bacillus|NCBI:PQ571287.1
PQ571287.1,NZ_CP155977,Xanthomonas campestris pv. campestris,0,inferred_taxonomy,0.500000,Module_A_cross_genus:Bacillus|NCBI:PQ571287.1
PQ571287.1,NZ_CP167870,Xanthomonas axonopodis,0,inferred_taxonomy,0.500000,Module_A_cross_genus:Bacillus|NCBI:PQ571287.1
PQ571287.1,NZ_CP118477,Xanthomonas citri,0,inferred_taxonomy,0.500000,Module_A_cross_genus:Bacillus|NCBI:PQ571287.1
PQ571267.1,NZ_CP150073,Xanthomonas oryzae pv. oryzae,0,inferred_taxonomy,0.500000,Module_A_cross_genus:Bacillus|NCBI:PQ571267.1
PQ571267.1,NZ_CP155977,Xanthomonas campestris pv. campestris,0,inferred_taxonomy,0.500000,Module_A_cross_genus:Bacillus|NCBI:PQ571267.1
PQ571267.1,NZ_CP167870,Xanthomonas axonopodis,0,inferred_taxonomy,0.500000,Module_A_cross_genus:Bacillus|NCBI:PQ571267.1
PQ571267.1,NZ_CP118477,Xanthomonas citri,0,inferred_taxonomy,0.500000,Module_A_cross_genus:Bacillus|NCBI:PQ571267.1
NC_104812.1,NZ_CP150073,Xanthomonas oryzae pv. oryzae,0,inferred_taxonomy,0.500000,Module_A_cross_genus:Klebsiella|NCBI:NC_104812.1
NC_104812.1,NZ_CP155977,Xanthomonas campestris pv. campestris,0,inferred_taxonomy,0.500000,Module_A_cross_genus:Klebsiella|NCBI:NC_104812.1
NC_104812.1,NZ_CP167870,Xanthomonas axonopodis,0,inferred_taxonomy,0.500000,Module_A_cross_genus:Klebsiella|NCBI:NC_104812.1
NC_104812.1,NZ_CP118477,Xanthomonas citri,0,inferred_taxonomy,0.500000,Module_A_cross_genus:Klebsiella|NCBI:NC_104812.1
NC_129888.1,NZ_CP150073,Xanthomonas oryzae pv. oryzae,0,inferred_taxonomy,0.500000,Module_A_cross_genus:Klebsiella|NCBI:NC_129888.1
NC_129888.1,NZ_CP155977,Xanthomonas campestris pv. campestris,0,inferred_taxonomy,0.500000,Module_A_cross_genus:Klebsiella|NCBI:NC_129888.1
NC_129888.1,NZ_CP167870,Xanthomonas axonopodis,0,inferred_taxonomy,0.500000,Module_A_cross_genus:Klebsiella|NCBI:NC_129888.1
NC_129888.1,NZ_CP118477,Xanthomonas citri,0,inferred_taxonomy,0.500000,Module_A_cross_genus:Klebsiella|NCBI:NC_129888.1
PZ227171.1,NZ_CP150073,Xanthomonas oryzae pv. oryzae,0,inferred_taxonomy,0.500000,Module_A_cross_genus:Klebsiella|NCBI:PZ227171.1
PZ227171.1,NZ_CP155977,Xanthomonas campestris pv. campestris,0,inferred_taxonomy,0.500000,Module_A_cross_genus:Klebsiella|NCBI:PZ227171.1
PZ227171.1,NZ_CP167870,Xanthomonas axonopodis,0,inferred_taxonomy,0.500000,Module_A_cross_genus:Klebsiella|NCBI:PZ227171.1
PZ227171.1,NZ_CP118477,Xanthomonas citri,0,inferred_taxonomy,0.500000,Module_A_cross_genus:Klebsiella|NCBI:PZ227171.1
PZ099671.1,NZ_CP150073,Xanthomonas oryzae pv. oryzae,0,inferred_taxonomy,0.500000,Module_A_cross_genus:Klebsiella|NCBI:PZ099671.1
PZ099671.1,NZ_CP155977,Xanthomonas campestris pv. campestris,0,inferred_taxonomy,0.500000,Module_A_cross_genus:Klebsiella|NCBI:PZ099671.1
PZ099671.1,NZ_CP167870,Xanthomonas axonopodis,0,inferred_taxonomy,0.500000,Module_A_cross_genus:Klebsiella|NCBI:PZ099671.1
PZ099671.1,NZ_CP118477,Xanthomonas citri,0,inferred_taxonomy,0.500000,Module_A_cross_genus:Klebsiella|NCBI:PZ099671.1
PZ099670.1,NZ_CP150073,Xanthomonas oryzae pv. oryzae,0,inferred_taxonomy,0.500000,Module_A_cross_genus:Klebsiella|NCBI:PZ099670.1
AE017220.1,Unknown,Unknown,-1,literature_curated,0.500000,NCBI: AE017220.1
NC_007709.1,Unknown,Unknown,-1,literature_curated,0.500000,NCBI: NC_007709.1
NC_027989.1,Unknown,Unknown,-1,literature_curated,0.500000,NCBI: NC_027989.1
NC_009232.2,Unknown,Unknown,-1,literature_curated,0.500000,NCBI: NC_009232.2
NC_021777.1,Unknown,Unknown,-1,literature_curated,0.500000,NCBI: NC_021777.1
NC_007710.1,Unknown,Unknown,-1,literature_curated,0.500000,NCBI: NC_007710.1
AP008979.1,Unknown,Unknown,-1,literature_curated,0.500000,NCBI: AP008979.1
ON189048.1,Unknown,Unknown,-1,literature_curated,0.500000,NCBI: ON189048.1
HM246720.1,Unknown,Unknown,-1,literature_curated,0.500000,NCBI: HM246720.1
AY299121.1,Unknown,Unknown,-1,literature_curated,0.500000,NCBI: AY299121.1
OK913680.1,Unknown,Unknown,-1,literature_curated,0.500000,NCBI: OK913680.1
OK913679.1,Unknown,Unknown,-1,literature_curated,0.500000,NCBI: OK913679.1
MN304816.1,Unknown,Unknown,-1,literature_curated,0.500000,NCBI: MN304816.1
EF177456.2,Unknown,Unknown,-1,literature_curated,0.500000,NCBI: EF177456.2
KF148055.1,Unknown,Unknown,-1,literature_curated,0.500000,NCBI: KF148055.1
AY986977.1,Unknown,Unknown,-1,literature_curated,0.500000,NCBI: AY986977.1
AY374448.1,Unknown,Unknown,-1,literature_curated,0.500000,NCBI: AY374448.1
AP008986.1,Unknown,Unknown,-1,literature_curated,0.500000,NCBI: AP008986.1
