filename,sha256,bytes,n_records,created_utc,source_acc,source_module,notes
phage/AB720063.2/cds.fna,d5bfdba93eb7e4952293ca3b25b92f3ef736740a5022da275f452a68fcb6c090,42296,47.0,2026-05-08T05:19:42Z,AB720063.2,00_raw_data,
phage/AB720063.2/genome.fna,3e83e6945922e94775bb632b53e3a6a68b3dda975d578e240823855e445058cc,44552,1.0,2026-05-08T05:19:42Z,AB720063.2,00_raw_data,
phage/AB720063.2/proteins.faa,1f7799ad031c0dc879cd7e8dff7efa80deb1176269afe7b0b8c96d5fdbbb4197,14730,47.0,2026-05-08T05:19:42Z,AB720063.2,00_raw_data,
phage/AB720064.1/cds.fna,2cbfd98f3f961113275bdc8be06378621406cf5192af79e79c1decfea41a890c,42075,40.0,2026-05-08T05:19:42Z,AB720064.1,00_raw_data,
phage/AB720064.1/genome.fna,99b99eb92cd8e4a9d2fa1f34c3f126c5597c35e7507477c997cde9b5816c0ea7,43638,1.0,2026-05-08T05:19:42Z,AB720064.1,00_raw_data,
phage/AB720064.1/proteins.faa,27f9a1db90e983287b3012b63826e30a95b2330d5e10945208185c52ff3614aa,14471,40.0,2026-05-08T05:19:42Z,AB720064.1,00_raw_data,
phage/AE017220.1/genome.fna,481ed8024de8f8dddc8a49ce6bbb262ded250553d5c7a661e7bee62e543ba5ee,4835060,1.0,2026-05-08T05:19:42Z,AE017220.1,00_raw_data,
phage/AP008979.1/cds.fna,272d06d2252b3596fc1a7f62daa5a97023ea288f3597137e37536a00ed524cd8,46552,59.0,2026-05-08T05:19:42Z,AP008979.1,00_raw_data,
phage/AP008979.1/genome.fna,dcc5ccf4c5daafb55d87aeb7c7b2b95c16f458dc95a94a6795023df79390f69e,44466,1.0,2026-05-08T05:19:42Z,AP008979.1,00_raw_data,
phage/AP008979.1/proteins.faa,9252d5468dec94e572c25e3952d2d68653e76d8013b80535f3417bcea3caa3b6,16891,59.0,2026-05-08T05:19:42Z,AP008979.1,00_raw_data,
phage/AP008986.1/cds.fna,a23faad60f468e8006748d40a964a119419cd1536bd8a3b206be608b22c1980d,47776,62.0,2026-05-08T05:19:42Z,AP008986.1,00_raw_data,
phage/AP008986.1/genome.fna,a5fc8c83e3d11804198471f84c5d40ab729ea9feb7e3290b449125e48a73f5f0,47372,1.0,2026-05-08T05:19:42Z,AP008986.1,00_raw_data,
phage/AP008986.1/proteins.faa,2f1f51ede9ed453701b6a0d6faaf04d83097588ecdac38059e29648149afa4f5,14825,62.0,2026-05-08T05:19:42Z,AP008986.1,00_raw_data,
phage/AP018399.1/cds.fna,71e51e821c0d3e180163b1662baa141e66773faea1fbb73d2b6fa65cf6ad022d,400809,592.0,2026-05-08T05:19:42Z,AP018399.1,00_raw_data,
phage/AP018399.1/genome.fna,f8e7b945ff1f2df79637004033b2745d940802da161d9851c51a4c0d0b73f1f1,390223,1.0,2026-05-08T05:19:42Z,AP018399.1,00_raw_data,
phage/AP018399.1/proteins.faa,901bc92f439e930a2b5c7882b1488174710f090605428906ee50b8a28afc3d91,183319,592.0,2026-05-08T05:19:42Z,AP018399.1,00_raw_data,
phage/AY299121.1/cds.fna,53e9a08528bcf74a06a0aea55a12a7aa58478c554f58addae8ef91e833d2ac07,44579,60.0,2026-05-08T05:19:42Z,AY299121.1,00_raw_data,
phage/AY299121.1/genome.fna,f014a37c6d3a42b81892e636c023f74ca156379f42582441d44b175cef89256e,45059,1.0,2026-05-08T05:19:42Z,AY299121.1,00_raw_data,
phage/AY299121.1/proteins.faa,4d19d76628df60bfd9171a20d2addc0442d05cf4a3a7338af9ab096fa7dfdefa,12444,60.0,2026-05-08T05:19:42Z,AY299121.1,00_raw_data,
phage/AY374448.1/cds.fna,e79cb07436eff2cf5429f5ff0c41aae7a2b8aced1b0e901e14b5cf29a39531bd,53371,64.0,2026-05-08T05:19:42Z,AY374448.1,00_raw_data,
phage/AY374448.1/genome.fna,884768c40d62b04306d4413fe6d8cb43689f7ee3680c33ca8303102a0b4322b7,52389,1.0,2026-05-08T05:19:42Z,AY374448.1,00_raw_data,
phage/AY374448.1/proteins.faa,d9f97a26c50cb96a193a38e6efccabcdc63aa94f39b5221e84828f08a6cba14b,14977,64.0,2026-05-08T05:19:42Z,AY374448.1,00_raw_data,
phage/AY394005.1/cds.fna,457df34166d274ffa448bc402acdddc0a64d3869e3bfe65516699152f3914720,40577,55.0,2026-05-08T05:19:42Z,AY394005.1,00_raw_data,
phage/AY394005.1/genome.fna,29e60f0113e6ea67ca947ae94d5d33c6b40cc08b198d74bb85573a03c6ed420f,38202,1.0,2026-05-08T05:19:42Z,AY394005.1,00_raw_data,
phage/AY394005.1/proteins.faa,225fb250f6e802ce91d5aefeab6fe1ae848ceacbd6dc4907651dc77c785b4abd,16145,55.0,2026-05-08T05:19:42Z,AY394005.1,00_raw_data,
phage/AY682195.1/cds.fna,7aa38cb404c06ab8adf5e4c3238616d352e98aee31727ba5ff7e8ca0dd297bdb,125006,165.0,2026-05-08T05:19:42Z,AY682195.1,00_raw_data,
phage/AY682195.1/genome.fna,0e8d584149e50259f55fe5be9ca801e11e82635a3b46130e7bebee1aff7c65a1,133455,1.0,2026-05-08T05:19:42Z,AY682195.1,00_raw_data,
phage/AY682195.1/proteins.faa,e6966b7643b3e38accd2005f774d47e9caca6a8975b30531a94962de1a5ad147,47845,165.0,2026-05-08T05:19:42Z,AY682195.1,00_raw_data,
phage/AY986977.1/cds.fna,471484a9fba2498d48160bb413d3daaccc4300d956b035144c9a2b505d872de6,58972,84.0,2026-05-08T05:19:42Z,AY986977.1,00_raw_data,
phage/AY986977.1/genome.fna,68cfc0ac5463c60ba6aede292fd0dc102d09fdbfcf210b2c9215ecb73c160b5f,56645,1.0,2026-05-08T05:19:42Z,AY986977.1,00_raw_data,
phage/AY986977.1/proteins.faa,cd1380a90d7db14a4a1d5fe69bd593d96f343f8c7b5578c315290a06e438801c,23032,84.0,2026-05-08T05:19:42Z,AY986977.1,00_raw_data,
phage/DQ222855.1/cds.fna,8b66868444fa93df165c44b0800f0d311436f5e3ff9e7f9928b5ba087c4dc5ad,39788,50.0,2026-05-08T05:19:42Z,DQ222855.1,00_raw_data,
phage/DQ222855.1/genome.fna,54a5708e2f8c5e4f1ae8f9817046c8d3081ed420ed2ba12ff053cdcb0c6ae6eb,38670,1.0,2026-05-08T05:19:42Z,DQ222855.1,00_raw_data,
phage/DQ222855.1/proteins.faa,62bd5d4f0e7420e1250aafae166045103c2653fb0914fe03094b26cff1e5f320,16083,50.0,2026-05-08T05:19:42Z,DQ222855.1,00_raw_data,
phage/DQ777876.1/cds.fna,f42b832c42021e3893c8daf7645a561e1d9885c0d39b2b2db7605a53dbfb5427,45032,58.0,2026-05-08T05:19:42Z,DQ777876.1,00_raw_data,
phage/DQ777876.1/genome.fna,0340b4a47d4ab846418699943cc004756b9657af49a4399aa06e43bc9f92e8d6,45210,1.0,2026-05-08T05:19:42Z,DQ777876.1,00_raw_data,
phage/DQ777876.1/proteins.faa,b77cdab9ef26f9b1e8e08a85800be8f56090eaa783fbb65d04246eb1667ae568,16074,58.0,2026-05-08T05:19:42Z,DQ777876.1,00_raw_data,
phage/EF177456.2/cds.fna,dc87bd5c7e45c72f1f65c3d6075d6240c35b7fb3c92aa8b171dfc85ed053edea,45420,63.0,2026-05-08T05:19:42Z,EF177456.2,00_raw_data,
phage/EF177456.2/genome.fna,825dfc6e2f06c9732060138b2309bd173c01091d319ff9c94622acde294cf601,43233,1.0,2026-05-08T05:19:42Z,EF177456.2,00_raw_data,
phage/EF177456.2/proteins.faa,d2e13b16b0cf3ffa121cf142b9a6145dcd945f289d6dabb452e41da2d8394598,20061,63.0,2026-05-08T05:19:42Z,EF177456.2,00_raw_data,
phage/EU710883.1/cds.fna,a62c7b496e8bbc7441bb9f162016ea5e09a8fca5be099d016dc6ec57255b9825,87623,118.0,2026-05-08T05:19:42Z,EU710883.1,00_raw_data,
phage/EU710883.1/genome.fna,5e26d5dcbaac3cbf75203d69011f4905fd39c583f34c49734d662e0ad11133fc,85838,1.0,2026-05-08T05:19:42Z,EU710883.1,00_raw_data,
phage/EU710883.1/proteins.faa,7eb39f5238651930bdf00830278665df10240878a86f9e29ce3b5e00b91807d7,39308,118.0,2026-05-08T05:19:42Z,EU710883.1,00_raw_data,
phage/EU717894.1/cds.fna,70fb8804645339d2a502da5de79e3789a420425fb6b7812dfc6e69c66db2e3a0,43089,58.0,2026-05-08T05:19:42Z,EU717894.1,00_raw_data,
phage/EU717894.1/genome.fna,865ce68d5e2c8ad237a74da7dafc2651fe817a695e9093f8fc8f4f38a79cd03c,44763,1.0,2026-05-08T05:19:42Z,EU717894.1,00_raw_data,
phage/EU717894.1/proteins.faa,cc15d5ae489c68338138c3c32458956c8b37e7856c5ae64f7808697a70b2acb6,19312,58.0,2026-05-08T05:19:42Z,EU717894.1,00_raw_data,
phage/FJ373894.1/cds.fna,d6f83a93d7354df69381c6c3cb129b592555d32ae12de9000bf040ad702df3e9,167162,216.0,2026-05-08T05:19:42Z,FJ373894.1,00_raw_data,
phage/FJ373894.1/genome.fna,ec84ba0110c32f697cf5718815bb3c9da9e759c5557a67bea7fd4ce2d85dd658,160320,1.0,2026-05-08T05:19:42Z,FJ373894.1,00_raw_data,
phage/FJ373894.1/proteins.faa,5d32c9a9afbbd338d7a4ebf7e90ed63a9fda92df89f5358ba02f672838734503,63032,216.0,2026-05-08T05:19:42Z,FJ373894.1,00_raw_data,
phage/FQ312032.1/cds.fna,b03d5a3e1678f9790c0a381a410bfa3080968d59f5d7c264f321a75479687e71,166156,208.0,2026-05-08T05:19:42Z,FQ312032.1,00_raw_data,
phage/FQ312032.1/genome.fna,678722569fe4fd170f51daef38b905016792b302ac351e0ca0423b424838e469,159357,1.0,2026-05-08T05:19:42Z,FQ312032.1,00_raw_data,
phage/FQ312032.1/proteins.faa,44e7567e6a377e83648707c26391da3b1d0a4e5893a23c182a9565bc18e93874,61373,208.0,2026-05-08T05:19:42Z,FQ312032.1,00_raw_data,
phage/GQ357915.1/cds.fna,243cffea8306ed963e1a21a7a85c905b69133e04aaf990dc97fc3f3e7b7d47d7,169139,236.0,2026-05-08T05:19:42Z,GQ357915.1,00_raw_data,
phage/GQ357915.1/genome.fna,037d365f78af0699caffc2bc9b48b6696fba5f8cb9e15b7003978b9908eecbcb,159787,1.0,2026-05-08T05:19:42Z,GQ357915.1,00_raw_data,
phage/GQ357915.1/proteins.faa,83cd6e0dd98dd85439ed1154c760425558019f6b607697535318ca57cf9b480d,70103,238.0,2026-05-08T05:19:42Z,GQ357915.1,00_raw_data,
phage/GU070616.1/cds.fna,72e87dcdca79915b7b635d5b34db1fce893bf3729ba9208b8fc85ca86c438290,161055,244.0,2026-05-08T05:19:42Z,GU070616.1,00_raw_data,
phage/GU070616.1/genome.fna,547ba19d1039501239e4188e5687a74bef02f6e7336e58aa263960244c2b4218,148104,1.0,2026-05-08T05:19:42Z,GU070616.1,00_raw_data,
phage/GU070616.1/proteins.faa,ea7d892eb550e143f4cd229acf5b12423cf80e2f8fba78b5d469421fc409a200,64437,244.0,2026-05-08T05:19:42Z,GU070616.1,00_raw_data,
phage/GU296433.1/cds.fna,3f11010d7e8a93d53d61d7b8cdfdd9e20d3b19907d0d1654776d3ed6e896193e,138745,166.0,2026-05-08T05:19:42Z,GU296433.1,00_raw_data,
phage/GU296433.1/genome.fna,045b39ab66d9db389137b2dbb338661f8f4afe922d1c210d04c4511677253dc1,137030,1.0,2026-05-08T05:19:42Z,GU296433.1,00_raw_data,
phage/GU296433.1/proteins.faa,88374a5c04ebb609ac19447de9c8b3f378e2b3e62410989f21b8e19fd8dd801f,48378,171.0,2026-05-08T05:19:42Z,GU296433.1,00_raw_data,
phage/HM004124.1/cds.fna,30ba24bd974ad0843cb986d0578ffd4a0f86ada235d12016b9b0b6517be71da8,183608,253.0,2026-05-08T05:19:42Z,HM004124.1,00_raw_data,
phage/HM004124.1/genome.fna,1af128416071c888e4a65d8fdbc300acf26d0e0322694189453540e54d0bd5ce,172429,1.0,2026-05-08T05:19:42Z,HM004124.1,00_raw_data,
phage/HM004124.1/proteins.faa,eb4f36004fc361c85682f33924ec7b5dff5f987c19e71261f348b2f947e81460,96088,272.0,2026-05-08T05:19:42Z,HM004124.1,00_raw_data,
phage/HM246720.1/cds.fna,25ddd5f4eb048d53b3309f185951cef3af000d922becf22f3775c667743305a0,55394,68.0,2026-05-08T05:19:42Z,HM246720.1,00_raw_data,
phage/HM246720.1/genome.fna,a596f5d96d6b75cf76fa999f70d2c2a7148330d9d585c002180a5eeab6283dc3,54076,1.0,2026-05-08T05:19:42Z,HM246720.1,00_raw_data,
phage/HM246720.1/proteins.faa,a1d5fe59397bbc6aa8ab63bd5bfc71da58034e474308e52dcddb0641f992eed5,14299,67.0,2026-05-08T05:19:42Z,HM246720.1,00_raw_data,
phage/JN022534.1/cds.fna,b70e403ab9d8ad9750b15c3c435a26324f0f40bb8545a75e4cf5d1c5bb33d330,53229,81.0,2026-05-08T05:19:42Z,JN022534.1,00_raw_data,
phage/JN022534.1/genome.fna,77a8023ab080d32a1cd306021bde637ec18fd1d8efcf56396691471425efb65a,50757,1.0,2026-05-08T05:19:42Z,JN022534.1,00_raw_data,
phage/JN022534.1/proteins.faa,41a652024cb57109f4c7fb526acfff216328b8562666f97ea49b8dc285957993,24653,81.0,2026-05-08T05:19:42Z,JN022534.1,00_raw_data,
phage/JN882285.1/cds.fna,a9dd25cc443c1cb1fb20d45ee9f9f01f032919ae56df78a5fec4331e18bf5d78,389469,545.0,2026-05-08T05:19:42Z,JN882285.1,00_raw_data,
phage/JN882285.1/genome.fna,30bc240bd97462df49b1f49826982aada58e1bfdebf2b89db562c154c1884fd0,363848,1.0,2026-05-08T05:19:42Z,JN882285.1,00_raw_data,
phage/JN882285.1/proteins.faa,1a5e6279b6e97317e4bb86751940b5326324ed83a9fc80149d91720547fb7da5,165741,545.0,2026-05-08T05:19:42Z,JN882285.1,00_raw_data,
phage/JN882298.1/cds.fna,0b7399dc9481117f0e33a080f81be129283edd73830c67f8e2311a729c9ca5d2,36792,31.0,2026-05-08T05:19:42Z,JN882298.1,00_raw_data,
phage/JN882298.1/genome.fna,15e73e21174c8d95ae279a2f50b116f7298a795ed670a6a8c3a2c205fc9dd199,43270,1.0,2026-05-08T05:19:42Z,JN882298.1,00_raw_data,
phage/JN882298.1/proteins.faa,87883e36da1ee0753987726016e2c67f9f7ad4d4e547f8222a7f8fd2e54592dd,7869,31.0,2026-05-08T05:19:42Z,JN882298.1,00_raw_data,
phage/JQ015307.1/cds.fna,100ccdcda4f030e371fe4630e579e7ae8463d529ff035193db92a95d1673b164,149618,242.0,2026-05-08T05:19:42Z,JQ015307.1,00_raw_data,
phage/JQ015307.1/genome.fna,968c08f4b88c26ab52bab72fd94b1badcfc85493fcfd6226c0a141547f1e2836,144439,1.0,2026-05-08T05:19:42Z,JQ015307.1,00_raw_data,
phage/JQ015307.1/proteins.faa,e732d72e7792421338bca4d691ba884fff908247daef5b9fe5ac4223ad786956,77543,242.0,2026-05-08T05:19:42Z,JQ015307.1,00_raw_data,
phage/KF005317.1/cds.fna,c49333fa9c35736661a27bcfc053530b7e5799aa503a0b337e4e615ecdb8b84e,94631,120.0,2026-05-08T05:19:42Z,KF005317.1,00_raw_data,
phage/KF005317.1/genome.fna,41d6406ada7532eaa61b9cac19d3a970fe58e0217a9e83d5beff15125957f4fb,105458,1.0,2026-05-08T05:19:42Z,KF005317.1,00_raw_data,
phage/KF005317.1/proteins.faa,de9c4d01a562ee96c64a5a77244d9eb0fe6d0a3683ddbbe12db96881f515c49b,41265,121.0,2026-05-08T05:19:42Z,KF005317.1,00_raw_data,
phage/KF005318.1/cds.fna,9fef360e280e9944488146572cef6f647c73a273c40de6abc57f1320c627e7c2,93826,117.0,2026-05-08T05:19:42Z,KF005318.1,00_raw_data,
phage/KF005318.1/genome.fna,fbedbd2b0bec03571deeaf41aa8953ee73c624175092ea2f61ff78dfbbade67e,103241,1.0,2026-05-08T05:19:42Z,KF005318.1,00_raw_data,
phage/KF005318.1/proteins.faa,3805910458bc1f5c8ff6a0a1dea31df1a4499dc61436ca42a039f3a2e60abae7,38482,117.0,2026-05-08T05:19:42Z,KF005318.1,00_raw_data,
phage/KF005319.1/cds.fna,91b04e4a8c77f7b3bde25644a2a868db676ab2586a69b994d7c75523f670bcf6,92722,116.0,2026-05-08T05:19:42Z,KF005319.1,00_raw_data,
phage/KF005319.1/genome.fna,1a353d5400b89fb42d0fe95a691bcf8c40b7ac60ca81e10ee252530040d0f679,102120,1.0,2026-05-08T05:19:42Z,KF005319.1,00_raw_data,
phage/KF005319.1/proteins.faa,91c272766cca06db17dc79364980f8db6273b91d2e726367c898f26b17e06bc7,33048,116.0,2026-05-08T05:19:42Z,KF005319.1,00_raw_data,
phage/KF005320.1/cds.fna,fac2d48a03868a61071678e3f8052e3a230087d07f69dbdf06a40429ae22bca7,95878,122.0,2026-05-08T05:19:42Z,KF005320.1,00_raw_data,
phage/KF005320.1/genome.fna,489062372a091291db5afa26ddac6508367009f9b341f7051ecf7626a692deb0,105586,1.0,2026-05-08T05:19:42Z,KF005320.1,00_raw_data,
phage/KF005320.1/proteins.faa,e5c12d2603a48b3098f21c0fe88eadd1942c439033eb93a2c415fa5a6e39ea38,30587,123.0,2026-05-08T05:19:42Z,KF005320.1,00_raw_data,
phage/KF148055.1/cds.fna,6639c32b1775755103a12c5de4f60bec47baad91669b02c40cb48d8366b3c472,46808,69.0,2026-05-08T05:19:42Z,KF148055.1,00_raw_data,
phage/KF148055.1/genome.fna,0be42e80a674753610653e28a2a7856e4823991cc819f5cffb08d4d2c8b16307,44121,1.0,2026-05-08T05:19:42Z,KF148055.1,00_raw_data,
phage/KF148055.1/proteins.faa,a25fa7e53b8bb304ed6bda05204c114f5f10a93445e589e6ca2b0a3723f73b7e,24180,69.0,2026-05-08T05:19:42Z,KF148055.1,00_raw_data,
phage/KF623293.1/cds.fna,ffbdbaab1b4a0beead91cfc82c38002ef0ad5ec71b0cef124054bf3c5cd12b14,80832,96.0,2026-05-08T05:19:42Z,KF623293.1,00_raw_data,
phage/KF623293.1/genome.fna,6508533e2756abead538ba9b1f7ff0b9ad9a4cc0f5f6fd1ca3e8dbb7f03ff352,78998,1.0,2026-05-08T05:19:42Z,KF623293.1,00_raw_data,
phage/KF623293.1/proteins.faa,6948da6803ea17541869eef2f44cf03092c74f446c903d08620fe5073279cefc,30855,96.0,2026-05-08T05:19:42Z,KF623293.1,00_raw_data,
phage/KF626665.1/cds.fna,f05334f7e8e4ceb50501759f5415c086e7e814d7ce245237e3524245f17cfefa,60067,77.0,2026-05-08T05:19:42Z,KF626665.1,00_raw_data,
phage/KF626665.1/genome.fna,aeba155c8164694ea94b0c216d8884439cfac52585015ca3a67e66218839a2c0,56990,1.0,2026-05-08T05:19:42Z,KF626665.1,00_raw_data,
phage/KF626665.1/proteins.faa,d188be90f4b086967d334a455ad3717e9b6de680286f3a26c5b0e267a24d9dbc,21040,77.0,2026-05-08T05:19:42Z,KF626665.1,00_raw_data,
phage/KF626666.1/cds.fna,dd5c44f0fea3768203d621bbe94e18f46ae16552f8b953d2bd388ba77a6f2568,44879,51.0,2026-05-08T05:19:42Z,KF626666.1,00_raw_data,
phage/KF626666.1/genome.fna,cefcd468e3b0737f932381f612d1b1ec99ba3c5b64b709658be9841765874bf6,44543,1.0,2026-05-08T05:19:42Z,KF626666.1,00_raw_data,
phage/KF626666.1/proteins.faa,9cfc9efd2fd2ab8e6004ec8a01ac1a527fca24ecd77ca066de74f06e14e1a687,15652,51.0,2026-05-08T05:19:42Z,KF626666.1,00_raw_data,
phage/KF626667.1/cds.fna,6996d47d46d7f199d89a0899f244c2167266aaa394ed1ebb014616cd57317805,45959,52.0,2026-05-08T05:19:42Z,KF626667.1,00_raw_data,
phage/KF626667.1/genome.fna,146461de23e00a7749104921ccd6541edcbeb6d13995940f3979bba07d1f077c,44617,1.0,2026-05-08T05:19:42Z,KF626667.1,00_raw_data,
phage/KF626667.1/proteins.faa,aec151e6a07b92c1555efb4684c9d150f7118b3a5cab77d2b4840bd88c03509d,12697,52.0,2026-05-08T05:19:42Z,KF626667.1,00_raw_data,
phage/KF626668.1/cds.fna,10706795f688556936e04fb8f666d7da93d95af0e1ce0ac779ee6ea567e8d0cd,59753,72.0,2026-05-08T05:19:42Z,KF626668.1,00_raw_data,
phage/KF626668.1/genome.fna,4b083b40b6b635a0bfecd7076fab7708709b8e8a961a3421bf9e9c822a07bbdd,56437,1.0,2026-05-08T05:19:42Z,KF626668.1,00_raw_data,
phage/KF626668.1/proteins.faa,1818425148e81c588d24e279799e7a14dab98cd2a46fe9f09842359eb98fa746,21449,72.0,2026-05-08T05:19:42Z,KF626668.1,00_raw_data,
phage/KF771236.1/cds.fna,b991f2dcc86418730795358d7e90cc6b4cd73b233fbeec81dabe2790c0ea9635,50502,78.0,2026-05-08T05:19:42Z,KF771236.1,00_raw_data,
phage/KF771236.1/genome.fna,3c27b7c2d511927096f35e45fce4a02c310536f8bb18078115d8a2d37cb33795,47448,1.0,2026-05-08T05:19:42Z,KF771236.1,00_raw_data,
phage/KF771236.1/proteins.faa,fa2da2be7bd4d3c14945eef1ddd73fd2cc77a81caa5e94c3f07a2124f02e776b,23438,78.0,2026-05-08T05:19:42Z,KF771236.1,00_raw_data,
phage/KF771237.1/cds.fna,087635d782749da680b4ac0945672b5d7e7980b68f68cf5f03dd5c9c23321e64,49857,76.0,2026-05-08T05:19:42Z,KF771237.1,00_raw_data,
phage/KF771237.1/genome.fna,becfd02ac55b551cfe7b0d9fef4722c59fd3b2766969c58186edc5a75cf15c02,47578,1.0,2026-05-08T05:19:42Z,KF771237.1,00_raw_data,
phage/KF771237.1/proteins.faa,1ad8a3e07f244a14a27c831af95c95437cf95644360d6d19118b04488efb4515,27526,76.0,2026-05-08T05:19:42Z,KF771237.1,00_raw_data,
phage/KF771238.1/cds.fna,ee87c38a4ee64200a176c8435e9d1a6ea587bb0bcba43cb0b097b47ee5345374,50796,81.0,2026-05-08T05:19:42Z,KF771238.1,00_raw_data,
phage/KF771238.1/genome.fna,d265697dc7459a6152badc7775f3b767cf242930f80339c264a46eb247f3ac65,47165,1.0,2026-05-08T05:19:42Z,KF771238.1,00_raw_data,
phage/KF771238.1/proteins.faa,a89d8bc02ad9072af2fa4ded53c85d94505922678ea512cb9f3121c769abbe70,22968,81.0,2026-05-08T05:19:42Z,KF771238.1,00_raw_data,
phage/KF771239.1/cds.fna,9bc31720e88ed2463afb068c45f9612d754c85b5cd2d3787c5a636b604426c8a,49280,74.0,2026-05-08T05:19:42Z,KF771239.1,00_raw_data,
phage/KF771239.1/genome.fna,1a428d5e434e998195130d0ff9cb1308fd80bdd21ba75e2a3e94824f86ec5bd6,46461,1.0,2026-05-08T05:19:42Z,KF771239.1,00_raw_data,
phage/KF771239.1/proteins.faa,dfd29c96bec8d1066eec56ceb8b13295f8a0ef757522e33d97b15655a7cef881,20587,74.0,2026-05-08T05:19:42Z,KF771239.1,00_raw_data,
phage/KF787094.1/cds.fna,d060971aa6841f5ad782119921a3e7d4082e14d790c0324ea96a381790892b6f,78101,89.0,2026-05-08T05:19:42Z,KF787094.1,00_raw_data,
phage/KF787094.1/genome.fna,be91d34cbc30dd7dcafec0fc761d7dd19cc55025d1c42d118e112c78f8ce91cf,74769,1.0,2026-05-08T05:19:42Z,KF787094.1,00_raw_data,
phage/KF787094.1/proteins.faa,eefd6a83f0372f9cd28ac578edd94f41c58b41d1a3a2415d94fbe05fc5f82bd3,26931,89.0,2026-05-08T05:19:42Z,KF787094.1,00_raw_data,
phage/KF787095.1/cds.fna,f4495921a35bd477973372c689e73b06da27993cccb0751d5605874f814468cf,79461,91.0,2026-05-08T05:19:42Z,KF787095.1,00_raw_data,
phage/KF787095.1/genome.fna,ad618fcc0f9f21fc7cf140c5576baa44536ec1c699b5c8bec83af4f5b39b58b9,73420,1.0,2026-05-08T05:19:42Z,KF787095.1,00_raw_data,
phage/KF787095.1/proteins.faa,fd2d40d05a27b1b4e2332eaf9e06718f9b29b8127d63d87ad4a43f519ee347aa,25903,91.0,2026-05-08T05:19:42Z,KF787095.1,00_raw_data,
phage/KJ628499.1/cds.fna,fbc88b49856bd9a1c7dd8d25d6917ffb27b8f762f319b9719acb72a364228275,112207,165.0,2026-05-08T05:19:42Z,KJ628499.1,00_raw_data,
phage/KJ628499.1/genome.fna,09bb6bffdab9d20ed65625da724f27ec2cbb62ec0d7a903bdd458596e5812fc1,106471,1.0,2026-05-08T05:19:42Z,KJ628499.1,00_raw_data,
phage/KJ628499.1/proteins.faa,bc8b744d1b2800e2b45339df8622fd95bdb76d8d7eb73dd7216944a4cd0e0f8e,54023,178.0,2026-05-08T05:19:42Z,KJ628499.1,00_raw_data,
phage/KP202971.1/cds.fna,1a677a4210d2146ada1ae86dfd271f953bc1d622fc3ea269a645655ef796afb5,87136,118.0,2026-05-08T05:19:42Z,KP202971.1,00_raw_data,
phage/KP202971.1/genome.fna,57d9f18a2eea3f88b349c45bbb74b8072bdee2bed3444229a1623cbdf8da0dbf,82759,1.0,2026-05-08T05:19:42Z,KP202971.1,00_raw_data,
phage/KP202971.1/proteins.faa,47c82162670be911c6fb755dec97616df1494eef379c76f9d5aeba865a3e9ec9,35190,119.0,2026-05-08T05:19:42Z,KP202971.1,00_raw_data,
phage/KU197013.1/cds.fna,627c70ff5b9de369e34b2cc46e7e195ea31d310881d90bef9ef2befd0082a8ee,46226,53.0,2026-05-08T05:19:42Z,KU197013.1,00_raw_data,
phage/KU197013.1/genome.fna,ba2aa490dde5ef5a0e55ff81eb6219c5a25075887b0e653c551c037e4658e4d7,45556,1.0,2026-05-08T05:19:42Z,KU197013.1,00_raw_data,
phage/KU197013.1/proteins.faa,d7d48c9704268c81d5454e417c886177d636860e96719df5d41d4a85509216c7,11173,53.0,2026-05-08T05:19:42Z,KU197013.1,00_raw_data,
phage/KU197014.1/cds.fna,dfc7eb7370ef435a6d262d190e3903442a9d873506919fc083eac507a059ced2,53687,79.0,2026-05-08T05:19:42Z,KU197014.1,00_raw_data,
phage/KU197014.1/genome.fna,62072d9c22866abb09787180f93decfd8f461279a33856c7692b9b89ba0dbca7,49997,1.0,2026-05-08T05:19:42Z,KU197014.1,00_raw_data,
phage/KU197014.1/proteins.faa,9e45ee98ae8ffdaa91127d587e5e3ade8c35e66f48026d1004e45e1e58051471,21512,79.0,2026-05-08T05:19:42Z,KU197014.1,00_raw_data,
phage/KU595432.1/cds.fna,60d8afb840c066bed76dbce854d110ff745b61f2b8d3119d7a9fbfedd46a0348,45167,53.0,2026-05-08T05:19:42Z,KU595432.1,00_raw_data,
phage/KU595432.1/genome.fna,dbce96852b57fa2b7fdabbff0457a7f6f6f0f8703361f13137cd18384a21c613,44533,1.0,2026-05-08T05:19:42Z,KU595432.1,00_raw_data,
phage/KU595432.1/proteins.faa,7c66cb3c3936a6ac7d19da91a68ef8d4fb5dbdf3b226e06c2bcdcb24e7c34241,15998,53.0,2026-05-08T05:19:42Z,KU595432.1,00_raw_data,
phage/KU595433.1/cds.fna,bfd939da5fd5f1b9148fe78349c8d956a87280f431cb9e6cf1384eba2afc9ee1,44291,53.0,2026-05-08T05:19:42Z,KU595433.1,00_raw_data,
phage/KU595433.1/genome.fna,f807634630da4b2164fd1de10c910937cdd4b31b80a2dfcc95807358ece5b90f,44950,1.0,2026-05-08T05:19:42Z,KU595433.1,00_raw_data,
phage/KU595433.1/proteins.faa,6f2e19c6e1264b108dfb3c3bde0165d1e52203a7bfc087afdb816dcc441a2453,17256,53.0,2026-05-08T05:19:42Z,KU595433.1,00_raw_data,
phage/KX241618.1/cds.fna,1d6b5f51b178e19ff64a08e6f5c7c0e60abda86cbf30a272dbcce897313d0dbb,63065,79.0,2026-05-08T05:19:42Z,KX241618.1,00_raw_data,
phage/KX241618.1/genome.fna,95573a156fab93dae7cf855e69db9f357ac1f734341d2f74747c3e2defa32276,61417,1.0,2026-05-08T05:19:42Z,KX241618.1,00_raw_data,
phage/KX241618.1/proteins.faa,9e1952eabc5b098acc593619783728e3fa1a372c6061733d5a3cf71f7dfbfaeb,32250,79.0,2026-05-08T05:19:42Z,KX241618.1,00_raw_data,
phage/KX356061.1/cds.fna,461a51151872f709cb22ab3ab168490704d0efbefca90e881b3886e6cb525b52,134580,187.0,2026-05-08T05:19:42Z,KX356061.1,00_raw_data,
phage/KX356061.1/genome.fna,72850eb6697cc8acffe48aa7e5becb86d7f28cbc98906ceb23cf71b7193f2b32,138569,1.0,2026-05-08T05:19:42Z,KX356061.1,00_raw_data,
phage/KX356061.1/proteins.faa,682d1a7ec863b4f325205325a83df592e0c2f577a5760b33a0c35295fe6363d1,52219,187.0,2026-05-08T05:19:42Z,KX356061.1,00_raw_data,
phage/KX356062.1/cds.fna,273632d25e6a0260684d95a6404518a901e9dafecb04a20f82fb1f0785b48b68,18849,20.0,2026-05-08T05:19:42Z,KX356062.1,00_raw_data,
phage/KX356062.1/genome.fna,1218e6a1c14c543588f86eb76657548e11e24380528ebc03e83b7f9418f6c902,18493,1.0,2026-05-08T05:19:42Z,KX356062.1,00_raw_data,
phage/KX356062.1/proteins.faa,6c4e1f7b84c55ed131273d5018b2fb4c1befe1d7a2592a066fc39e87dfc47708,4186,20.0,2026-05-08T05:19:42Z,KX356062.1,00_raw_data,
phage/KX356063.1/cds.fna,63dfce9aebb80c170e3e341687a8d63bab203ca31c697ec556957efbe5aebe3e,142771,217.0,2026-05-08T05:19:42Z,KX356063.1,00_raw_data,
phage/KX356063.1/genome.fna,5673089d7eb447cbd2e39d5dec5867dafe1de5015565dd28cebeb15c21dbabcf,142175,1.0,2026-05-08T05:19:42Z,KX356063.1,00_raw_data,
phage/KX356063.1/proteins.faa,f459e710fa356694a0bc8dd09221f20cbb9c74f8369ae09e733ecc562f0da720,58750,219.0,2026-05-08T05:19:42Z,KX356063.1,00_raw_data,
phage/KX356064.1/cds.fna,94226bac67d7fdb32b2fb33e733103355f55ad8113358cc6631da97af59dc568,143319,215.0,2026-05-08T05:19:42Z,KX356064.1,00_raw_data,
phage/KX356064.1/genome.fna,d9691ad77d5cf2c2f43d9a6b55f6464db23376eff981dead9f0eca3afd4bc13b,142177,1.0,2026-05-08T05:19:42Z,KX356064.1,00_raw_data,
phage/KX356064.1/proteins.faa,92c7a7313acd05f6565258d34205774be24dfe05673cf20f03b0de70341aaa06,58316,215.0,2026-05-08T05:19:42Z,KX356064.1,00_raw_data,
phage/KX356065.1/cds.fna,3087d80c1d4e38fd451974abaee5049863667fe16aa92217301482b70c1d0f8b,143338,213.0,2026-05-08T05:19:42Z,KX356065.1,00_raw_data,
phage/KX356065.1/genome.fna,49c9ba13bc04900c2901bdbda98be7a97837cbbf9057f8bd973918330af69fd7,142175,1.0,2026-05-08T05:19:42Z,KX356065.1,00_raw_data,
phage/KX356065.1/proteins.faa,1abd8f77a24108fec38ebb57f1e08df2155c18dca61c0d4a1868c1fbc506e149,56741,213.0,2026-05-08T05:19:42Z,KX356065.1,00_raw_data,
phage/KX356066.1/cds.fna,abf7918f94a51cf681c1e1502bb9608d1e3a4db33597541453cda82d7cfebfb5,146198,220.0,2026-05-08T05:19:42Z,KX356066.1,00_raw_data,
phage/KX356066.1/genome.fna,9f455fe17c362c08d8d39663b6f54d5cef96a8521d7064d42d38d03eb4d8d4e3,142964,1.0,2026-05-08T05:19:42Z,KX356066.1,00_raw_data,
phage/KX356066.1/proteins.faa,c734be4352ce62ee1d24dfbc76fd002f014647c69e2760e615fb93cc565a12bf,61458,220.0,2026-05-08T05:19:42Z,KX356066.1,00_raw_data,
phage/KX356067.1/cds.fna,f283311339904e4a59621215bfabd4caeb3dab641491a5477c463f6cc1c17f51,145717,217.0,2026-05-08T05:19:42Z,KX356067.1,00_raw_data,
phage/KX356067.1/genome.fna,0027fa33308b7d670da67ac38d29fb7c12d906f24b47ff6e9aa02a80d1959241,143905,1.0,2026-05-08T05:19:42Z,KX356067.1,00_raw_data,
phage/KX356067.1/proteins.faa,e2be598e26b130d389b30edbd8a632fe27916f8f3148902dbd91d000dee2c432,67684,217.0,2026-05-08T05:19:42Z,KX356067.1,00_raw_data,
phage/KY210139.1/cds.fna,37f956bf8ae015f2815dec721155ffebea9f437ac052acfc78e9de79bcd7cdfd,47922,66.0,2026-05-08T05:19:42Z,KY210139.1,00_raw_data,
phage/KY210139.1/genome.fna,d2c641e922125215ed970c562a18c517807d06b1fbb7be3d85c9bc79bfeeed00,46789,1.0,2026-05-08T05:19:42Z,KY210139.1,00_raw_data,
phage/KY210139.1/proteins.faa,5b8e4be9226ff8d82701a828a0d9fc634d6764383058bb7a24c11b0090281b87,24922,66.0,2026-05-08T05:19:42Z,KY210139.1,00_raw_data,
phage/LC890683.1/cds.fna,3dff37192b1f24f1743388f73f2e0c61113bd28674bacebc18480f88bde4625c,44433,58.0,2026-05-08T05:19:42Z,LC890683.1,00_raw_data,
phage/LC890683.1/genome.fna,6eea780f6af85f9493662289732520d50f7b629520611ddb6cfd61f71c3d9a69,43898,1.0,2026-05-08T05:19:42Z,LC890683.1,00_raw_data,
phage/LC890683.1/proteins.faa,4c153d5624fa59e7e6b3cc28c28548cd4b1622df7e42450f8f5c84819162f8b1,21282,58.0,2026-05-08T05:19:42Z,LC890683.1,00_raw_data,
phage/LC901396.1/cds.fna,187e06fa4991f4300b5cbee82a50873109729443e236242319047755cc922df9,69498,96.0,2026-05-08T05:19:42Z,LC901396.1,00_raw_data,
phage/LC901396.1/genome.fna,e2ff60de90b4224315dd9b2b555713446e4e5ad60d6b39f27540a8893d083314,67468,1.0,2026-05-08T05:19:42Z,LC901396.1,00_raw_data,
phage/LC901396.1/proteins.faa,175bac79b37476cb07c333d3e50755322fb88af690e8bbc140a8ffd23a50ae0a,26514,96.0,2026-05-08T05:19:42Z,LC901396.1,00_raw_data,
phage/MF375456.1/cds.fna,ad5f5e088cff84d8e246c22ea012dbee0265248ca9b91e3581a4f1a3fdcfc7f8,47290,54.0,2026-05-08T05:19:42Z,MF375456.1,00_raw_data,
phage/MF375456.1/genome.fna,62419291fae7460c687c1862f139675dffd654468985e17cc7055bf50e789bc8,45291,1.0,2026-05-08T05:19:42Z,MF375456.1,00_raw_data,
phage/MF375456.1/proteins.faa,1adfaeba913fcc4d9124c368df51909ecdf9622fa585565abe13b44a4b79a301,10425,54.0,2026-05-08T05:19:42Z,MF375456.1,00_raw_data,
phage/MF988720.1/cds.fna,900c98c5ecae1f7611873b6b09aec512a2bee8a22931639f0050c056ae640e35,144492,180.0,2026-05-08T05:19:42Z,MF988720.1,00_raw_data,
phage/MF988720.1/genome.fna,a7fe874c9c03c87b2af0efda70605cbabe3e6f575d829c683269ab51a2555909,144304,1.0,2026-05-08T05:19:42Z,MF988720.1,00_raw_data,
phage/MF988720.1/proteins.faa,cb9a67a73d89b923392bfe0734b81d92e8f606dea93dbf69263faeb456c8cdc0,58490,180.0,2026-05-08T05:19:42Z,MF988720.1,00_raw_data,
phage/MG944227.1/cds.fna,db388a8629fe7facb8dc3796f834d0b20004d4599200c6dc30814d37930ca538,48124,73.0,2026-05-08T05:19:42Z,MG944227.1,00_raw_data,
phage/MG944227.1/genome.fna,219b09b7328013cccef399ad4d604796fcc8c605294fc895e4d079123f0cf9f4,46907,1.0,2026-05-08T05:19:42Z,MG944227.1,00_raw_data,
phage/MG944227.1/proteins.faa,d3abbef8ab51af9ab7db4d5f09d3dc68b99299eba5e35ee1b6a0ca5a6133a1c4,14896,73.0,2026-05-08T05:19:42Z,MG944227.1,00_raw_data,
phage/MG944228.1/cds.fna,eeae123055b7bd7677cc6e72240c98c45a58d0bb452116f628af12a02b52a510,49521,72.0,2026-05-08T05:19:42Z,MG944228.1,00_raw_data,
phage/MG944228.1/genome.fna,be284bb379767ccec78676e7d9a8d13349d4743ca9eaf3f11651a8eaf2ffe6bc,47196,1.0,2026-05-08T05:19:42Z,MG944228.1,00_raw_data,
phage/MG944228.1/proteins.faa,c7a9189d640ff1fcb92cfc5df9909652daf9a150f230d15913693b926691640d,7985,31.0,2026-05-08T05:19:42Z,MG944228.1,00_raw_data,
phage/MG944229.1/cds.fna,0c4b514c198c497ffc7af9f1b4ef60141957e30f5efe26cf539705290cf10698,52783,78.0,2026-05-08T05:19:42Z,MG944229.1,00_raw_data,
phage/MG944229.1/genome.fna,02fa8cd8b13ca252944c556d77d0f5b718b346bfbb8cfb2e03d9374de1abb6f7,50373,1.0,2026-05-08T05:19:42Z,MG944229.1,00_raw_data,
phage/MG944229.1/proteins.faa,fd34fa0c775daf139af141f93643bffbc799664ea389f5fc4408c48d20e4d7b1,27191,78.0,2026-05-08T05:19:42Z,MG944229.1,00_raw_data,
phage/MG944230.1/cds.fna,9d3eae21f337e9b76b4c0af591d81d563b8e165405c611e65e669aa5a2ff5aef,49515,73.0,2026-05-08T05:19:42Z,MG944230.1,00_raw_data,
phage/MG944230.1/genome.fna,c11eaabc86e5a6746e7e7c085dea8ff6b2a309e07cfb81bb89fdbcc571b58d4b,48127,1.0,2026-05-08T05:19:42Z,MG944230.1,00_raw_data,
phage/MG944230.1/proteins.faa,b97f2c579b4e991abb42966da38db33ecc182aee72d85feb8fe83d372cc7b720,20625,73.0,2026-05-08T05:19:42Z,MG944230.1,00_raw_data,
phage/MG944231.1/cds.fna,3b9ce6ef3aa0683ba0b07ee2c08db767ae85c89c1a59cd38c691f1e7d4ccade2,49232,72.0,2026-05-08T05:19:42Z,MG944231.1,00_raw_data,
phage/MG944231.1/genome.fna,ea0932deb0ce2a415f0df1f5a3d8ada50be2c20baeeddf9d4a5b3922f0814091,46995,1.0,2026-05-08T05:19:42Z,MG944231.1,00_raw_data,
phage/MG944231.1/proteins.faa,a618e88462f29cef5bc09dc5f8deb25fa0c12413d5b29a36372cd516d503d3b2,18507,72.0,2026-05-08T05:19:42Z,MG944231.1,00_raw_data,
phage/MG944232.1/cds.fna,18d67048c8e322940640ee16dca84c89f266f0f6ae7d25d35d79b269d188ff8e,49343,74.0,2026-05-08T05:19:42Z,MG944232.1,00_raw_data,
phage/MG944232.1/genome.fna,47d72a4fe7f82c020a7b8f968624a4ff3c5642b3a330e97d75fdd2023c5b9e12,46992,1.0,2026-05-08T05:19:42Z,MG944232.1,00_raw_data,
phage/MG944232.1/proteins.faa,f0ae0ffa6bc59c95884e1a057d3675d03c20af903d36ff8d5d0c85edca781dae,20739,74.0,2026-05-08T05:19:42Z,MG944232.1,00_raw_data,
phage/MG944233.1/cds.fna,2ab66f508c18310c91d3122d8bd31528cfa72939ff4a06ffce74ed14ea52507e,52694,80.0,2026-05-08T05:19:42Z,MG944233.1,00_raw_data,
phage/MG944233.1/genome.fna,264906a7b848058a457058024967a882e05f45e4e2b20017a2e58231f32213b2,49417,1.0,2026-05-08T05:19:42Z,MG944233.1,00_raw_data,
phage/MG944233.1/proteins.faa,c625d3e1669bfbb4e9773492fe1be9a5009e568dac08e425d12e5587cbc96f28,21689,80.0,2026-05-08T05:19:42Z,MG944233.1,00_raw_data,
phage/MG944234.1/cds.fna,9f5660fd3203ffc6ab7048e96442a4e6de016021b3fbad4c6ce31171bb4f069e,48757,77.0,2026-05-08T05:19:42Z,MG944234.1,00_raw_data,
phage/MG944234.1/genome.fna,a2724d1422129bacf8e21fe1590a824d83aa1b2bf6a31b0a83a4d3912337b27a,47220,1.0,2026-05-08T05:19:42Z,MG944234.1,00_raw_data,
phage/MG944234.1/proteins.faa,b7dfa1d691e33868d7fb9444ef5aefcef44e61e92d3011c7087c4a4c8ad442d9,20504,77.0,2026-05-08T05:19:42Z,MG944234.1,00_raw_data,
phage/MG944235.1/cds.fna,ab44a45234ee900b629db98af5ee02b411b96cea32d69ee94cb331f66593f9c7,49249,74.0,2026-05-08T05:19:42Z,MG944235.1,00_raw_data,
phage/MG944235.1/genome.fna,7773ab23c9a90985612750d344368750fb6824453e88a1ce8252840e8924be09,46678,1.0,2026-05-08T05:19:42Z,MG944235.1,00_raw_data,
phage/MG944235.1/proteins.faa,5c30220e821e15d8c6b5b5774b35394fe882058b8e9ded5fa865ee78de2fbbdf,19794,74.0,2026-05-08T05:19:42Z,MG944235.1,00_raw_data,
phage/MG944236.1/cds.fna,f71dafd1a55ee981f3fe79578d72df6927e67534e755b32c23f8aa3a2446d683,50664,76.0,2026-05-08T05:19:42Z,MG944236.1,00_raw_data,
phage/MG944236.1/genome.fna,bc88df4f38068911447ff9896dcf227008702c71e14943db0372ae775d9084c7,47771,1.0,2026-05-08T05:19:42Z,MG944236.1,00_raw_data,
phage/MG944236.1/proteins.faa,40380c53129956fbd7a4fadebd5abf6d3d31241c2b1c181c98e6f23d842091a4,20112,76.0,2026-05-08T05:19:42Z,MG944236.1,00_raw_data,
phage/MG983743.2/cds.fna,d862e9ffd5ba4f17ef6cbcceb4c3beb9e6d571f2c9ca91116212bacb54408157,78808,90.0,2026-05-08T05:19:42Z,MG983743.2,00_raw_data,
phage/MG983743.2/genome.fna,76ea974b0f06b186a44f09c394b732be0f7e631cab3b3b34beddc0f35fa32dd1,77484,1.0,2026-05-08T05:19:42Z,MG983743.2,00_raw_data,
phage/MG983743.2/proteins.faa,f4cc9c1f328da64933d595b125d9fd7609eaf5fef12c8624e0d57960535d5803,26653,97.0,2026-05-08T05:19:42Z,MG983743.2,00_raw_data,
phage/MH059633.1/cds.fna,5ac17f13add87bd289fb0a0916de44c35cf5070822eb5f0c298f95b69c59afa2,65391,86.0,2026-05-08T05:19:42Z,MH059633.1,00_raw_data,
phage/MH059633.1/genome.fna,2282a5e7bbdaa768be335d139d6a28b3d282a74aa48a2cec600fb73edaf0a1ef,62881,1.0,2026-05-08T05:19:42Z,MH059633.1,00_raw_data,
phage/MH059633.1/proteins.faa,4526def00b8971e8bf0c90d994a87a3435079a98a01807d9e3c114d8f0995367,26065,86.0,2026-05-08T05:19:42Z,MH059633.1,00_raw_data,
phage/MH191395.1/cds.fna,f79ac89054201235b71fa72064e269990e674b7f9b2b0c67ce6cc19368170d7d,63403,81.0,2026-05-08T05:19:42Z,MH191395.1,00_raw_data,
phage/MH191395.1/genome.fna,c75cac8ff90154034502b370f8fe9e7aaceb1e0e164ceb7140d117c7dd52b9a2,62766,1.0,2026-05-08T05:19:42Z,MH191395.1,00_raw_data,
phage/MH191395.1/proteins.faa,c05ade8301f07406ed69e090fd60256829b1647151c7c011cc08fe3c42402b51,23785,81.0,2026-05-08T05:19:42Z,MH191395.1,00_raw_data,
phage/MH517022.1/cds.fna,2b4288796d9801baa29128413e023f63b333e4de8c79e5210468e9a8855c635c,148846,177.0,2026-05-08T05:19:42Z,MH517022.1,00_raw_data,
phage/MH517022.1/genome.fna,e8d549982f18c87462d1c93c6ce44a11109c06a40b8cd10cd948fd2ec511a7f4,145311,1.0,2026-05-08T05:19:42Z,MH517022.1,00_raw_data,
phage/MH517022.1/proteins.faa,6fb1c18ca7866e3661dd3e609cf356ffdefdb3fcd5d2661c55ed173b6137c6a1,59711,177.0,2026-05-08T05:19:42Z,MH517022.1,00_raw_data,
phage/MK095605.1/cds.fna,578df57eab0f4db1736b5e7ea3d00110488afdfd63991c762e4a081355c70483,53213,73.0,2026-05-08T05:19:42Z,MK095605.1,00_raw_data,
phage/MK095605.1/genome.fna,44852e8e5990d471023d4c3ea02a5cf4ed5ac0e3f06ef7c66888361f59f8dae1,46819,1.0,2026-05-08T05:19:42Z,MK095605.1,00_raw_data,
phage/MK095605.1/proteins.faa,49f215f0e199dc499b480fbf8c6f173c47b24e18ead160d8af5201dba57da5d7,22506,73.0,2026-05-08T05:19:42Z,MK095605.1,00_raw_data,
phage/MK095606.1/cds.fna,d59c9cd18c04b353ce8e9d544432e63e14232a8b557494d80968ae463ff90892,58314,92.0,2026-05-08T05:19:42Z,MK095606.1,00_raw_data,
phage/MK095606.1/genome.fna,5b4aeb9ee1c70347aa28eeaeb3c9b0d7214158cb913732e4e2dc83155561d5e1,51958,1.0,2026-05-08T05:19:42Z,MK095606.1,00_raw_data,
phage/MK095606.1/proteins.faa,115d35a163104f8486a558206f81df7e33a0fbb5c8fa1cc97c51ce16297d4f0a,24073,92.0,2026-05-08T05:19:42Z,MK095606.1,00_raw_data,
phage/MK388689.1/cds.fna,ea09466c5838bd60f3f21075186542e2a20b15996cb6b7743e70fcbaa86b7037,84826,131.0,2026-05-08T05:19:42Z,MK388689.1,00_raw_data,
phage/MK388689.1/genome.fna,858a19bf39b2018fa127ded6e4f2a393608d94db04c1787910331249745250d4,75835,1.0,2026-05-08T05:19:42Z,MK388689.1,00_raw_data,
phage/MK388689.1/proteins.faa,933596830f18d7db239c4b591cff77f0474b3b411e7fc558f8f4d1820b8388da,33750,131.0,2026-05-08T05:19:42Z,MK388689.1,00_raw_data,
phage/MK580972.1/cds.fna,8ae3dd94cac62306ac61c6b2ee61c6365d0b3279686d18cc84a45bcc9e690591,166549,257.0,2026-05-08T05:19:42Z,MK580972.1,00_raw_data,
phage/MK580972.1/genome.fna,ffa60a23d2d0916a7de5d08ea3c139f7a6c13cc7f32978eada6e6c2852093748,162203,1.0,2026-05-08T05:19:42Z,MK580972.1,00_raw_data,
phage/MK580972.1/proteins.faa,7cb07f4de481e370478d67d4fbe140c31df70c7f1f4a617ca99432b6370bf85c,77579,257.0,2026-05-08T05:19:42Z,MK580972.1,00_raw_data,
phage/MK903278.1/cds.fna,1d680a1a06711e0cabbb49722c39bb5a0fea8341c233bdf3da039c2210a6fb09,48569,59.0,2026-05-08T05:19:42Z,MK903278.1,00_raw_data,
phage/MK903278.1/genome.fna,5a5a80bd092a501b1c6d164989ecef4392f6f431230ec945335ed2467949860b,45136,1.0,2026-05-08T05:19:42Z,MK903278.1,00_raw_data,
phage/MK903278.1/proteins.faa,7a62b751c3d48d6beaed8ec1fd950b319b6c7559b9386e61a0f4f7f74eddb554,18867,59.0,2026-05-08T05:19:42Z,MK903278.1,00_raw_data,
phage/MN047793.1/cds.fna,ebfdba5eca87ff7870174b672ba026220df574ee22d79342ea3563ad784f526b,300539,401.0,2026-05-08T05:19:42Z,MN047793.1,00_raw_data,
phage/MN047793.1/genome.fna,d4e8972724cda6e1cfc8049e7bd381ae003d749ad7c997dd171bcda6cc045f74,313494,1.0,2026-05-08T05:19:42Z,MN047793.1,00_raw_data,
phage/MN047793.1/proteins.faa,525a658cf8dbc6ac3b6e3e37d9696d45543194d0b36bfd64d094ba5fcd41ebf4,124734,401.0,2026-05-08T05:19:42Z,MN047793.1,00_raw_data,
phage/MN062187.1/cds.fna,ed409e50ecaf9bf436595b75925bbaa458bfb462427e653f7e54ee28c5b2d78d,47325,57.0,2026-05-08T05:19:42Z,MN062187.1,00_raw_data,
phage/MN062187.1/genome.fna,b6f148c67908dc740036cb3321d3eb15518766c0f45e9ccb2a2ecf36094f35a2,43987,1.0,2026-05-08T05:19:42Z,MN062187.1,00_raw_data,
phage/MN062187.1/proteins.faa,0da89a57df0490e8d89a4be946c50185fb53e56b72bd88a18e9b9eb5ab29fab9,18546,58.0,2026-05-08T05:19:42Z,MN062187.1,00_raw_data,
phage/MN304816.1/cds.fna,8a8f7ac6d43a83e821cb5092f897b1075d037832a7969b96f6a67f011582abe4,50369,71.0,2026-05-08T05:19:42Z,MN304816.1,00_raw_data,
phage/MN304816.1/genome.fna,1952ea75b9e7742c86c58c4a67bd3de71d7445b1f9803d850478bdf4f6875326,48230,1.0,2026-05-08T05:19:42Z,MN304816.1,00_raw_data,
phage/MN304816.1/proteins.faa,a2ae1dda95094dd1c871af1333c279b0f878934d7a65249e3e77f9e652e52fcd,22877,75.0,2026-05-08T05:19:42Z,MN304816.1,00_raw_data,
phage/MN364664.1/cds.fna,0d0deaa13b29551ac152b3fed3dbe0b079f03a9918e513333431d89b0153f708,162056,229.0,2026-05-08T05:19:42Z,MN364664.1,00_raw_data,
phage/MN364664.1/genome.fna,e651afa30d5ced33cff0e55b43c0040ca0374dc5dc446d3e73a1c948210bff85,159408,1.0,2026-05-08T05:19:42Z,MN364664.1,00_raw_data,
phage/MN364664.1/proteins.faa,2c864b84a6e62f6a0124384a0121990b2ac9b49df854e8686d5dfcf301b45a7f,65737,229.0,2026-05-08T05:19:42Z,MN364664.1,00_raw_data,
phage/MN461279.1/cds.fna,41b1e192fbccbb66e3b25a3f67b8ba7c2d862e5c0341d7ea2d0fd9a52f64f1c4,49304,67.0,2026-05-08T05:19:42Z,MN461279.1,00_raw_data,
phage/MN461279.1/genome.fna,bb6d9fa5388e18941f40e0e20580acaf33ecd8414afdba026036382f3154825e,48141,1.0,2026-05-08T05:19:42Z,MN461279.1,00_raw_data,
phage/MN461279.1/proteins.faa,beca3f896d82d88667943ce553ee29cd812ef4e8ece01d60d2f6b319f6811cd6,19938,67.0,2026-05-08T05:19:42Z,MN461279.1,00_raw_data,
phage/MT119766.1/cds.fna,9a981cc0eab344c7e8524c3b412ecb0117e27cf8ebe3ff1e5525973cddd00a9d,43380,69.0,2026-05-08T05:19:42Z,MT119766.1,00_raw_data,
phage/MT119766.1/genome.fna,0609041e04b987ec8f3aabd691e31e77d851f93c4db19728c0ae6cc6ef21cc38,40605,1.0,2026-05-08T05:19:42Z,MT119766.1,00_raw_data,
phage/MT119766.1/proteins.faa,0094f56e6d21a82a42c15d016dd9f64d71a5500cedb4cbee02a1d40048c991a0,19386,69.0,2026-05-08T05:19:42Z,MT119766.1,00_raw_data,
phage/MT161381.1/cds.fna,f0df893bad44c278146d546187ec2a7a471fabe4c684bd176c7733b7dfe56038,49702,80.0,2026-05-08T05:19:42Z,MT161381.1,00_raw_data,
phage/MT161381.1/genome.fna,93f198a2537092f68ec28f3ef80d522cd25bdb1f57e8b894c4d61f3e72ef666a,45455,1.0,2026-05-08T05:19:42Z,MT161381.1,00_raw_data,
phage/MT161381.1/proteins.faa,f00225bbd581f134cd839e521d1d25cc2fffe36b4a046698411d28b1f0eeb249,20390,80.0,2026-05-08T05:19:42Z,MT161381.1,00_raw_data,
phage/MT161382.1/cds.fna,a04404a3613ac74f0e384c8e08bb29087c45c81def0427cffc212e8ff77867e8,49328,81.0,2026-05-08T05:19:42Z,MT161382.1,00_raw_data,
phage/MT161382.1/genome.fna,e2f586b84f5cf1dee6b31801e9e248411fe2e8f8d4a843a7f5484223c7d3f7a7,44768,1.0,2026-05-08T05:19:42Z,MT161382.1,00_raw_data,
phage/MT161382.1/proteins.faa,346fa17da9af5d96411e7ccfcc54298eba497d2d7b53977630b687bf67e8c731,20151,81.0,2026-05-08T05:19:42Z,MT161382.1,00_raw_data,
phage/MT161383.1/cds.fna,0fafb42a6a67f49a25aaf3993db662656656a07c062787dc653bde43d62c6d19,49527,78.0,2026-05-08T05:19:42Z,MT161383.1,00_raw_data,
phage/MT161383.1/genome.fna,50ffe4608093d74c0a20c04c0391a5d5ba82929b0484c919547e823f21a29ec9,44836,1.0,2026-05-08T05:19:42Z,MT161383.1,00_raw_data,
phage/MT161383.1/proteins.faa,9663ff8670d954b8492401817a1dfed16c462714c769381d7ffefbe3fcf1074b,20152,78.0,2026-05-08T05:19:42Z,MT161383.1,00_raw_data,
phage/MT161384.1/cds.fna,0fab47390b76565ca0856cd951b8daeb3226d7ec9d1c2fac6d65bf1d9105a90f,48466,80.0,2026-05-08T05:19:42Z,MT161384.1,00_raw_data,
phage/MT161384.1/genome.fna,ba71052c6083dfc6e108bcdb172786ae4c9a4fac389fdd18f551d8e4486a2ff5,44551,1.0,2026-05-08T05:19:42Z,MT161384.1,00_raw_data,
phage/MT161384.1/proteins.faa,32d7f38e6cf3596ae01164563b31b1922596500886f6e36d272f12c972074b93,19610,80.0,2026-05-08T05:19:42Z,MT161384.1,00_raw_data,
phage/MT161385.1/cds.fna,c6d87a640f321d364b2ab6c73a505954348e98084f832d920a0f7f2388951c36,66382,89.0,2026-05-08T05:19:42Z,MT161385.1,00_raw_data,
phage/MT161385.1/genome.fna,03bee3cbe5e3380e2b338f0cb3543f309a394cb1ac1673a1fff620e44004f511,61334,1.0,2026-05-08T05:19:42Z,MT161385.1,00_raw_data,
phage/MT161385.1/proteins.faa,ed8b3b7175415f1369a52f5d2ba67edf024a3aed3315fe1f4a966cfba4cd473e,24673,89.0,2026-05-08T05:19:42Z,MT161385.1,00_raw_data,
phage/MT161386.1/cds.fna,4d9fdd9e1c43cfd38d0bca30c9dee65905151fb9dc0aa3e1cf1bceb4568741fe,67901,99.0,2026-05-08T05:19:42Z,MT161386.1,00_raw_data,
phage/MT161386.1/genome.fna,0076f6eb6565baff8692a7440e7694cbd8851e18c1668eb6c8f15d4575d10f1b,62002,1.0,2026-05-08T05:19:42Z,MT161386.1,00_raw_data,
phage/MT161386.1/proteins.faa,8ae6fd14e11c5d18a68325eed756cb01fc761ed80e4a959a5db202446f7401bc,26876,99.0,2026-05-08T05:19:42Z,MT161386.1,00_raw_data,
phage/MT161387.1/cds.fna,81f752ee70e4c45fd5c12b894dceef8097284965220080f667c05ba784bde88e,67887,99.0,2026-05-08T05:19:42Z,MT161387.1,00_raw_data,
phage/MT161387.1/genome.fna,70781a3a3fdff8f235e5364d9b2663cae8d1d0cc1b8902d6e402168c0aa4ab72,61934,1.0,2026-05-08T05:19:42Z,MT161387.1,00_raw_data,
phage/MT161387.1/proteins.faa,094aba1144616fcacb378cb835d41d6161abb8a18b1d07967984ea7eeba1578a,28080,99.0,2026-05-08T05:19:42Z,MT161387.1,00_raw_data,
phage/MT653137.1/cds.fna,ad29d6d6909d6b567d17b49f2ae17b387df027d1fb1c4f4927f3e63b21394c1d,42908,58.0,2026-05-08T05:19:42Z,MT653137.1,00_raw_data,
phage/MT653137.1/genome.fna,133ba3b2f95dfcdb6a284afddc1404f8e002c191239d425c6e58bcaa0e66c6f1,43443,1.0,2026-05-08T05:19:42Z,MT653137.1,00_raw_data,
phage/MT653137.1/proteins.faa,bb8811455af91a318d44207b17b359c33b1934be5e53302e5916d183695ac6e9,18722,58.0,2026-05-08T05:19:42Z,MT653137.1,00_raw_data,
phage/MT664984.1/cds.fna,6ca48f93acb2924429016f7c45a34f08852ff061954bcba8a141116f5135e0fc,66253,82.0,2026-05-08T05:19:42Z,MT664984.1,00_raw_data,
phage/MT664984.1/genome.fna,ac56a2cc4e96de4a09fe720899e0bda7c182e0da038a0738fe8958f6bb2e38a3,64747,1.0,2026-05-08T05:19:42Z,MT664984.1,00_raw_data,
phage/MT664984.1/proteins.faa,828f35680d85eb90f530bc93e88a33aba1ba377efb65c213d5cd2b64f0009981,27451,82.0,2026-05-08T05:19:42Z,MT664984.1,00_raw_data,
phage/MT708549.1/cds.fna,a3b86bee91eb042e78d4035574e3405691eb3004a999f362049f15ea460c701d,74391,114.0,2026-05-08T05:19:42Z,MT708549.1,00_raw_data,
phage/MT708549.1/genome.fna,cf395f4eb0d27eefae0bb99fcbc3cc2061b47b6edd71fc8d698d3839ca3153f1,69424,1.0,2026-05-08T05:19:42Z,MT708549.1,00_raw_data,
phage/MT708549.1/proteins.faa,bbd2e0bba1eca79069638e30cd4a666c66896f4e1b69a35612f38819312e747d,35674,114.0,2026-05-08T05:19:42Z,MT708549.1,00_raw_data,
phage/MT740307.1/cds.fna,189164d72a87c68311aef7e7bf1640efb3184b8c6dd7a4cc6120c3f9e01b84f9,103419,174.0,2026-05-08T05:19:42Z,MT740307.1,00_raw_data,
phage/MT740307.1/genome.fna,a0271ba31d6ac3cfca2d9177b62f0611409845b8b894237e1cb97aea48114307,100247,1.0,2026-05-08T05:19:42Z,MT740307.1,00_raw_data,
phage/MT740307.1/proteins.faa,e012822fd172cb5ab32cc61539e1e54cb448a9a5587c07461f24d920c7d9892f,59401,174.0,2026-05-08T05:19:42Z,MT740307.1,00_raw_data,
phage/MT939492.1/cds.fna,2b081a45f7eb22ad702bba66621b4e7a729a52497a3faca29587dc35a75831bb,236742,251.0,2026-05-08T05:19:42Z,MT939492.1,00_raw_data,
phage/MT939492.1/genome.fna,616869e16109759f895984c7bf39242511b0e9329b25a05bebf5655939a74414,235476,1.0,2026-05-08T05:19:42Z,MT939492.1,00_raw_data,
phage/MT939492.1/proteins.faa,4b88264ca9c28b3b33523bc4b4137354ad70114e755ef56e1ca35dc442fad56f,70315,251.0,2026-05-08T05:19:42Z,MT939492.1,00_raw_data,
phage/MT951568.1/cds.fna,17644ea98228446dbe0120871328894351eb4619dc859d5d72fe66c501dcee6b,46715,58.0,2026-05-08T05:19:42Z,MT951568.1,00_raw_data,
phage/MT951568.1/genome.fna,6df52b417b56e51605e4f732be7714266f19594c9770f5cae39e495870a9cc7e,43497,1.0,2026-05-08T05:19:42Z,MT951568.1,00_raw_data,
phage/MT951568.1/proteins.faa,62d5d4c692f3554db577f0c6acfc2ac27939766f71a90e84269598d7bb69bf10,18313,58.0,2026-05-08T05:19:42Z,MT951568.1,00_raw_data,
phage/MT980839.1/cds.fna,0fa70efbb6132c28b1ce3694afec22138f8f172f2f4f0ef3675214c9aa6e9be7,39525,59.0,2026-05-08T05:19:42Z,MT980839.1,00_raw_data,
phage/MT980839.1/genome.fna,adc317b8d8c0f41664d6adc8778307f7ab1f987a1f9aa721e63c7e94c068501c,38363,1.0,2026-05-08T05:19:42Z,MT980839.1,00_raw_data,
phage/MT980839.1/proteins.faa,8cd8ac78911d87a454e5c4935571a4a55bcbc9f0a4eb2237c3b8308887964366,18760,59.0,2026-05-08T05:19:42Z,MT980839.1,00_raw_data,
phage/MW082583.1/cds.fna,f8fadf7840839e852cdb3f5bfebe7c03fa91e6d19f0fd2af35573012a5217265,42212,60.0,2026-05-08T05:19:42Z,MW082583.1,00_raw_data,
phage/MW082583.1/genome.fna,65c531efcb80d751e33043bd517b41c9a0c5ebe5623bb5e927778836cd015146,40417,1.0,2026-05-08T05:19:42Z,MW082583.1,00_raw_data,
phage/MW082583.1/proteins.faa,7f5bd89cc9e73fa01a864f386d0d3d19959e58d97be687f5b5061fbf1ecf171f,13160,60.0,2026-05-08T05:19:42Z,MW082583.1,00_raw_data,
phage/MW435566.1/cds.fna,88a00eb059ed6d2fe4ee7887f984680a9e4d741b144893436db609c27ba435cd,49201,74.0,2026-05-08T05:19:42Z,MW435566.1,00_raw_data,
phage/MW435566.1/genome.fna,5be4eebd1bf6cf6a10d00ea3e135bf99bf2740fbe43337231c18b880e59a9978,46673,1.0,2026-05-08T05:19:42Z,MW435566.1,00_raw_data,
phage/MW435566.1/proteins.faa,0ab0f6e7cfaadee16258b1ebbfcab56ed76f53af1fdc3b93ae6a3d5efae8ed72,20169,74.0,2026-05-08T05:19:42Z,MW435566.1,00_raw_data,
phage/MW802488.1/cds.fna,5d7d7f56debfbfbcdffb2904bef1401f20e3854cd3cd9860442d1175ccfd1a28,44300,59.0,2026-05-08T05:19:42Z,MW802488.1,00_raw_data,
phage/MW802488.1/genome.fna,516e432e98b00410caa6188a79d2a7d926611ae97e700e954f203a156c18d207,44400,1.0,2026-05-08T05:19:42Z,MW802488.1,00_raw_data,
phage/MW802488.1/proteins.faa,6e7c3420bf4339d9230fa20c46364c838d65c090c9925e3d170311e2f457317a,15558,59.0,2026-05-08T05:19:42Z,MW802488.1,00_raw_data,
phage/MW822535.1/cds.fna,941442325f8719958c244a015f6073869de078ffa3dc9ec0e54a2193f4ad785e,47770,58.0,2026-05-08T05:19:42Z,MW822535.1,00_raw_data,
phage/MW822535.1/genome.fna,5d9080143a52bd205a94446b9c248512f6d4b9223a50b62a7c4bb04884eebb3b,44463,1.0,2026-05-08T05:19:42Z,MW822535.1,00_raw_data,
phage/MW822535.1/proteins.faa,9118e4e348c0157e677484cb3e987eeb2c023916bb59f3a0e24c3cb7e5cd1706,18510,58.0,2026-05-08T05:19:42Z,MW822535.1,00_raw_data,
phage/MW822536.1/cds.fna,259f9009aa455ed5f8b69646bc3b98debc8d869cae6b3671baa834b777b11df0,45766,58.0,2026-05-08T05:19:42Z,MW822536.1,00_raw_data,
phage/MW822536.1/genome.fna,74e50ae4bf80da7848c05daebb94ce15ae23a5933eda3c2825d54d2164d97c56,44421,1.0,2026-05-08T05:19:42Z,MW822536.1,00_raw_data,
phage/MW822536.1/proteins.faa,ba6bc11ecec60956f2a65e802c571dd72e0761c5c497ca62dd853c66bd7723c7,19642,58.0,2026-05-08T05:19:42Z,MW822536.1,00_raw_data,
phage/MW822537.1/cds.fna,403f6b80c6b6a38072f90f9f382b66dc936f1f7495e8d8b172fadd929f26bbc3,47743,58.0,2026-05-08T05:19:42Z,MW822537.1,00_raw_data,
phage/MW822537.1/genome.fna,89968ce33dc970c0bae12e5fb3e6757b1db3600615cb12a2b791bf823b081284,44420,1.0,2026-05-08T05:19:42Z,MW822537.1,00_raw_data,
phage/MW822537.1/proteins.faa,195055d68ceafea390ab04dca5df3c2848d2bbb12aca02b9648e0fd800b52da4,18010,58.0,2026-05-08T05:19:42Z,MW822537.1,00_raw_data,
phage/MW822538.1/cds.fna,b039da4155740950bb25b909cdd2af8cf105e3595e977e3d0d72dc89dc66148e,47665,58.0,2026-05-08T05:19:42Z,MW822538.1,00_raw_data,
phage/MW822538.1/genome.fna,a7e452dc132a999038cb7107f4a5ff02e9321306ad43b1d19709a2f3eae95048,44507,1.0,2026-05-08T05:19:42Z,MW822538.1,00_raw_data,
phage/MW822538.1/proteins.faa,20e9082259bfcdfd3ac44140b6dd51c12cc87e60667eb25e9aa9fd1b9c591ec6,18425,58.0,2026-05-08T05:19:42Z,MW822538.1,00_raw_data,
phage/MW822539.1/cds.fna,db7090452d589fab17395c084c481b80636cb327fe8b6d114af7e4fb14f05de8,48039,59.0,2026-05-08T05:19:42Z,MW822539.1,00_raw_data,
phage/MW822539.1/genome.fna,cb3f7b5d39d1197347e0c13b0488de131c01cb1de1965eba4ddc58c932314ea2,44500,1.0,2026-05-08T05:19:42Z,MW822539.1,00_raw_data,
phage/MW822539.1/proteins.faa,fc0d421c76ffed8b61331f2c6c65a048d2a96caf6892683d8c1414eb3bad5a0c,18624,59.0,2026-05-08T05:19:42Z,MW822539.1,00_raw_data,
phage/MW825358.1/cds.fna,5858a73ea3a7c35f335ab84121fc9bda4e2b66087410f4317fc3ec0c97d2c86a,314826,334.0,2026-05-08T05:19:42Z,MW825358.1,00_raw_data,
phage/MW825358.1/genome.fna,6661b14d9959975754aa50ce3cc4e5d3cf568a82bc805814d38f3bc91845b62a,310080,1.0,2026-05-08T05:19:42Z,MW825358.1,00_raw_data,
phage/MW825358.1/proteins.faa,4c7a37109db652c0b7547e0a023291ff64bc3c95d16d162435f696c94fb98412,120496,339.0,2026-05-08T05:19:42Z,MW825358.1,00_raw_data,
phage/MZ089741.2/cds.fna,c317f02f46d186fdd892c1b6f71781af261b7ab3199d20e4b4ae112361257dc9,67667,94.0,2026-05-08T05:19:42Z,MZ089741.2,00_raw_data,
phage/MZ089741.2/genome.fna,ccfe6d8b098cab812a4a9e8e1e6b3726d1daa5d06f3ea4ba5ddb4bb5033ea07c,62199,1.0,2026-05-08T05:19:42Z,MZ089741.2,00_raw_data,
phage/MZ089741.2/proteins.faa,fa59ee97d19601e506720206e5e103f090fc21926f5d83be1a953755ee790486,21088,94.0,2026-05-08T05:19:42Z,MZ089741.2,00_raw_data,
phage/MZ326867.1/cds.fna,fa18001bb34c857abafc8f699ed2383f8f85cbdabe3f21666836148aff5efc3c,51899,68.0,2026-05-08T05:19:42Z,MZ326867.1,00_raw_data,
phage/MZ326867.1/genome.fna,fe533abdaa32ea7932286ed2c9d4ba22c28a7730a6ad628a9797956f5cb5a14e,46392,1.0,2026-05-08T05:19:42Z,MZ326867.1,00_raw_data,
phage/MZ326867.1/proteins.faa,bfaf994f386a48d4f3fd6520beb285e298d2ff4267aea81fb588963e53511e74,29920,68.0,2026-05-08T05:19:42Z,MZ326867.1,00_raw_data,
phage/MZ345003.1/cds.fna,001340684f1bff8d33e9a6227f69935cd6eaec7c3fa94fe7cb5fc7c37ca0d717,46804,69.0,2026-05-08T05:19:42Z,MZ345003.1,00_raw_data,
phage/MZ345003.1/genome.fna,35da544a3cb7ace517b57b6afe7c35986752cc3e7bc1c3152818c29a47c95989,43555,1.0,2026-05-08T05:19:42Z,MZ345003.1,00_raw_data,
phage/MZ345003.1/proteins.faa,ca4230a610ce5ba8bf9c1b4a084bb5cb01c99ebb677eac1614459fd6dc385f4e,18569,69.0,2026-05-08T05:19:42Z,MZ345003.1,00_raw_data,
phage/MZ357961.1/cds.fna,04f731aaf9cbae084a99c0a1c95f2d3a019937de9990e3ead45e7a0ec1a2cb1e,110583,154.0,2026-05-08T05:19:42Z,MZ357961.1,00_raw_data,
phage/MZ357961.1/genome.fna,3d17d3dc8bcf66fd54ff6c58b55ac373c3e1fc90eb7e05b79ea4cb2223fb1292,109489,1.0,2026-05-08T05:19:42Z,MZ357961.1,00_raw_data,
phage/MZ357961.1/proteins.faa,30c530ab7f524b12e9faf411801bfe5abc0baafcf43fa181d0a894926dac76a1,37667,154.0,2026-05-08T05:19:42Z,MZ357961.1,00_raw_data,
phage/MZ611865.1/cds.fna,583b7e57c34658ebae42823cbbd47e494594b956de88f09ff3402d3e61a55976,46499,59.0,2026-05-08T05:19:42Z,MZ611865.1,00_raw_data,
phage/MZ611865.1/genome.fna,2345994b38af474bcd8fe2d05ea778967888c135bca0544829537a2d31953dd4,45209,1.0,2026-05-08T05:19:42Z,MZ611865.1,00_raw_data,
phage/MZ611865.1/proteins.faa,1ce30121bf3653dbd0220839f3edb5dc5d91358614edbf3c0f8a4191547d08d0,17787,59.0,2026-05-08T05:19:42Z,MZ611865.1,00_raw_data,
phage/MZ666965.1/genome.fna,44390b887e5705ebe808e607150b372bb6a77b54c886e0ecce20cbafae56ab47,39066,1.0,2026-05-08T05:19:42Z,MZ666965.1,00_raw_data,
phage/MZ666965.1/proteins.faa,01ba4719c80b6fe911b091a7c05124b64eeece964e09c058ef8f9805daca546b,1,,2026-05-08T05:19:42Z,MZ666965.1,00_raw_data,
phage/MZ666966.1/genome.fna,1720d41780f1424907ba71e8d533445ded352fe59435084a8b33b2fdef04f067,41802,1.0,2026-05-08T05:19:42Z,MZ666966.1,00_raw_data,
phage/MZ666966.1/proteins.faa,01ba4719c80b6fe911b091a7c05124b64eeece964e09c058ef8f9805daca546b,1,,2026-05-08T05:19:42Z,MZ666966.1,00_raw_data,
phage/NC_003309.1/cds.fna,bdd9fed8497e268db533f39f2eb9afe033899632e675864c3d7262c02c4e1455,54691,71.0,2026-05-08T05:19:42Z,NC_003309.1,00_raw_data,
phage/NC_003309.1/genome.fna,6911644e01378bbc41c3df77b7680496b85cae7697123b6a5e333caa10471e4d,54193,1.0,2026-05-08T05:19:42Z,NC_003309.1,00_raw_data,
phage/NC_003309.1/proteins.faa,3f8586a07f31b4618a489e90383b214030651257f09284c92af3179436773520,25421,71.0,2026-05-08T05:19:42Z,NC_003309.1,00_raw_data,
phage/NC_004313.1/cds.fna,4149977c5059c89f0e639ef789ad185f6be295e65440cf174fc5851d6044e48c,41115,56.0,2026-05-08T05:19:42Z,NC_004313.1,00_raw_data,
phage/NC_004313.1/genome.fna,6583ef7bbcea6c45b176cd5b9267f311d7ab8605d66bbadbace7402cb216fe15,40776,1.0,2026-05-08T05:19:42Z,NC_004313.1,00_raw_data,
phage/NC_004313.1/proteins.faa,2c984095151bf92d6a0ed54af133c6e5d25517f43f896a25270b0219a00d14b5,13654,56.0,2026-05-08T05:19:42Z,NC_004313.1,00_raw_data,
phage/NC_004456.1/cds.fna,f3f111e0b386da826c924ffa98c07d50d22f18e57497480a1e06557553fbb1ac,40676,57.0,2026-05-08T05:19:42Z,NC_004456.1,00_raw_data,
phage/NC_004456.1/genome.fna,1f78fe0284e06b49f0834dbda5af41ac7161db86c10437743af0d913421cc5d1,43864,1.0,2026-05-08T05:19:42Z,NC_004456.1,00_raw_data,
phage/NC_004456.1/proteins.faa,062a84ca80e16633522fde2c5ba3c21e744f3864f1b2b0eedf8aeb8ad86c74d8,16278,57.0,2026-05-08T05:19:42Z,NC_004456.1,00_raw_data,
phage/NC_004902.1/cds.fna,ef42957d7e3cbe7ab6ec26577b0042a768add2cbdbc8cbfb5bd5caefa2440ace,45798,60.0,2026-05-08T05:19:42Z,NC_004902.1,00_raw_data,
phage/NC_004902.1/genome.fna,07f5d535064d220d58b1620cf8ea74bd889a418d724fecf1c9b96cd1165ce9b0,45060,1.0,2026-05-08T05:19:42Z,NC_004902.1,00_raw_data,
phage/NC_004902.1/proteins.faa,7d4104104524fc0bb045a18dae75353caf93eda5cc7437e786caa53b651c9f7c,15826,60.0,2026-05-08T05:19:42Z,NC_004902.1,00_raw_data,
phage/NC_005178.1/cds.fna,2eebba2a9559073898ade0cd6cb42fd9e1b9ec7ee456f319e218058ba68a9096,40636,55.0,2026-05-08T05:19:42Z,NC_005178.1,00_raw_data,
phage/NC_005178.1/genome.fna,d893ee491bf1b21d05f286a655b2edf9205dc4b6dc3e6288ee96b0ddfa16d5dd,38199,1.0,2026-05-08T05:19:42Z,NC_005178.1,00_raw_data,
phage/NC_005178.1/proteins.faa,582671504d8ef210d9bdbb2912c5af376f8bc1bf0641f47d2f45ef0f83716d1f,14662,55.0,2026-05-08T05:19:42Z,NC_005178.1,00_raw_data,
phage/NC_005833.1/cds.fna,a5ac2ff57fdd8c75ef4211d43f7197d705a12f27102a895773ccafe9153ada27,51751,78.0,2026-05-08T05:19:42Z,NC_005833.1,00_raw_data,
phage/NC_005833.1/genome.fna,8e401d968c67e63640f2280de22a2220145f552f3f5f846b4b00066be80db347,49585,1.0,2026-05-08T05:19:42Z,NC_005833.1,00_raw_data,
phage/NC_005833.1/proteins.faa,51cfd829a31d24ed4550277c83146f94a0f295b3dcd8746041c598d36b79ccc5,20727,78.0,2026-05-08T05:19:42Z,NC_005833.1,00_raw_data,
phage/NC_005857.1/cds.fna,c4d7c43a78549d18b241f78d89ee0c6267ae559a51c80060a125ad1f4df71d2e,53929,64.0,2026-05-08T05:19:42Z,NC_005857.1,00_raw_data,
phage/NC_005857.1/genome.fna,f9a3a173f8409637ff398b7e578f2d7859f780002b1488a106b50681f1a19156,52393,1.0,2026-05-08T05:19:42Z,NC_005857.1,00_raw_data,
phage/NC_005857.1/proteins.faa,8130664758c939d74759b02d1c550be4547d415a410652f8f99720ab499039db,14989,47.0,2026-05-08T05:19:42Z,NC_005857.1,00_raw_data,
phage/NC_006565.1/cds.fna,2869c4c3dc4605f05d74a94c625eab97a77f4c9705d8415eda1ce2acdd8f5c40,127648,165.0,2026-05-08T05:19:42Z,NC_006565.1,00_raw_data,
phage/NC_006565.1/genome.fna,a90c6249285309f253290fac2fcbf3dfdc6cb4f6d3c5f3b61f3c05740f5e164d,133456,1.0,2026-05-08T05:19:42Z,NC_006565.1,00_raw_data,
phage/NC_006565.1/proteins.faa,3010cb0fedcf74bcb3b0e65f49576663a217ace8d43f23ef54d4bd73dd231d82,53573,179.0,2026-05-08T05:19:42Z,NC_006565.1,00_raw_data,
phage/NC_007024.1/cds.fna,d64928819816d5dfc5bf89cd99fccfaaabe3b6cfaff54e4488bd34782addf5cf,58939,84.0,2026-05-08T05:19:42Z,NC_007024.1,00_raw_data,
phage/NC_007024.1/genome.fna,48154055b1800d92703c1668fda62412a89e5b1f04c09fc543baaa4f8969c703,56620,1.0,2026-05-08T05:19:42Z,NC_007024.1,00_raw_data,
phage/NC_007024.1/proteins.faa,161b71ae9f9bd997a08cdb0a7657a29b832788a72a9e12dc46189371663cf5d3,27834,84.0,2026-05-08T05:19:42Z,NC_007024.1,00_raw_data,
phage/NC_007709.1/cds.fna,09bd74aea86ac5e0d88dfb901c9b3ee86d968f111982894b77978ca812038760,46302,59.0,2026-05-08T05:19:42Z,NC_007709.1,00_raw_data,
phage/NC_007709.1/genome.fna,8e4332cea6e53202f647e43971ecc782ccc0aac49079d9005878b0e4447009de,44474,1.0,2026-05-08T05:19:42Z,NC_007709.1,00_raw_data,
phage/NC_007709.1/proteins.faa,6d9cce040929708f47d40a4a9efde21facca9c50f44457e1e1fa04288f82dee7,14206,59.0,2026-05-08T05:19:42Z,NC_007709.1,00_raw_data,
phage/NC_007710.1/cds.fna,a280004c4a56b039e5b0b39f2ce074d321c4d19baf1b4b8df116e11a6cd1d13b,47543,62.0,2026-05-08T05:19:42Z,NC_007710.1,00_raw_data,
phage/NC_007710.1/genome.fna,12ee561b0129e2678e1791bf0bbe949aeb3ebce40e453877c3f19f0fc0a65a86,47373,1.0,2026-05-08T05:19:42Z,NC_007710.1,00_raw_data,
phage/NC_007710.1/proteins.faa,ce9a152b70568fd072a496005a612802218707288650cfd461c0c0033ad7c0d4,21041,62.0,2026-05-08T05:19:42Z,NC_007710.1,00_raw_data,
phage/NC_009232.2/cds.fna,8823743b988c9c1e77ab519b8e90ca44d4fe3abb6d6f200aeef9acd7e2fe2cdc,45363,63.0,2026-05-08T05:19:42Z,NC_009232.2,00_raw_data,
phage/NC_009232.2/genome.fna,237880f6e44e36e4c507e6fb518b68374fc661976e2c460f00c6a5f271e935fb,43234,1.0,2026-05-08T05:19:42Z,NC_009232.2,00_raw_data,
phage/NC_009232.2/proteins.faa,15d8932a53529b1ec7b6b81a0a5ef622bac78cf1e9b82999955b10ed0fc6c990,19175,63.0,2026-05-08T05:19:42Z,NC_009232.2,00_raw_data,
phage/NC_009543.1/cds.fna,2aed99e45e37e38eb62d2019c08f68ffca479d31ee1d09b7e9d87c87ae0554fc,45580,58.0,2026-05-08T05:19:42Z,NC_009543.1,00_raw_data,
phage/NC_009543.1/genome.fna,0ac05b470a075bdb5aa266ff4da17b85b0233ac8ec6d720ab1b2a0b54f5d07df,45211,1.0,2026-05-08T05:19:42Z,NC_009543.1,00_raw_data,
phage/NC_009543.1/proteins.faa,545273e0de0269fc834772fa64c0c45adbebf6dd957fd2a49f23bce7719c9d47,16273,58.0,2026-05-08T05:19:42Z,NC_009543.1,00_raw_data,
phage/NC_009603.1/cds.fna,71ca3f238eb0b48dec2d6663737d701bfee7471a410e2163c6d8b500db503aa0,49392,77.0,2026-05-08T05:19:42Z,NC_009603.1,00_raw_data,
phage/NC_009603.1/genome.fna,fd7b504bb19abb8001ef0c74b870932823948e87b1812214732cdc0646b4972e,47084,1.0,2026-05-08T05:19:42Z,NC_009603.1,00_raw_data,
phage/NC_009603.1/proteins.faa,d168a76fbd339294a0a02ca025cc2771f164532daaf50934abf4a7e7d0374a03,24120,77.0,2026-05-08T05:19:42Z,NC_009603.1,00_raw_data,
phage/NC_011811.1/cds.fna,c9adb31c486cd1faf69747f6fb72b5a4adfd75631fc14ef9ce28e13170169303,86803,118.0,2026-05-08T05:19:42Z,NC_011811.1,00_raw_data,
phage/NC_011811.1/genome.fna,5fa2275aceb78787f17005e88493a02e099496445a3b05569a45ce57d83b26be,85839,1.0,2026-05-08T05:19:42Z,NC_011811.1,00_raw_data,
phage/NC_011811.1/proteins.faa,e8d537bcb50c50af9abb591aa9cd5b01134f285e89efd1c502f55932c88092ee,45625,144.0,2026-05-08T05:19:42Z,NC_011811.1,00_raw_data,
phage/NC_012742.1/cds.fna,7046f6b5054b5284a67849a6f62da61b229f7b5c7302e06ff5a8420ad83fa27a,43626,58.0,2026-05-08T05:19:42Z,NC_012742.1,00_raw_data,
phage/NC_012742.1/genome.fna,87446975c8454c554593fdcd13d52ec0623eeda99121a31e8d1ca16d0e28f0a7,44764,1.0,2026-05-08T05:19:42Z,NC_012742.1,00_raw_data,
phage/NC_012742.1/proteins.faa,57c4f0a757b8f73d8f62635fb3dff29847c701d2b486f0823b400d55678bd960,17780,58.0,2026-05-08T05:19:42Z,NC_012742.1,00_raw_data,
phage/NC_013420.1/cds.fna,cf2fe063be981e36667b1f0bfb435d2e4f06dac38f1f98862d4726dc1f1e1253,88513,112.0,2026-05-08T05:19:42Z,NC_013420.1,00_raw_data,
phage/NC_013420.1/genome.fna,9da3f1886ee5013a6c91c15e5f5de7af2d74c95920ad4f87bd90f85668352ac6,91781,1.0,2026-05-08T05:19:42Z,NC_013420.1,00_raw_data,
phage/NC_013420.1/proteins.faa,6c7ca03a7089daaea7f91090160ab577677d46a5ad04ee6a0d815a51341b609c,39652,112.0,2026-05-08T05:19:42Z,NC_013420.1,00_raw_data,
phage/NC_013599.1/cds.fna,00651494fefc8e189be97852a554ddadc01edeac481de5bc7103938a94220053,38267,45.0,2026-05-08T05:19:42Z,NC_013599.1,00_raw_data,
phage/NC_013599.1/genome.fna,6dc12666e3dd9c2bcb2a85fb39898488906b61d423b94e1d5cb3f4f0ca142b7b,37249,1.0,2026-05-08T05:19:42Z,NC_013599.1,00_raw_data,
phage/NC_013599.1/proteins.faa,c212e14301371f6e5db63c4bbb0cc37840bd6b561e508c63a7c4bbde7cd96014,25093,45.0,2026-05-08T05:19:42Z,NC_013599.1,00_raw_data,
phage/NC_013693.1/cds.fna,4d04831837f6e4d9c0fc5cca688b21afd7f9056dde158c12fc8b00f5e56dac18,165654,216.0,2026-05-08T05:19:42Z,NC_013693.1,00_raw_data,
phage/NC_013693.1/genome.fna,3b592138e2cbd2756c45d7834ac3ea2b685717658e16744c88436efa40576d7d,160321,1.0,2026-05-08T05:19:42Z,NC_013693.1,00_raw_data,
phage/NC_013693.1/proteins.faa,2de6dabd3309db5d75cc652cb1b3dc37c717ceb2eae19138b322b89224303994,61600,220.0,2026-05-08T05:19:42Z,NC_013693.1,00_raw_data,
phage/NC_013697.1/cds.fna,7d580ab97cf2843ee32f707185357af1dfeeb2f2e869e633378cfd67b29d713b,168817,236.0,2026-05-08T05:19:42Z,NC_013697.1,00_raw_data,
phage/NC_013697.1/genome.fna,9a8c61e6263777952fce79aad0cb242d4464f93e35e9ad5e1629fa7ccd8881af,159788,1.0,2026-05-08T05:19:42Z,NC_013697.1,00_raw_data,
phage/NC_013697.1/proteins.faa,6910c1282836a3e4b831c038f910cc747cbd5d740516a3030ff99e325b61c46e,69613,238.0,2026-05-08T05:19:42Z,NC_013697.1,00_raw_data,
phage/NC_014663.1/cds.fna,c3a07d22cbeeede7f41048978c6d052c14738f13357943bd259d4ef77687a3bc,182569,253.0,2026-05-08T05:19:42Z,NC_014663.1,00_raw_data,
phage/NC_014663.1/genome.fna,4f4882600412716a1dc477b66b333f26561d29092951e52e95577d28dd18f407,172430,1.0,2026-05-08T05:19:42Z,NC_014663.1,00_raw_data,
phage/NC_014663.1/proteins.faa,51c278d97959777adfddfbbcf2972c0223320c301eeae90b2a0286116e141717,90027,272.0,2026-05-08T05:19:42Z,NC_014663.1,00_raw_data,
phage/NC_014765.1/cds.fna,ba2bf190db666b0a108fca83022d71ebcfa41274f5a5ebef9d9eeec079e37e0d,209668,203.0,2026-05-08T05:19:42Z,NC_014765.1,00_raw_data,
phage/NC_014765.1/genome.fna,7f005310d33e25c8d1bbe7bf8bd915dff0080f1a3ab70ade6e1f95b911584ad5,201420,1.0,2026-05-08T05:19:42Z,NC_014765.1,00_raw_data,
phage/NC_014765.1/proteins.faa,1bc9d5de2d90e82f08ccff4564d8b8c6f331551ada54770e316d0b67842e03bc,51674,203.0,2026-05-08T05:19:42Z,NC_014765.1,00_raw_data,
phage/NC_015464.1/cds.fna,bf5df5c3f1a758425406f0221f1d3b099af28de6ee1955410fc7397bae86b19c,138855,166.0,2026-05-08T05:19:42Z,NC_015464.1,00_raw_data,
phage/NC_015464.1/genome.fna,0051ccb3642ddeec7e2b3c92b80b257f052064771806ba4e386a040c378d375f,137031,1.0,2026-05-08T05:19:42Z,NC_015464.1,00_raw_data,
phage/NC_015464.1/proteins.faa,0df438fe19e6b157a5daaccb8ae71bf6ff5687d0e3dfec93df6c56cf7a79458f,47137,175.0,2026-05-08T05:19:42Z,NC_015464.1,00_raw_data,
phage/NC_016071.1/cds.fna,b77cc373e66a7c20716844425cc6a3d20cb1dbdcd62ce1ac61a231176ff7db09,160336,244.0,2026-05-08T05:19:42Z,NC_016071.1,00_raw_data,
phage/NC_016071.1/genome.fna,f0d57738e1bea92c47bb48c84d3260660f9016be86c17314842d54f3e439a1ed,148105,1.0,2026-05-08T05:19:42Z,NC_016071.1,00_raw_data,
phage/NC_016071.1/proteins.faa,322c5316bdca8e40b3174689f4d435f33e0a390dec3647dcd237b6c53791e3fd,75801,268.0,2026-05-08T05:19:42Z,NC_016071.1,00_raw_data,
phage/NC_017981.1/cds.fna,fdfe9a0a653597076f31d91785128bf87bb24f43d8cb96cf56da8f0855700a34,53209,81.0,2026-05-08T05:19:42Z,NC_017981.1,00_raw_data,
phage/NC_017981.1/genome.fna,00a9834ee2bfeb5210c578495cd6f578c2545fec4dbb99926616d3c7f78c110d,50758,1.0,2026-05-08T05:19:42Z,NC_017981.1,00_raw_data,
phage/NC_017981.1/proteins.faa,630ef811c9f01eb76af8550a282dc3d4f583d96781cbde5be6c4ab89f031a40d,36339,81.0,2026-05-08T05:19:42Z,NC_017981.1,00_raw_data,
phage/NC_019401.1/cds.fna,5aaf810199b15f55bce689edf00f072d5253640681cea3ab7a43e3b9c7b437da,389405,545.0,2026-05-08T05:19:42Z,NC_019401.1,00_raw_data,
phage/NC_019401.1/genome.fna,14bff1767f725d4857f81d49d73c9ee12fdef6895b433afad38d5c6180214aaf,363849,1.0,2026-05-08T05:19:42Z,NC_019401.1,00_raw_data,
phage/NC_019401.1/proteins.faa,72957204db51c9403904deca330103044fba8a3837e7aff7b66ae79c272ce93c,159224,571.0,2026-05-08T05:19:42Z,NC_019401.1,00_raw_data,
phage/NC_019520.1/cds.fna,a9095169c07633c3b8fdf5a33b2999346ff709cb3aec40e859b43c9e0eb19c6c,36807,31.0,2026-05-08T05:19:42Z,NC_019520.1,00_raw_data,
phage/NC_019520.1/genome.fna,d0e0c5fea4648505e84e74035aa3718eb9d5d2edbea98afea2d352977edf59df,43271,1.0,2026-05-08T05:19:42Z,NC_019520.1,00_raw_data,
phage/NC_019520.1/proteins.faa,5fc1e7341c5e0e393bf174e09b96c14bd572b9b8b612295b9fb0ccf1f308009b,13709,31.0,2026-05-08T05:19:42Z,NC_019520.1,00_raw_data,
phage/NC_019933.2/cds.fna,5dd0404aaf242d154996c6fd7988b20fa662700d59b5a509db768a44c8a3203e,42216,47.0,2026-05-08T05:19:42Z,NC_019933.2,00_raw_data,
phage/NC_019933.2/genome.fna,8de3090a78341d3f632a51a8c092f5de86dd3af8d5520951c051a11855a4342e,44553,1.0,2026-05-08T05:19:42Z,NC_019933.2,00_raw_data,
phage/NC_019933.2/proteins.faa,e80c2f94b7e38cfaa9236be6be6ad5bd8e35a528b81108ef302cff4bed8118e0,17439,47.0,2026-05-08T05:19:42Z,NC_019933.2,00_raw_data,
phage/NC_020201.1/cds.fna,347a783e449c64850ca5b1e467ad1e4a912b63bb3460af0f287fcd78c02b588e,149734,242.0,2026-05-08T05:19:42Z,NC_020201.1,00_raw_data,
phage/NC_020201.1/genome.fna,c565db629c7324e34be49ea90c52c89da791b3bdd9d0c2acd5e317dd9e1cbbfc,144440,1.0,2026-05-08T05:19:42Z,NC_020201.1,00_raw_data,
phage/NC_020201.1/proteins.faa,cb3932ae2b16735db4971a2df45d506d553d4a2438081c903c4e06d07e1e532c,74852,245.0,2026-05-08T05:19:42Z,NC_020201.1,00_raw_data,
phage/NC_020205.1/cds.fna,6620b32aefc1062fd243300470a4cc455277308b1dfbfb1597e8f0878bdb517f,42113,40.0,2026-05-08T05:19:42Z,NC_020205.1,00_raw_data,
phage/NC_020205.1/genome.fna,90f8649325b3b6392e74c72d53b520b309c987775332319f59a64248fe666f61,43639,1.0,2026-05-08T05:19:42Z,NC_020205.1,00_raw_data,
phage/NC_020205.1/proteins.faa,cbd4a2fd4dcb01d4de065b79ffb3fbe9b1a382de2b616864bb835192bcc0c758,8719,40.0,2026-05-08T05:19:42Z,NC_020205.1,00_raw_data,
phage/NC_021532.1/cds.fna,c55535d3dac1be59fc0366e229daa9b7359351d0b60e6455eb37b8b59f828784,94872,120.0,2026-05-08T05:19:42Z,NC_021532.1,00_raw_data,
phage/NC_021532.1/genome.fna,d88889abb11a4336ea279ee3a703735fa93eb81b169f4ebbafb7a475192040ff,105459,1.0,2026-05-08T05:19:42Z,NC_021532.1,00_raw_data,
phage/NC_021532.1/proteins.faa,048d305ce478175908d376b1d9dc845347e6a95db6f204ce3966dd83369a34c1,46767,121.0,2026-05-08T05:19:42Z,NC_021532.1,00_raw_data,
phage/NC_021777.1/cds.fna,eef0347c9ca269f7160ea8d33ab1d629b2f53829b9f2cb6afad1890288277f68,46868,69.0,2026-05-08T05:19:42Z,NC_021777.1,00_raw_data,
phage/NC_021777.1/genome.fna,ebb75e6b73938418817755c67b88ddc8a53a12851df4c33e9e5b1a7b81fcb820,44122,1.0,2026-05-08T05:19:42Z,NC_021777.1,00_raw_data,
phage/NC_021777.1/proteins.faa,dda4c1fdc6d773a57ce7bcfb3d47a6a144d151c13d101b5ef78c230f0ca23a01,21243,69.0,2026-05-08T05:19:42Z,NC_021777.1,00_raw_data,
phage/NC_022982.1/cds.fna,540276b39383d6ee8886a00968be6753012d734f0467612b4bf3717dfa74fb88,44914,51.0,2026-05-08T05:19:42Z,NC_022982.1,00_raw_data,
phage/NC_022982.1/genome.fna,779c168780a76aa50715931c4998f88cd6f2ccfab6ddf72d4a30bd1562bb8d35,44544,1.0,2026-05-08T05:19:42Z,NC_022982.1,00_raw_data,
phage/NC_022982.1/proteins.faa,914d62dcea930ce16ecb731fbce5e53bf35435f709df708dc88f736524d0f5e6,11920,51.0,2026-05-08T05:19:42Z,NC_022982.1,00_raw_data,
phage/NC_022987.1/cds.fna,9a62ade26d8b4b660cbed82255a552d4629474f018ce03c697b52688342a87d9,46035,52.0,2026-05-08T05:19:42Z,NC_022987.1,00_raw_data,
phage/NC_022987.1/genome.fna,d53da5db0bcab5b2b7303edde27f20476185d5c6e6cd3dac99bba15d902b3c0b,44618,1.0,2026-05-08T05:19:42Z,NC_022987.1,00_raw_data,
phage/NC_022987.1/proteins.faa,49a7090d6ec70778b06099a5f06ef2f8c6c99d64f777527ebc8cb57e660fc1fe,15755,52.0,2026-05-08T05:19:42Z,NC_022987.1,00_raw_data,
phage/NC_023556.1/cds.fna,e8b9f0d4bcff9bae98b3bbf80cc0daa602100bcd860568442ae7dfe5dff158fb,79503,91.0,2026-05-08T05:19:42Z,NC_023556.1,00_raw_data,
phage/NC_023556.1/genome.fna,24c1cd282cdd5792bc7e19e0e2f470d4d448fdb742b6b6910df432132150fb4c,73421,1.0,2026-05-08T05:19:42Z,NC_023556.1,00_raw_data,
phage/NC_023556.1/proteins.faa,2464ddf4b08801aa1130ce5b9ed424e84902f653c89c520ab40903b82d5dd517,23356,91.0,2026-05-08T05:19:42Z,NC_023556.1,00_raw_data,
phage/NC_023569.1/cds.fna,63db5f66c214b0079bc8660a45d28381bcd4dedd636f15cc9150b4a316eabe0b,80876,96.0,2026-05-08T05:19:42Z,NC_023569.1,00_raw_data,
phage/NC_023569.1/genome.fna,c137cecf804f386fc77226e5e7f8f5cc9f63d09175073716e2204a4f7927c967,78999,1.0,2026-05-08T05:19:42Z,NC_023569.1,00_raw_data,
phage/NC_023569.1/proteins.faa,3b3c7aee68a417fa13bf175b54804292b2c0e391a4612ff39f922b4d70923602,34213,96.0,2026-05-08T05:19:42Z,NC_023569.1,00_raw_data,
phage/NC_024784.1/cds.fna,82555197a8b7a8696a4d39479f715aaf9708dc974c4835aaba62d865982a18d4,50894,81.0,2026-05-08T05:19:42Z,NC_024784.1,00_raw_data,
phage/NC_024784.1/genome.fna,57758647f7c920289739a156f68712309497d3437f7c049f02cf0ccc6f5d3ad1,47166,1.0,2026-05-08T05:19:42Z,NC_024784.1,00_raw_data,
phage/NC_024784.1/proteins.faa,c55b020dfb943abbcc070ea433712e35600446b0ec4d56fe284810d28d036da1,21791,82.0,2026-05-08T05:19:42Z,NC_024784.1,00_raw_data,
phage/NC_024789.1/cds.fna,85f0b61eefbcc89ce4140994cceabcd1c4f72ef5226efbfa4d694982fd1b4065,49379,74.0,2026-05-08T05:19:42Z,NC_024789.1,00_raw_data,
phage/NC_024789.1/genome.fna,1c6e3af267a1e54f8009c0d9c88d4409ba179296513c6fd5a560ad44d1dd2a32,46462,1.0,2026-05-08T05:19:42Z,NC_024789.1,00_raw_data,
phage/NC_024789.1/proteins.faa,47ae6ce9fa0c60e05ec93e9b5ba36ed25388b79a5d43e92fc957e7761d32ecc7,26049,75.0,2026-05-08T05:19:42Z,NC_024789.1,00_raw_data,
phage/NC_024793.1/cds.fna,53388c0136a8d9bd58adee8185814ba4f8dfd8075f2e6c88f0771c6a9e79a019,49952,76.0,2026-05-08T05:19:42Z,NC_024793.1,00_raw_data,
phage/NC_024793.1/genome.fna,d3870aa2883bd90f24f1bc4cb8df3b1c530bc67f199f6a09af14309eaac7cd78,47579,1.0,2026-05-08T05:19:42Z,NC_024793.1,00_raw_data,
phage/NC_024793.1/proteins.faa,c4feae54583ca495b4546dc5ca4030ceb0ba3b030efe0e917cff263902427d3f,23152,77.0,2026-05-08T05:19:42Z,NC_024793.1,00_raw_data,
phage/NC_027989.1/cds.fna,1388627c014b69d12d33a1c6d8dcb7d8dd95427f3cf1f6af71aae8912544b13f,55581,68.0,2026-05-08T05:19:42Z,NC_027989.1,00_raw_data,
phage/NC_027989.1/genome.fna,ba63a3c04fd27ff98820345826764842e1c5094d75b1ac08167476562dcf3529,54077,1.0,2026-05-08T05:19:42Z,NC_027989.1,00_raw_data,
phage/NC_027989.1/proteins.faa,c6cf7eea309c0ccff635212d1ca830914da8f639956d30e075430b9260403222,20954,67.0,2026-05-08T05:19:42Z,NC_027989.1,00_raw_data,
phage/NC_029075.1/cds.fna,14ccfd2f3ae5e559976d505facf8cb038bb37d918492dbefe365e0fcbe0b1c43,87281,118.0,2026-05-08T05:19:42Z,NC_029075.1,00_raw_data,
phage/NC_029075.1/genome.fna,4580bbe1cd29345a6da7915f5a48bb117178bb9182d1e4af34a78af3e4e96a8d,82760,1.0,2026-05-08T05:19:42Z,NC_029075.1,00_raw_data,
phage/NC_029075.1/proteins.faa,0b74ca16f3b7acb5607964ecacbfd81de932f6e790c10249bc1453f1865801c1,30201,119.0,2026-05-08T05:19:42Z,NC_029075.1,00_raw_data,
phage/NC_030928.1/cds.fna,a43515015836c0a621cf3d051d9e97738441b3366784f7404bf54f64b8c0845b,45211,53.0,2026-05-08T05:19:42Z,NC_030928.1,00_raw_data,
phage/NC_030928.1/genome.fna,f9d302272961a0567c695602c5a0c9e50862480425b62e3cedc1d59635b111d1,44534,1.0,2026-05-08T05:19:42Z,NC_030928.1,00_raw_data,
phage/NC_030928.1/proteins.faa,aa79413ba8e888e71ddaffe082f8ff15d4aa7c3026b7f7afc8355112e4220a64,15316,53.0,2026-05-08T05:19:42Z,NC_030928.1,00_raw_data,
phage/NC_030937.1/cds.fna,42008e93c1775674a9c9797e1cbb119f29009d86ed4002b79d368f8ad563ad00,44355,53.0,2026-05-08T05:19:42Z,NC_030937.1,00_raw_data,
phage/NC_030937.1/genome.fna,a3c27ee30abaa5b24212c26084ad8df3ec10b6f81cf6bf9891bdfaed1811c6a4,44951,1.0,2026-05-08T05:19:42Z,NC_030937.1,00_raw_data,
phage/NC_030937.1/proteins.faa,90af9cb250319a1a0f982046b71fb46f501a53e6393d66a70e978f7647077979,18103,53.0,2026-05-08T05:19:42Z,NC_030937.1,00_raw_data,
phage/NC_031280.1/cds.fna,ec1a004bdddb5fbb0840a25f7b73abe273d660b9614603172d237fd57ac876b5,112274,165.0,2026-05-08T05:19:42Z,NC_031280.1,00_raw_data,
phage/NC_031280.1/genome.fna,6951ab691b1bb0e43fffabc715628ded9ce05afb9948f202f062d4adda24397c,106472,1.0,2026-05-08T05:19:42Z,NC_031280.1,00_raw_data,
phage/NC_031280.1/proteins.faa,07859f9e5be60de6a7da5d6ed53373afc4abbd950dad3e649a4de6a64af16556,60406,178.0,2026-05-08T05:19:42Z,NC_031280.1,00_raw_data,
phage/NC_042344.1/cds.fna,6a788f2699e0191b8e8fa9ed113f1a20bcea4cb8e60cc0a999ec8d367c976455,60152,77.0,2026-05-08T05:19:42Z,NC_042344.1,00_raw_data,
phage/NC_042344.1/genome.fna,a22423af3df4ab42e71d81951f0c75a9c87a22d7bd458a75f2c07314c1d99c77,56991,1.0,2026-05-08T05:19:42Z,NC_042344.1,00_raw_data,
phage/NC_042344.1/proteins.faa,3fc4976896d8d84850f4c8863c58c6088c43814c2f2aa1b64f9721d6d6134f53,22120,77.0,2026-05-08T05:19:42Z,NC_042344.1,00_raw_data,
phage/NC_042345.1/cds.fna,e7e88e6be358261be6e4bf59ec2035f3c4ada44da89c177e8e17a488a044406c,59843,72.0,2026-05-08T05:19:42Z,NC_042345.1,00_raw_data,
phage/NC_042345.1/genome.fna,67ab3d67b2cea396a8e9e042b9f7393009ac1607710ccbd1953b1d08f7b79feb,56438,1.0,2026-05-08T05:19:42Z,NC_042345.1,00_raw_data,
phage/NC_042345.1/proteins.faa,95aeeb309a3fde8d8888c3390f1835cddd5e980db914fb96729e4f96deabc685,22378,72.0,2026-05-08T05:19:42Z,NC_042345.1,00_raw_data,
phage/NC_047762.1/cds.fna,625b4f16830a37bb03142c9f442c1cebb07af90cf724c4136d78b3337e134eab,46288,53.0,2026-05-08T05:19:42Z,NC_047762.1,00_raw_data,
phage/NC_047762.1/genome.fna,194929d56b1f44c59e89734f7d215ee06ea01f3d666766b777a61728880c3fc0,45557,1.0,2026-05-08T05:19:42Z,NC_047762.1,00_raw_data,
phage/NC_047762.1/proteins.faa,d7429e6ec7305091d52c81b09ef4882420173a1d92868693b9119fabb4c93fc0,11992,54.0,2026-05-08T05:19:42Z,NC_047762.1,00_raw_data,
phage/NC_047840.1/cds.fna,ce2b9146f842024325331e23844348191f3f63dee40ae31cb5d01b7003141f1b,47351,54.0,2026-05-08T05:19:42Z,NC_047840.1,00_raw_data,
phage/NC_047840.1/genome.fna,c5acbf2debf37ba5272bc0592bfcd14ff0960df48d9151dd09bcc042350b02b0,45292,1.0,2026-05-08T05:19:42Z,NC_047840.1,00_raw_data,
phage/NC_047840.1/proteins.faa,c488ae19ce822015245e8cd31b0af26bd34dcc4ae3c620c0e85b7ca324790705,22440,54.0,2026-05-08T05:19:42Z,NC_047840.1,00_raw_data,
phage/NC_047962.1/cds.fna,cc176508521d81fb7e6803a7076bc5c9552f55afef23984909667b26f58a5f13,65420,86.0,2026-05-08T05:19:42Z,NC_047962.1,00_raw_data,
phage/NC_047962.1/genome.fna,c38ab799af29f67c1111e1d2231c72b71186d4fdfea86edabff5a75cf00df533,62882,1.0,2026-05-08T05:19:42Z,NC_047962.1,00_raw_data,
phage/NC_047962.1/proteins.faa,228fbad1a3204b42f5ffd2d9b4375f2c8f9a744c8e56cdea9596e675b9c5587f,20943,86.0,2026-05-08T05:19:42Z,NC_047962.1,00_raw_data,
phage/NC_048137.1/cds.fna,dc8906b69f166f48ea59540138e7f04f087c4b908f22dc7d65f3d0552c76d9f3,58328,92.0,2026-05-08T05:19:42Z,NC_048137.1,00_raw_data,
phage/NC_048137.1/genome.fna,205f2d404b2d939fbec377937caad92f8783ac3e87bbe07288884dcc4b30100c,51959,1.0,2026-05-08T05:19:42Z,NC_048137.1,00_raw_data,
phage/NC_048137.1/proteins.faa,d365a5b02aa924e33ea1ffd2a2e1dcd4c7f30ee589a5aebf9ec9d9641496c8ce,30226,92.0,2026-05-08T05:19:42Z,NC_048137.1,00_raw_data,
phage/NC_048147.1/cds.fna,52659a71472a4b8776c33a05f9f934146625804d8c0b55e5bba87c63c6b4cd7a,63436,81.0,2026-05-08T05:19:42Z,NC_048147.1,00_raw_data,
phage/NC_048147.1/genome.fna,cd778886e716238f1315663491bd980d326f6132c7bfa006bab4df13d4b65785,62767,1.0,2026-05-08T05:19:42Z,NC_048147.1,00_raw_data,
phage/NC_048147.1/proteins.faa,53242a1c0058fa25860f821afd6edb6b7990ac34a4c8fd931dfa6d0e29a76e5e,22710,81.0,2026-05-08T05:19:42Z,NC_048147.1,00_raw_data,
phage/NC_048703.1/cds.fna,2241d760f9503fbd576ac9ef35c6e5685c99f3fbe6348b70559a38fb612f7130,78910,90.0,2026-05-08T05:19:42Z,NC_048703.1,00_raw_data,
phage/NC_048703.1/genome.fna,7c1d3a80c999dc52886e3c9013c2f839afe2fa472e572e54688edd676cffd53b,77485,1.0,2026-05-08T05:19:42Z,NC_048703.1,00_raw_data,
phage/NC_048703.1/proteins.faa,8669e1ca8b6b28c10f2b04162aeb3655c7e8342ec28c510dfc05eff7882f39c8,26428,97.0,2026-05-08T05:19:42Z,NC_048703.1,00_raw_data,
phage/NC_048751.1/cds.fna,5324654ab256b99346ab50b7bcd7f1efe802a60908cab0a54369523e1dd42d9c,84935,131.0,2026-05-08T05:19:42Z,NC_048751.1,00_raw_data,
phage/NC_048751.1/genome.fna,1b8c4c68157051e65b1943f7abcbcffec6fd36367b5a3ea0e66b3bea4eca9513,75836,1.0,2026-05-08T05:19:42Z,NC_048751.1,00_raw_data,
phage/NC_048751.1/proteins.faa,46560ec124efd7db9bb24bede795b7a7fc49c31d1917d4f5c675faaa9e9e578a,37933,131.0,2026-05-08T05:19:42Z,NC_048751.1,00_raw_data,
phage/NC_048771.1/cds.fna,e5c32a8523dea1b66b0cb9964933928adf45f1897d95a79c46e565312015b5bb,138639,251.0,2026-05-08T05:19:42Z,NC_048771.1,00_raw_data,
phage/NC_048771.1/genome.fna,f1c47baddaed7a3f7e793c68536c9e19341e2509808caf3ea787d389890a9ee5,140726,1.0,2026-05-08T05:19:42Z,NC_048771.1,00_raw_data,
phage/NC_048771.1/proteins.faa,23785fa6a145881cf09d34dd794d4c27bacc22ccccfe30d78106d4272723cf85,69995,252.0,2026-05-08T05:19:42Z,NC_048771.1,00_raw_data,
phage/NC_049463.1/cds.fna,e4ad201047b106ba0c5ce4506d14d23820f8faee5f83730c6e56238ffc135d5f,80664,93.0,2026-05-08T05:19:42Z,NC_049463.1,00_raw_data,
phage/NC_049463.1/genome.fna,db41f78085f39477ef31996b24e365efa44e5331cabf0299099cf839213df06e,77389,1.0,2026-05-08T05:19:42Z,NC_049463.1,00_raw_data,
phage/NC_049463.1/proteins.faa,4881dd3236a0ee6a8dfa25dfecc1e6260cae48138fa2c2495d0bb378e6405e62,35665,98.0,2026-05-08T05:19:42Z,NC_049463.1,00_raw_data,
phage/NC_052966.1/cds.fna,0148caeaab473b198ab8c4dd3e097b247affab0f4495e6f6d96f190b872895c9,63153,79.0,2026-05-08T05:19:42Z,NC_052966.1,00_raw_data,
phage/NC_052966.1/genome.fna,d88e863d01be315af120a6230483abc6c3027693977d4b0ef5a38e22a910ca76,61418,1.0,2026-05-08T05:19:42Z,NC_052966.1,00_raw_data,
phage/NC_052966.1/proteins.faa,c3320b7eea9237cbf980368023fa2f6b4d3777cfa23cf18171677febc6178162,21923,79.0,2026-05-08T05:19:42Z,NC_052966.1,00_raw_data,
phage/NC_054458.1/cds.fna,5f2731a10a4e35fc784683eb646b042e859647569b06a66484817ec172e6dae5,48108,73.0,2026-05-08T05:19:42Z,NC_054458.1,00_raw_data,
phage/NC_054458.1/genome.fna,0f14a0b3a9f49cc8ba3ed933f7fc0a10c4ba5a2a17dcb6d53ae4b00648db7e6b,46908,1.0,2026-05-08T05:19:42Z,NC_054458.1,00_raw_data,
phage/NC_054458.1/proteins.faa,121ed0935108a6e4503460f62dc24b65649f967c1c96f2790d3841b81ea4888b,19145,73.0,2026-05-08T05:19:42Z,NC_054458.1,00_raw_data,
phage/NC_054459.1/cds.fna,741ad561e025aaecd461820cadda2c8df7143eb23840f903dc04e8d01a0d50bc,48746,77.0,2026-05-08T05:19:42Z,NC_054459.1,00_raw_data,
phage/NC_054459.1/genome.fna,7533bb0a73cc9316ed8a5e11fef0c2cad44d8652a7e57ed7910c5ff75389517a,47221,1.0,2026-05-08T05:19:42Z,NC_054459.1,00_raw_data,
phage/NC_054459.1/proteins.faa,3233f96c460dffe09d23c24fc8a7e41c1d2ab3ea143c7d4284ca6cc3aa3914eb,20075,77.0,2026-05-08T05:19:42Z,NC_054459.1,00_raw_data,
phage/NC_054460.1/cds.fna,7cf86f73242b16ddbc790f6f3669a7261aa4c59a7a220d94f298feaec71b756a,47889,66.0,2026-05-08T05:19:42Z,NC_054460.1,00_raw_data,
phage/NC_054460.1/genome.fna,2258281a69c3b9a2b0f65a4a337de2f02ddbb109fa29d9bd316c0893a181a49d,46790,1.0,2026-05-08T05:19:42Z,NC_054460.1,00_raw_data,
phage/NC_054460.1/proteins.faa,9ad3551ec7ff2e08002b9f0f62075e8a770c307b6ee95895df1a22f568876568,16006,66.0,2026-05-08T05:19:42Z,NC_054460.1,00_raw_data,
phage/NC_054461.1/cds.fna,0763ba4f194f92c5e428b8f18d6430f703a490acfbd16e1b0ad711ad484025b0,49325,67.0,2026-05-08T05:19:42Z,NC_054461.1,00_raw_data,
phage/NC_054461.1/genome.fna,ac10f6f75a7bd5ba872b3053568e70475963966895c860018f54c6de77615f57,48142,1.0,2026-05-08T05:19:42Z,NC_054461.1,00_raw_data,
phage/NC_054461.1/proteins.faa,6c2bc116690129452a30f9ca2827f7c4f2a44193ae5496c8141b7e57f191d1e1,18953,67.0,2026-05-08T05:19:42Z,NC_054461.1,00_raw_data,
phage/NC_055835.1/cds.fna,8a885cfca7f0444262bde1018d69b3b15e38a0001ded25ed47a2072dbd9bdf04,49676,80.0,2026-05-08T05:19:42Z,NC_055835.1,00_raw_data,
phage/NC_055835.1/genome.fna,272a301b5ac3841c9954571834200d326134cdfa9af8e117c0944fc008f3323c,45456,1.0,2026-05-08T05:19:42Z,NC_055835.1,00_raw_data,
phage/NC_055835.1/proteins.faa,a9b8cbb42f8ef227a92af0372b3a6f4b0fcf1b1729125d7df91a60af5444395f,22186,81.0,2026-05-08T05:19:42Z,NC_055835.1,00_raw_data,
phage/NC_055836.1/cds.fna,7c3cf3e7454f0817a3c491f1a0ada67fa63d212329ad81e3e81fda2dd245e1ad,49303,81.0,2026-05-08T05:19:42Z,NC_055836.1,00_raw_data,
phage/NC_055836.1/genome.fna,696de75385df1602255693b2e9ec87a4755d6e66a6a36b61751b278ecd0d97af,44769,1.0,2026-05-08T05:19:42Z,NC_055836.1,00_raw_data,
phage/NC_055836.1/proteins.faa,3baf154285957e2497506dd286fceb7e165070cd411a2d50cd02c18017551288,24049,82.0,2026-05-08T05:19:42Z,NC_055836.1,00_raw_data,
phage/NC_055837.1/cds.fna,528ab88232fd73e6319d3cff7d0fc039a98d3bcf80c37c98cb793f44b436bb20,49493,78.0,2026-05-08T05:19:42Z,NC_055837.1,00_raw_data,
phage/NC_055837.1/genome.fna,e7aaff8b36a88695e6d77412aa30d58031b2a3b2170ec79b8e0d40255b1cd4c4,44837,1.0,2026-05-08T05:19:42Z,NC_055837.1,00_raw_data,
phage/NC_055837.1/proteins.faa,5f507911e095782848460771f5aa7289390f7417b50942d83ae1111d7b421ac0,4818,18.0,2026-05-08T05:19:42Z,NC_055837.1,00_raw_data,
phage/NC_055838.1/cds.fna,10a56f7467b61404a1527733937cfa68367acc4c344b1e193d95cc7d46f9a1eb,48449,80.0,2026-05-08T05:19:42Z,NC_055838.1,00_raw_data,
phage/NC_055838.1/genome.fna,d1c77748bd213857d563a3218b301890e47403915ccbc63130e44a460705d6dc,44552,1.0,2026-05-08T05:19:42Z,NC_055838.1,00_raw_data,
phage/NC_055838.1/proteins.faa,01ba4719c80b6fe911b091a7c05124b64eeece964e09c058ef8f9805daca546b,1,,2026-05-08T05:19:42Z,NC_055838.1,00_raw_data,
phage/NC_055839.1/cds.fna,38702f0850ecd3f8cfb10ae234b020269099cc67a1856f4815b8f41f92c4d3b6,66362,89.0,2026-05-08T05:19:42Z,NC_055839.1,00_raw_data,
phage/NC_055839.1/genome.fna,29207ac86468ae0485f6256e765e202c843757f860c3f63b340b8f0912a10fb1,61335,1.0,2026-05-08T05:19:42Z,NC_055839.1,00_raw_data,
phage/NC_055839.1/proteins.faa,4f128b06255fa3ea27a449561d3c46b0cb793f3d5ee86f874fe61673fd1e7249,29961,89.0,2026-05-08T05:19:42Z,NC_055839.1,00_raw_data,
phage/NC_069155.1/cds.fna,e1da3333b6ac2c61e5d1d096fd503cb9d53f1b7fd229fab89b0ca0b61fde96e5,42272,60.0,2026-05-08T05:19:42Z,NC_069155.1,00_raw_data,
phage/NC_069155.1/genome.fna,63076898bfc83ef549fa33dc92e7c3f1c61c8d19f23d1cbdd979bd08b39a79af,40418,1.0,2026-05-08T05:19:42Z,NC_069155.1,00_raw_data,
phage/NC_069155.1/proteins.faa,ddcf4d88d714c6620df4938163a884b335e64a624475a0d39293d96dcb145fea,15183,60.0,2026-05-08T05:19:42Z,NC_069155.1,00_raw_data,
phage/NC_069744.1/cds.fna,82fb034dcb013534e3966a5b06b7e27370644aaae00707c512f902057df65773,47331,57.0,2026-05-08T05:19:42Z,NC_069744.1,00_raw_data,
phage/NC_069744.1/genome.fna,07b90f64713249034a3e897391e7e8d73feaaa840092d066c585e6505d385c53,43988,1.0,2026-05-08T05:19:42Z,NC_069744.1,00_raw_data,
phage/NC_069744.1/proteins.faa,fc5ac3cbf02ca6eb8f482c342225ffe3f79c8a25a732293bac7e16af10570cdd,17712,58.0,2026-05-08T05:19:42Z,NC_069744.1,00_raw_data,
phage/NC_069745.1/cds.fna,95714a309992688638432cba9f019ff29c4ef1c4f2d5f708c23ae750d068ca2d,47215,54.0,2026-05-08T05:19:42Z,NC_069745.1,00_raw_data,
phage/NC_069745.1/genome.fna,0ab6967900b8dc317085a3423a74dfa38d07269857e1c29de5854f8105561c5d,44242,1.0,2026-05-08T05:19:42Z,NC_069745.1,00_raw_data,
phage/NC_069745.1/proteins.faa,6c87153cf8791e47ad5d5a7cef66be94ff4205a9c6e6e688f0780c99cb0e1b75,16813,54.0,2026-05-08T05:19:42Z,NC_069745.1,00_raw_data,
phage/NC_070951.1/cds.fna,f74860c2abe3e4e63131c5a0764afaddc889e63e06acb8192d74adae849cfc43,182888,276.0,2026-05-08T05:19:42Z,NC_070951.1,00_raw_data,
phage/NC_070951.1/genome.fna,089718e0daa023f78f6c0dd1471fe36882431a68a0edf504bb098e9614f47348,163721,1.0,2026-05-08T05:19:42Z,NC_070951.1,00_raw_data,
phage/NC_070951.1/proteins.faa,b5e2a5c770c76e7781bbd07171743ac328b5d36e805c8d0d3d340a4f9fabd160,80934,300.0,2026-05-08T05:19:42Z,NC_070951.1,00_raw_data,
phage/NC_072499.1/cds.fna,0dafd7ecdbc4873e2a4b760a73718b3eb50b59ed9c96550557262450da7e9ce0,63368,75.0,2026-05-08T05:19:42Z,NC_072499.1,00_raw_data,
phage/NC_072499.1/genome.fna,74c161b51c2e118160dab41049f92019fbb44588da600b80a83b61788a8ff94e,59004,1.0,2026-05-08T05:19:42Z,NC_072499.1,00_raw_data,
phage/NC_072499.1/proteins.faa,598b4b90f28326435e1bb2c4a5a35435792ab56f27507827d4658a48933d2242,23156,75.0,2026-05-08T05:19:42Z,NC_072499.1,00_raw_data,
phage/NC_073026.1/genome.fna,4af7631431c7ab498990360caf1a0fd4dd821e931cab832475c36f1abb8b741d,57415,1.0,2026-05-08T05:19:42Z,NC_073026.1,00_raw_data,
phage/NC_073029.1/genome.fna,5038fb6d777fa351af7e98cb05341581bffb30035306955a9a73c1a257ca28bc,63436,1.0,2026-05-08T05:19:42Z,NC_073029.1,00_raw_data,
phage/NC_073030.1/genome.fna,380906ee728dbc78c567fca0c5f9e79c673cf0253b57e6a1e017e14491f1abde,60285,1.0,2026-05-08T05:19:42Z,NC_073030.1,00_raw_data,
phage/NC_073032.1/genome.fna,21069992c9b3a6e06eebd66a9bc653535465da72ef78cc70c95bf6f74d83db2a,65214,1.0,2026-05-08T05:19:42Z,NC_073032.1,00_raw_data,
phage/NC_073033.1/genome.fna,01f1bfb4d8faf67404e2aff2aefde197acdbb3ff4b78108252fe3a936bd8d5d4,64900,1.0,2026-05-08T05:19:42Z,NC_073033.1,00_raw_data,
phage/NC_073034.1/genome.fna,1dcb8214ef5e815578a143414c8f8d0dd379c0735d376e95f889814a7707e975,65096,1.0,2026-05-08T05:19:42Z,NC_073034.1,00_raw_data,
phage/NC_073035.1/genome.fna,3b10ed01bb0e28118ad4febbad601db24b7ef2bc37de40a53ff413efff130000,64067,1.0,2026-05-08T05:19:42Z,NC_073035.1,00_raw_data,
phage/NC_073036.1/genome.fna,843bb4b5d6adb6c32660a4487b26565007a38ebff3df11b4233d52ce470a949d,65159,1.0,2026-05-08T05:19:42Z,NC_073036.1,00_raw_data,
phage/NC_073093.1/cds.fna,bdd0abd58b3d62e928eeb0e7fb24b149955ae4807374faea53cc61e816146dd3,48890,66.0,2026-05-08T05:19:42Z,NC_073093.1,00_raw_data,
phage/NC_073093.1/genome.fna,351ac38a45c223bab6fdbce29562d97db009b74581351a2a6f12dcc9505bf805,44935,1.0,2026-05-08T05:19:42Z,NC_073093.1,00_raw_data,
phage/NC_073093.1/proteins.faa,63c8a50883e076e8e586dd29c7d67cda808ef0bb15471b041b02f37978884df4,21828,67.0,2026-05-08T05:19:42Z,NC_073093.1,00_raw_data,
phage/NC_073094.1/cds.fna,da653f3c97559b42e45ab3381d9219e7f263542f1a892a07262f7fede78c799f,49507,67.0,2026-05-08T05:19:42Z,NC_073094.1,00_raw_data,
phage/NC_073094.1/genome.fna,0c994f81037e867df664869277e47ad64d30fff62a480bc639478e3052bdd3f1,45472,1.0,2026-05-08T05:19:42Z,NC_073094.1,00_raw_data,
phage/NC_073094.1/proteins.faa,1b017c7b0ceea1538549e2bc7ebff939b99e3e072c370cd3f75c7aacc3d31413,21108,68.0,2026-05-08T05:19:42Z,NC_073094.1,00_raw_data,
phage/NC_073095.1/cds.fna,45f0b1524bc977bccfd41528709ae2bb158b60d5482e55638d0d43080492ec96,48415,70.0,2026-05-08T05:19:42Z,NC_073095.1,00_raw_data,
phage/NC_073095.1/genome.fna,1d034d7d96b45d3805b6fcde20a50980a788fb30ef9be9e76a17dee4f1844c23,44478,1.0,2026-05-08T05:19:42Z,NC_073095.1,00_raw_data,
phage/NC_073095.1/proteins.faa,f773b547a0a22a4adeca620bd958a43a218123d2e2c1e9fdfbd6b5c33773f2c9,23459,72.0,2026-05-08T05:19:42Z,NC_073095.1,00_raw_data,
phage/NC_073205.1/cds.fna,40f7324a2504bdf1576395ecbb51b4d2cbbcf35fa7d7499cf68137b7ff9c245a,44110,57.0,2026-05-08T05:19:42Z,NC_073205.1,00_raw_data,
phage/NC_073205.1/genome.fna,4459ed39329715fda5bcb2c52ebb2f7270f5c32f6ae7ea4d8d380dab427569e9,43261,1.0,2026-05-08T05:19:42Z,NC_073205.1,00_raw_data,
phage/NC_073205.1/proteins.faa,8843098b8e48f428830e461f123bf888a44716d22ced4887a772cf70109fdeb2,16415,57.0,2026-05-08T05:19:42Z,NC_073205.1,00_raw_data,
phage/NC_101820.1/cds.fna,0468c91eac9ee9a8bf6cd30500242469963779f76ac55fdaa6720013d83597ab,54364,87.0,2026-05-08T05:19:42Z,NC_101820.1,00_raw_data,
phage/NC_101820.1/genome.fna,4cae76edea51a6370cc6dee9662504141939f34b9320322c625dd01318e74a3e,51550,1.0,2026-05-08T05:19:42Z,NC_101820.1,00_raw_data,
phage/NC_101820.1/proteins.faa,d07ba6f3508fa05102e52336b514d03883e26832fa8416f09d0572f3ff8cd4c9,23512,87.0,2026-05-08T05:19:42Z,NC_101820.1,00_raw_data,
phage/NC_101840.1/cds.fna,b6025d7d604f4f497758f19a29621d6ddf7a4393f6ab2858a52ca6ce655d78fe,52573,81.0,2026-05-08T05:19:42Z,NC_101840.1,00_raw_data,
phage/NC_101840.1/genome.fna,0b1a9a82d9726fd938aa940ee99da62ef0d1f2742431fe0177e2302390f86933,50566,1.0,2026-05-08T05:19:42Z,NC_101840.1,00_raw_data,
phage/NC_101840.1/proteins.faa,4b67b6bcd2d069a9964a4209089f568b4a1efb06b792c5a23d1ac3eb601f481b,22382,81.0,2026-05-08T05:19:42Z,NC_101840.1,00_raw_data,
phage/NC_102108.1/cds.fna,5dc3e2e6d40ae525b8503944fe3f3f1aff50343c8c213d6a4a93efcd88897b2a,109883,159.0,2026-05-08T05:19:42Z,NC_102108.1,00_raw_data,
phage/NC_102108.1/genome.fna,0a321e5de8a86ab2d16e77e12a01e200b39b79e3eb18aad9e6c2ec373f35587f,112579,1.0,2026-05-08T05:19:42Z,NC_102108.1,00_raw_data,
phage/NC_102108.1/proteins.faa,359ca9f33a45498feb2f4c39dabc20c7bc23abd30379e4ab033deb7139d794d5,43212,159.0,2026-05-08T05:19:42Z,NC_102108.1,00_raw_data,
phage/NC_102127.1/cds.fna,cca5d7ab85d2fbc2d544feeac2ef40c2f2a2283e47cd57a93f580362701ec221,50355,77.0,2026-05-08T05:19:42Z,NC_102127.1,00_raw_data,
phage/NC_102127.1/genome.fna,20448c847c5d3dd1cbedde334c6a0aebad201d8d4cc1dae89316544d7c57dd3d,46126,1.0,2026-05-08T05:19:42Z,NC_102127.1,00_raw_data,
phage/NC_102127.1/proteins.faa,65bc0a5721c0182b2f6c87bdf00a5be7488a3e029179148e117ca337eb051698,20681,77.0,2026-05-08T05:19:42Z,NC_102127.1,00_raw_data,
phage/NC_102382.1/cds.fna,48bacc715d7fad5fa87fd74748844c4140274121d0c1eb2db9c7bad443ff71f3,52843,81.0,2026-05-08T05:19:42Z,NC_102382.1,00_raw_data,
phage/NC_102382.1/genome.fna,f9672ca32c14632f75c086517a544ba94ca54dbe199ee21ecd61840c434f4472,50020,1.0,2026-05-08T05:19:42Z,NC_102382.1,00_raw_data,
phage/NC_102382.1/proteins.faa,01b840c68318197ffaecf33a96330612778fb9d55c3c04e4a8ffeb34535b15cf,25082,81.0,2026-05-08T05:19:42Z,NC_102382.1,00_raw_data,
phage/NC_102606.1/cds.fna,cc210e834308bf615c719d925237b096298b2adfd4b5122b1683e87620b8bf63,52859,81.0,2026-05-08T05:19:42Z,NC_102606.1,00_raw_data,
phage/NC_102606.1/genome.fna,3b32c8c4a6655561ab5a33421e9d13153c6490a473a13ca7d57d58d265fecfd6,50448,1.0,2026-05-08T05:19:42Z,NC_102606.1,00_raw_data,
phage/NC_102606.1/proteins.faa,78ec97900bc3e1b4504a449b8fbf6376ecb19af7cf1575c9b043f481bd821a83,22426,81.0,2026-05-08T05:19:42Z,NC_102606.1,00_raw_data,
phage/NC_104261.1/cds.fna,2aed681e38b67b0b87b12cac0f39d9ce6c4da33e73675c4b2543fcc7a888abf8,39184,58.0,2026-05-08T05:19:42Z,NC_104261.1,00_raw_data,
phage/NC_104261.1/genome.fna,ac5e7e95ec68ccd042067896054862553a22989a5f3ea4645d34fd947aa86bc6,37505,1.0,2026-05-08T05:19:42Z,NC_104261.1,00_raw_data,
phage/NC_104261.1/proteins.faa,17e84484331d67d3feb24c7434c33f62212b482e1b82eee87fb4c015e9bd3aa9,16023,58.0,2026-05-08T05:19:42Z,NC_104261.1,00_raw_data,
phage/NC_104262.1/cds.fna,5a9f79cbdf60489fa826058ac79dc017bc8a1b9f5c560b4b0936f068e46826b7,39156,54.0,2026-05-08T05:19:42Z,NC_104262.1,00_raw_data,
phage/NC_104262.1/genome.fna,bc62bbf23d7c2b5308996f0bb41ba6fc44b90e0b17a9fd7800f3c3278c96aa0a,37899,1.0,2026-05-08T05:19:42Z,NC_104262.1,00_raw_data,
phage/NC_104262.1/proteins.faa,971a7c66d019fedb64de2e34942cb589844dda79ed6252e17d68dbde2949d559,10473,54.0,2026-05-08T05:19:42Z,NC_104262.1,00_raw_data,
phage/NC_104263.1/cds.fna,bce071d48c791cf846631a2189d65aad02253ed3f511121840a0550c6bf64a45,38411,54.0,2026-05-08T05:19:42Z,NC_104263.1,00_raw_data,
phage/NC_104263.1/genome.fna,bdbd1d3ec1bcf25369b53039658d93cdb9df3385b32977a88323002fd7165361,37094,1.0,2026-05-08T05:19:42Z,NC_104263.1,00_raw_data,
phage/NC_104263.1/proteins.faa,8a7b94e23d8edc286f955f79f3422bca5b82ee9c148aac4bf2c6b1f7e803bb4f,19175,54.0,2026-05-08T05:19:42Z,NC_104263.1,00_raw_data,
phage/NC_104265.1/cds.fna,c2293ee11a52f8bbb832e6c02dd91de7608e30d3544732757af5f7b0068b1e1a,40238,58.0,2026-05-08T05:19:42Z,NC_104265.1,00_raw_data,
phage/NC_104265.1/genome.fna,37352f7033576533073ccca7c622e77117a1c9b1a5112e48dd83e4bf5eaafaf5,37825,1.0,2026-05-08T05:19:42Z,NC_104265.1,00_raw_data,
phage/NC_104265.1/proteins.faa,efa07864980abb2aa7ce8f8488902be03c933cf1d5be5788359606ce07a80e65,15264,58.0,2026-05-08T05:19:42Z,NC_104265.1,00_raw_data,
phage/NC_104266.1/cds.fna,9818028367812cceffce29d3bdbb31c6c20d71808eb6a8620d6b9559c7c41eb0,39584,59.0,2026-05-08T05:19:42Z,NC_104266.1,00_raw_data,
phage/NC_104266.1/genome.fna,46f1826a126b563369fb48e6a4e24470f0de21e6db90ff16b4011a0b0344cc13,38364,1.0,2026-05-08T05:19:42Z,NC_104266.1,00_raw_data,
phage/NC_104266.1/proteins.faa,396a374e1b8a40fe7468bed15906de32dfbcf1d892f5f045a3282499beb5d548,18845,59.0,2026-05-08T05:19:42Z,NC_104266.1,00_raw_data,
phage/NC_104812.1/cds.fna,d4cb3a83e2e0b25e855a9cd7d61b7643b06d18ef63ba8858c81ca1285c268f4b,48958,73.0,2026-05-08T05:19:42Z,NC_104812.1,00_raw_data,
phage/NC_104812.1/genome.fna,d5fb7192aa362c38a189163cb9ac548c1d5c7e59e07ca4c5dc1c11d46f27416b,50805,1.0,2026-05-08T05:19:42Z,NC_104812.1,00_raw_data,
phage/NC_104812.1/proteins.faa,39f29170e58b38b6ec4a5c53e12d921b019ca1369a1ebcec1adc265b3936cb3b,21298,73.0,2026-05-08T05:19:42Z,NC_104812.1,00_raw_data,
phage/NC_105105.1/cds.fna,43cd434e080bc6443109413b8b10a91ccd2ff72e7a20d0e5018afc15ea0ee279,54305,84.0,2026-05-08T05:19:42Z,NC_105105.1,00_raw_data,
phage/NC_105105.1/genome.fna,a6d7fb4ea3dc7a0ffba22b9113de6b7a4a530079897d83d22709cb31b7ba51ef,50063,1.0,2026-05-08T05:19:42Z,NC_105105.1,00_raw_data,
phage/NC_105105.1/proteins.faa,9f2f726fc23388e1c8316142a6589deb477667f5ce28ccfc9943c284b7a39911,16931,84.0,2026-05-08T05:19:42Z,NC_105105.1,00_raw_data,
phage/NC_105106.1/cds.fna,542255555657de776c3576407342e58d5e4f3e36adebecc91373155d4d9e1f6a,55491,83.0,2026-05-08T05:19:42Z,NC_105106.1,00_raw_data,
phage/NC_105106.1/genome.fna,aea67c7821c9470275ad262e2683bdf4269da7a56593c5716ef92acd5630e932,50972,1.0,2026-05-08T05:19:42Z,NC_105106.1,00_raw_data,
phage/NC_105106.1/proteins.faa,9d2145060c480ed0621bfaf73e3bb2e5a6d5cbdda22c645649bf7dce9cc1b1ff,22076,83.0,2026-05-08T05:19:42Z,NC_105106.1,00_raw_data,
phage/NC_105433.1/cds.fna,b2479d8ff4665d091423987aa7c105ad83cf3c566f6decf51467733aa4b3c301,56489,88.0,2026-05-08T05:19:42Z,NC_105433.1,00_raw_data,
phage/NC_105433.1/genome.fna,6f007ae7616ff30a9d7356f6f777aec1300099eb57be196835473ec9b837854d,52169,1.0,2026-05-08T05:19:42Z,NC_105433.1,00_raw_data,
phage/NC_105433.1/proteins.faa,06b600250fe130b643bf1a1016db562710c6abf3cf59588dd2f6042c5cf22a6e,33249,88.0,2026-05-08T05:19:42Z,NC_105433.1,00_raw_data,
phage/NC_105436.1/cds.fna,06b0d1ab7fc28d028307810c7533395fd8de005c71c0b028a6183fd47022e311,56244,87.0,2026-05-08T05:19:42Z,NC_105436.1,00_raw_data,
phage/NC_105436.1/genome.fna,08debadb57ac9457e4af41d0678b714dd998fac34a9a6db791e869f45c2c03d8,52042,1.0,2026-05-08T05:19:42Z,NC_105436.1,00_raw_data,
phage/NC_105436.1/proteins.faa,7f88a15aad679066d8b7bf67ba05fbfe6492a80fca00784050ffa26bd7c2c44c,10472,41.0,2026-05-08T05:19:42Z,NC_105436.1,00_raw_data,
phage/NC_105617.1/cds.fna,5bb7bf2044c13094dc85f5a06ae7a28db5dec8082c2e03f55d41c3ac3f93eb09,54162,81.0,2026-05-08T05:19:42Z,NC_105617.1,00_raw_data,
phage/NC_105617.1/genome.fna,6771328fba957a36f9f17939908be26cea26e55101a294f62afd1397548a274f,51497,1.0,2026-05-08T05:19:42Z,NC_105617.1,00_raw_data,
phage/NC_105617.1/proteins.faa,560bd5596303e8a2db2c134a71c98095e1bf15d3cb990752a48b85bf084c3298,27819,81.0,2026-05-08T05:19:42Z,NC_105617.1,00_raw_data,
phage/NC_105618.1/cds.fna,aee65fce63c621ecf22618416826f904ac7e0876bbfc54ac51521548ab0fdd8c,52604,75.0,2026-05-08T05:19:42Z,NC_105618.1,00_raw_data,
phage/NC_105618.1/genome.fna,309b85537a938066dfc8dcfbfc16f72b9d132304cfdd695bf2849c5325067526,51249,1.0,2026-05-08T05:19:42Z,NC_105618.1,00_raw_data,
phage/NC_105618.1/proteins.faa,600569bc65dcd04acc6b6c69d9b3674a8277547000b154a8855130e28e5b20b9,21938,75.0,2026-05-08T05:19:42Z,NC_105618.1,00_raw_data,
phage/NC_105619.1/cds.fna,f07992c57ada17dde628865e92c9dd69d03550585224287f6a7e9738d483e2c7,51382,75.0,2026-05-08T05:19:42Z,NC_105619.1,00_raw_data,
phage/NC_105619.1/genome.fna,c868d8f54b1067965b4fd83fa4fc2c6015134f3200b5bbc1ccbccc1be7aac06e,49743,1.0,2026-05-08T05:19:42Z,NC_105619.1,00_raw_data,
phage/NC_105619.1/proteins.faa,9c9d705415bebdfa5ed1151d099859582e82a5eff8150bf0c9c87adb9edd8a55,22460,75.0,2026-05-08T05:19:42Z,NC_105619.1,00_raw_data,
phage/NC_105788.1/cds.fna,7dc46b0418e883b919e1c3a5f9fb96e59cf07aa1dc9c61eb74feb8ec9f2bbb16,53990,86.0,2026-05-08T05:19:42Z,NC_105788.1,00_raw_data,
phage/NC_105788.1/genome.fna,41dd2719829c92e5b3a576ec85b4db35d37c26276f29b47d2c0518c42740ab77,50454,1.0,2026-05-08T05:19:42Z,NC_105788.1,00_raw_data,
phage/NC_105788.1/proteins.faa,feca22fda668e460227b8c14d0d53c050ba5b31d995d86870b58d60d46561647,25074,86.0,2026-05-08T05:19:42Z,NC_105788.1,00_raw_data,
phage/NC_107481.1/cds.fna,01a73520b89a92f958ca88eb9fe5ed7363f3ef11488cd4f1f0e729f8d1c780aa,38454,53.0,2026-05-08T05:19:42Z,NC_107481.1,00_raw_data,
phage/NC_107481.1/genome.fna,78168309938c76f6f932db25a660e8ac1390dc6fbd77ae187d6cd7e1812bc117,37440,1.0,2026-05-08T05:19:42Z,NC_107481.1,00_raw_data,
phage/NC_107481.1/proteins.faa,cce5251e8b736af6f48ec019c3981fd2db39408df534e12945e2ed4e3b537ec0,17311,53.0,2026-05-08T05:19:42Z,NC_107481.1,00_raw_data,
phage/NC_107631.1/cds.fna,308404a4b359252fbe7d9efdc536d6925650b940aa280364604f9f8f7894acbe,51196,73.0,2026-05-08T05:19:42Z,NC_107631.1,00_raw_data,
phage/NC_107631.1/genome.fna,845e1e04b0e1276a6200b1385a801aa25c0cfdfb094211f6c6cd4ce9f4b85f2c,50846,1.0,2026-05-08T05:19:42Z,NC_107631.1,00_raw_data,
phage/NC_107631.1/proteins.faa,5e4bca32e1eafc60b2cb287737c8d06be348cf2b05507cdbfa9ff7fa3d3b962f,15725,73.0,2026-05-08T05:19:42Z,NC_107631.1,00_raw_data,
phage/NC_108342.1/cds.fna,7599c53c2a668a8f36811df5907507cb48fabd9d756ed8a833e43257ecc723b9,17888,20.0,2026-05-08T05:19:42Z,NC_108342.1,00_raw_data,
phage/NC_108342.1/genome.fna,ca9a54e671e7a7c959cfa5dd74044157cbc21b36e383f572d65b927561ec9712,18108,1.0,2026-05-08T05:19:42Z,NC_108342.1,00_raw_data,
phage/NC_108342.1/proteins.faa,e277950cade1b550cae4d9f435af4434626913586cd02e49e14febabd8f7d0b7,6787,20.0,2026-05-08T05:19:42Z,NC_108342.1,00_raw_data,
phage/NC_108593.1/cds.fna,daf463ea9b0d337e6496b373d694e98e116c645d0e855bac83cd1082b7401acb,21795,33.0,2026-05-08T05:19:42Z,NC_108593.1,00_raw_data,
phage/NC_108593.1/genome.fna,ae148086045b209201f47aceed8fa09e1cfa5c58bec1a8b69ebf2923120de6ac,21035,1.0,2026-05-08T05:19:42Z,NC_108593.1,00_raw_data,
phage/NC_108593.1/proteins.faa,bda41d4e5884cf9f4d665913453497e8d57a6a3a25945910545e68a593095ccb,9461,33.0,2026-05-08T05:19:42Z,NC_108593.1,00_raw_data,
phage/NC_109358.1/cds.fna,de3476c50e413d996db007e61d53c8f9a65378af7228163c5618143134a0ae31,52955,81.0,2026-05-08T05:19:42Z,NC_109358.1,00_raw_data,
phage/NC_109358.1/genome.fna,f97e3f12bf0418b26e223fe301df4221df5f332707b399f765d6de426e74878d,50929,1.0,2026-05-08T05:19:42Z,NC_109358.1,00_raw_data,
phage/NC_109358.1/proteins.faa,a49a249eb72f75eca4402fb493d2ad234c06f536d41def076505c4528f1c13da,16593,81.0,2026-05-08T05:19:42Z,NC_109358.1,00_raw_data,
phage/NC_111368.1/cds.fna,2e7cfcc86d169e0b4211ac734b0b280477c909d057f0b014647a9d0554c09c22,27246,47.0,2026-05-08T05:19:42Z,NC_111368.1,00_raw_data,
phage/NC_111368.1/genome.fna,152beb04111f68292481c4f3bcead9a8ffdb3a91174660e7bc6dc33b9d5ea724,28467,1.0,2026-05-08T05:19:42Z,NC_111368.1,00_raw_data,
phage/NC_111368.1/proteins.faa,dceb7aca95fd7db292d9a42636d32613712f44f817154e42c7c1a250080f02b1,12873,47.0,2026-05-08T05:19:42Z,NC_111368.1,00_raw_data,
phage/NC_111369.1/cds.fna,c680fe97d01acb1294d00e2e071a4a3429f52adaaef32a83f92b27f048c29775,45002,57.0,2026-05-08T05:19:42Z,NC_111369.1,00_raw_data,
phage/NC_111369.1/genome.fna,bec619216aea76504123bb099be7a76f5a6ae620bd52a32ee468180982b4c813,43814,1.0,2026-05-08T05:19:42Z,NC_111369.1,00_raw_data,
phage/NC_111369.1/proteins.faa,2926c008752244955511d2b4fb38b57162227e5517cf2849cce3be3f6b8eb79d,21890,57.0,2026-05-08T05:19:42Z,NC_111369.1,00_raw_data,
phage/NC_111375.1/cds.fna,55de06e7d8f33daa64e69457f7b1298601e6c3916bf3135a014c890789b8b972,25361,41.0,2026-05-08T05:19:42Z,NC_111375.1,00_raw_data,
phage/NC_111375.1/genome.fna,5e54e8f82f73eedbc97f521798fe8ebcbcccfe75b4851d0042f640179909ade6,25853,1.0,2026-05-08T05:19:42Z,NC_111375.1,00_raw_data,
phage/NC_111375.1/proteins.faa,4bb585a5bb6baffe45625f952ad5343f67a3af12905cac78f1773250fba623fc,9494,41.0,2026-05-08T05:19:42Z,NC_111375.1,00_raw_data,
phage/NC_111484.1/cds.fna,d89b9937f90f4086787836808e15c25dc97b297aad7a26fcc7e69b206ab26766,53652,85.0,2026-05-08T05:19:42Z,NC_111484.1,00_raw_data,
phage/NC_111484.1/genome.fna,75d613329e4f8f803444542e7a150b1d789b8fd01d561942869ef87bc202f65f,50532,1.0,2026-05-08T05:19:42Z,NC_111484.1,00_raw_data,
phage/NC_111484.1/proteins.faa,b81c1a1c97b01a55bd986620f431c6288f593a6a10d46c190e4fae285117a54a,19042,85.0,2026-05-08T05:19:42Z,NC_111484.1,00_raw_data,
phage/NC_112025.1/cds.fna,4a6a3921df7dfa05c2b6aac4e35c20944187b35fff21d27bce0220ce2c442f95,53551,90.0,2026-05-08T05:19:42Z,NC_112025.1,00_raw_data,
phage/NC_112025.1/genome.fna,ec845657965c2883376b72423d56dc4db145ae49c80199acf31397b575d223bb,52899,1.0,2026-05-08T05:19:42Z,NC_112025.1,00_raw_data,
phage/NC_112025.1/proteins.faa,cde65a8901abf7789c0f7dda427b4edcd7b174d9703539ac45e69135dbf0b475,29389,90.0,2026-05-08T05:19:42Z,NC_112025.1,00_raw_data,
phage/NC_112270.1/cds.fna,40d4404fa9a654310cc22b34e3bc442b6e4fba47ad28cc80c4253bc9e746663e,43855,52.0,2026-05-08T05:19:42Z,NC_112270.1,00_raw_data,
phage/NC_112270.1/genome.fna,df4dafbdf6f1dccc1695cb2519c6e0ed3f33d0c59b9bafdf876da43b82347acb,42882,1.0,2026-05-08T05:19:42Z,NC_112270.1,00_raw_data,
phage/NC_112270.1/proteins.faa,e7e3c8b88c93f63e9ef775662491c0fab18acc88ca068f0281b3964dfac0432a,13293,54.0,2026-05-08T05:19:42Z,NC_112270.1,00_raw_data,
phage/NC_128954.1/cds.fna,1eca438ccb866678b208cfc0b30e55b14e21cada2cdb6d1e4f23b32b0bd663be,53766,79.0,2026-05-08T05:19:42Z,NC_128954.1,00_raw_data,
phage/NC_128954.1/genome.fna,68c24bbc85d4c56ac4bf5c898715a803c7335c243448d5dbf0dde70bf55056d6,49998,1.0,2026-05-08T05:19:42Z,NC_128954.1,00_raw_data,
phage/NC_128954.1/proteins.faa,c3e1ef0cfa1668f812308e15ed39b6ed3c6b089bff21c4d64353cbee38feb63a,23861,79.0,2026-05-08T05:19:42Z,NC_128954.1,00_raw_data,
phage/NC_129615.1/cds.fna,9940c61ff105e235e96eca64f194e6867ee2e68ff93a594ed87a6b3cd0b69a9c,152105,197.0,2026-05-08T05:19:42Z,NC_129615.1,00_raw_data,
phage/NC_129615.1/genome.fna,490739ba7cebf28f9c4b53d632bb647668ab37c7a9197ff9465cba0bf9eda3b7,153266,1.0,2026-05-08T05:19:42Z,NC_129615.1,00_raw_data,
phage/NC_129615.1/proteins.faa,19c20adf0576f732fb2b09f413e329b4fa5232c89f3b0870de6445951eaf0964,57963,198.0,2026-05-08T05:19:42Z,NC_129615.1,00_raw_data,
phage/NC_129764.1/cds.fna,a99405e987fe7722e5144b76742f8b8a1c357fbd466bff91e88b4ab6465f6bd5,54120,82.0,2026-05-08T05:19:42Z,NC_129764.1,00_raw_data,
phage/NC_129764.1/genome.fna,394df40fc36e3a54f14ad4b9578c39e00d96ef738bbeebedbf12ddd28046b0c6,51891,1.0,2026-05-08T05:19:42Z,NC_129764.1,00_raw_data,
phage/NC_129764.1/proteins.faa,8c1aaf4cb4200971f7a33a78ef28982719dd2df24bbdcde4255fd6bf081e837e,27356,82.0,2026-05-08T05:19:42Z,NC_129764.1,00_raw_data,
phage/NC_129888.1/cds.fna,20efbb9a57fa855994c55361b969162d14f063d312c55e614b59abc4b85a8c0a,55210,81.0,2026-05-08T05:19:42Z,NC_129888.1,00_raw_data,
phage/NC_129888.1/genome.fna,985c1361d9f83905e27791760da6e3227076845f6555f31c3742a1a0722520da,52429,1.0,2026-05-08T05:19:42Z,NC_129888.1,00_raw_data,
phage/NC_129888.1/proteins.faa,65692360fdc14cd41565aff1f1ff5dd936adfb61b73566bb7947fc55b3dc5c2a,21844,81.0,2026-05-08T05:19:42Z,NC_129888.1,00_raw_data,
phage/NC_130781.1/cds.fna,84d717c1d1cb0a7705d7d05c7b45d359fe60ddabfe394960156fcef865716409,56530,90.0,2026-05-08T05:19:42Z,NC_130781.1,00_raw_data,
phage/NC_130781.1/genome.fna,b901fb4635d2d4d7892607c07388eb4a5825ce4eafd9ebcd2c63954aa10a16ad,52726,1.0,2026-05-08T05:19:42Z,NC_130781.1,00_raw_data,
phage/NC_130781.1/proteins.faa,2613680f4c09715206cd69901346b72e0c779289e67154b84bf385c28cc2f3e5,18028,91.0,2026-05-08T05:19:42Z,NC_130781.1,00_raw_data,
phage/OK258138.1/cds.fna,d70bf350ed67915bf4da5b234f5b55fc11ff89ca47282315ad5900c47c4315b2,44751,48.0,2026-05-08T05:19:42Z,OK258138.1,00_raw_data,
phage/OK258138.1/genome.fna,3eb6e882d6575cac3cc8b94292d1192da532d13de3aa74f691c6ff256e7ebe2c,45011,1.0,2026-05-08T05:19:42Z,OK258138.1,00_raw_data,
phage/OK258138.1/proteins.faa,d7877b7db618063b8e7603a6280d0577c03885f618d9ab1cdf6d10a57a2a6270,16279,48.0,2026-05-08T05:19:42Z,OK258138.1,00_raw_data,
phage/OK258140.1/cds.fna,b7b1458b8c9cd9d543a1ffef745a46501daf26125ed3ebc689ece0df36dbe095,44889,60.0,2026-05-08T05:19:42Z,OK258140.1,00_raw_data,
phage/OK258140.1/genome.fna,2a0c54c341d95716666aa4f2424a9676d663ef15f9266717bb3a0ad5f967b80e,45753,1.0,2026-05-08T05:19:42Z,OK258140.1,00_raw_data,
phage/OK258140.1/proteins.faa,2314d9b4211bcc50b87d8c946aec09bde54ab45aecfc458bd6543d449b29260a,17429,60.0,2026-05-08T05:19:42Z,OK258140.1,00_raw_data,
phage/OK275492.1/cds.fna,96f1553c56e05c1664e0c059cdb5a6a10fe85b4a36264c6e4df2dd172ff5b8a4,67511,84.0,2026-05-08T05:19:42Z,OK275492.1,00_raw_data,
phage/OK275492.1/genome.fna,a743563cb20945bcac819bf45be8b410776ecd28a0383071338c41dab7d940fb,65060,1.0,2026-05-08T05:19:42Z,OK275492.1,00_raw_data,
phage/OK275492.1/proteins.faa,57c557abf6360da6b4ae7f3f61c5684687314ffaa9ffbdbd84436243f8bcc5e2,23825,84.0,2026-05-08T05:19:42Z,OK275492.1,00_raw_data,
phage/OK275493.1/cds.fna,734b8a7e9b08cdd8ff86143257d606abe555d41ae8b2060b1ef7781e752997d7,66798,81.0,2026-05-08T05:19:42Z,OK275493.1,00_raw_data,
phage/OK275493.1/genome.fna,3fb1ae4e11a30b9c14cf55f0ae7c584139ec2514cc367846aabc282656bae24b,64558,1.0,2026-05-08T05:19:42Z,OK275493.1,00_raw_data,
phage/OK275493.1/proteins.faa,69e4ffe9bb1b14ce468c2fc73278dd1bd9342576ae2ead46bb69dc1091588764,24124,81.0,2026-05-08T05:19:42Z,OK275493.1,00_raw_data,
phage/OK275494.1/cds.fna,b91efe2a6ee6a46c64a3a6648625ca4705fbd89f943d756b7d16f17c44f60f72,48978,68.0,2026-05-08T05:19:42Z,OK275494.1,00_raw_data,
phage/OK275494.1/genome.fna,7a7b639a82a00cc24225d1dbdf8f419950413887cc7187887449c12077ccf34e,48231,1.0,2026-05-08T05:19:42Z,OK275494.1,00_raw_data,
phage/OK275494.1/proteins.faa,5f62948887fc5d4cad1652be6765e409072c6b1a4ed48a3a0feaa07a832f3593,20732,68.0,2026-05-08T05:19:42Z,OK275494.1,00_raw_data,
phage/OK275495.1/cds.fna,c0fbe3b8f56a0504bc25bff5a8e490914eeb8b86245b395320ab5be7af2d4bdd,46066,53.0,2026-05-08T05:19:42Z,OK275495.1,00_raw_data,
phage/OK275495.1/genome.fna,f300b5bbb000619b3352a10c849352a527518b6485d14383e9ff4c4d2d7eb8fc,45984,1.0,2026-05-08T05:19:42Z,OK275495.1,00_raw_data,
phage/OK275495.1/proteins.faa,b0a76e2733acaedbeaf60eeec77965039c7ca0b515eaa95265a479b8bd73dde2,17259,53.0,2026-05-08T05:19:42Z,OK275495.1,00_raw_data,
phage/OK513034.1/cds.fna,7f8ad3d52661fe479f3a130739f9f3294694fff7bb6d552d12ab472d5fe817c7,99982,150.0,2026-05-08T05:19:42Z,OK513034.1,00_raw_data,
phage/OK513034.1/genome.fna,68fc21b9666231834d7720836bb323f9772dc125019d9803d8f8bfa9e63dce1d,96026,1.0,2026-05-08T05:19:42Z,OK513034.1,00_raw_data,
phage/OK513034.1/proteins.faa,952d3cb0de860298adb6414dadf781cd98125294d204c6d8bf2413a254cc337d,36129,150.0,2026-05-08T05:19:42Z,OK513034.1,00_raw_data,
phage/OK624832.1/cds.fna,f0d063bb8d8ffea60baa1adec9bdc9f8c9e515681518014a09f8758c8e8c7478,69429,101.0,2026-05-08T05:19:42Z,OK624832.1,00_raw_data,
phage/OK624832.1/genome.fna,ad7c21cae29dbd0a20b35606ada376a8ab6257c1a3855ef072a3dda6c314d7b9,65709,1.0,2026-05-08T05:19:42Z,OK624832.1,00_raw_data,
phage/OK624832.1/proteins.faa,228dc209b88fe3899899cbe8ae8286481875f2d59feb7345f4f91ca26c47aa66,31501,101.0,2026-05-08T05:19:42Z,OK624832.1,00_raw_data,
phage/OK625815.1/cds.fna,b0fea065c055cf3667c4d1c33c0b0590d7d6372caeb0936087300d501e6272b0,19415,24.0,2026-05-08T05:19:42Z,OK625815.1,00_raw_data,
phage/OK625815.1/genome.fna,b55ecc472f8ed276ad79c26bdc6fef63b50943052dba58b3b77641a7ca242773,19139,1.0,2026-05-08T05:19:42Z,OK625815.1,00_raw_data,
phage/OK625815.1/proteins.faa,4e46f0df89806941e4e6cfa421a7112191deedfeb6c80d4b2287916255675399,9608,24.0,2026-05-08T05:19:42Z,OK625815.1,00_raw_data,
phage/OK913679.1/cds.fna,71582a0e4bd5930ab2e3f5322868c52ed03db9092b07cacfff4e01de7056ea8d,45963,57.0,2026-05-08T05:19:42Z,OK913679.1,00_raw_data,
phage/OK913679.1/genome.fna,6676aff8065b80f0587c00835fa1ce3340700a6328ecae375c094ad6615b881c,43578,1.0,2026-05-08T05:19:42Z,OK913679.1,00_raw_data,
phage/OK913679.1/proteins.faa,664066075061cf105254e81378974dfd97bc464beccc62621aedb3103be91bca,18042,57.0,2026-05-08T05:19:42Z,OK913679.1,00_raw_data,
phage/OK913680.1/cds.fna,82fe43f4330a06e3ac354a124f54b6fc78c8107ef29d2ce6abac8db1dd684061,46348,55.0,2026-05-08T05:19:42Z,OK913680.1,00_raw_data,
phage/OK913680.1/genome.fna,21e2ed27227df8c78dc431da03620495ef68fc2140c2e2f8e7ccfb1c7e675092,43681,1.0,2026-05-08T05:19:42Z,OK913680.1,00_raw_data,
phage/OK913680.1/proteins.faa,3d734ad704324dfd6bcf87953c919fea2d0e59e9ed493dc647de7e2b79b29390,18568,55.0,2026-05-08T05:19:42Z,OK913680.1,00_raw_data,
phage/OL333533.1/cds.fna,9fca50f336bd916afb785391a36a80a5cc968a3635165e3bd289f439d9eb8a38,155243,221.0,2026-05-08T05:19:42Z,OL333533.1,00_raw_data,
phage/OL333533.1/genome.fna,82d774b70ce4dcfea93f478368bd1c619916ce8be16bc897163e9c8ad103ba4d,158042,1.0,2026-05-08T05:19:42Z,OL333533.1,00_raw_data,
phage/OL333533.1/proteins.faa,7968bb10ef5c9970549f232d6838947c30fa020a9dc3ebfa255dff1d76821fdc,70018,221.0,2026-05-08T05:19:42Z,OL333533.1,00_raw_data,
phage/OL436139.1/cds.fna,20e035a3f400b70fa722b0b1d833c470855506260a02ad21320403083087cd67,44053,57.0,2026-05-08T05:19:42Z,OL436139.1,00_raw_data,
phage/OL436139.1/genome.fna,fd805dff230851870b62ac2665d10adf482887053296e047fcd71c4c64200868,43260,1.0,2026-05-08T05:19:42Z,OL436139.1,00_raw_data,
phage/OL436139.1/proteins.faa,721071d81293666c4e81364ee1488ed9c99726f1c9d43001fd5cba1c09a6484a,13412,57.0,2026-05-08T05:19:42Z,OL436139.1,00_raw_data,
phage/OM373206.1/cds.fna,04e92374c0ff075b8119fe033a601bba06ef5b6bf8b66e738ea8707338e6b551,111214,170.0,2026-05-08T05:19:42Z,OM373206.1,00_raw_data,
phage/OM373206.1/genome.fna,626644c68ccdff09352a359128249929a4737673dc99a6581618c8eef99aff31,111745,1.0,2026-05-08T05:19:42Z,OM373206.1,00_raw_data,
phage/OM373206.1/proteins.faa,8462236bb14baf825f501ac221b1f22e743b6ede122848cfdecdb310fa516870,48779,170.0,2026-05-08T05:19:42Z,OM373206.1,00_raw_data,
phage/OM867526.1/cds.fna,2c7a75fcc9306e6814d7ce91806e4d72f597ea084600662c57822332b1cf2a10,102919,150.0,2026-05-08T05:19:42Z,OM867526.1,00_raw_data,
phage/OM867526.1/genome.fna,003eb1bc936a9462b7537468cd26f28dae4bf5be92aa9eca18ef2c1c4fe03cbe,108821,1.0,2026-05-08T05:19:42Z,OM867526.1,00_raw_data,
phage/OM867526.1/proteins.faa,14ce876fd9ef3f11f1e8ae7fdb6c77975a67614206613eef4a660298d24fafbe,40805,152.0,2026-05-08T05:19:42Z,OM867526.1,00_raw_data,
phage/OM867527.1/cds.fna,8b79959b9290098d54aaadd662aa3306f75c1a11bef3445ece7f3592328ded2f,72767,81.0,2026-05-08T05:19:42Z,OM867527.1,00_raw_data,
phage/OM867527.1/genome.fna,900b6ef3a28a73b07fb473d7ad6c86b738256a771149fbdfabe038bd073cbf9e,71174,1.0,2026-05-08T05:19:42Z,OM867527.1,00_raw_data,
phage/OM867527.1/proteins.faa,030effdd81ac0413df1968b194f82291a3e392dd686dfce984f58b56b2dc4bf3,25013,81.0,2026-05-08T05:19:42Z,OM867527.1,00_raw_data,
phage/OM967031.1/cds.fna,d5e219c6200ea12370b56f6d686360f7003a40f9674bbb6cbe61dd9d182da589,46193,54.0,2026-05-08T05:19:42Z,OM967031.1,00_raw_data,
phage/OM967031.1/genome.fna,466ac69d12cdd8fd818401d509729c5cda8afe06f1dfffebeb14ae98e83d7e11,46149,1.0,2026-05-08T05:19:42Z,OM967031.1,00_raw_data,
phage/OM967031.1/proteins.faa,14607ac64613bb81fbe071947998edd5768f59b42bc13009212b6105af826f88,21771,54.0,2026-05-08T05:19:42Z,OM967031.1,00_raw_data,
phage/ON189042.1/cds.fna,9db4a831c08296ebc74e345cb4ff9959182a08b97002bd7a7f9888eb80d75d57,48824,66.0,2026-05-08T05:19:42Z,ON189042.1,00_raw_data,
phage/ON189042.1/genome.fna,656d5e643828c4b52cfc314e9306c534c693ffc6c71db20001c9cd52548fabe7,44934,1.0,2026-05-08T05:19:42Z,ON189042.1,00_raw_data,
phage/ON189042.1/proteins.faa,fe8419a89746443fe888a73a04a71a854e8537c90ae0f0afb5cf43da4607115c,14633,67.0,2026-05-08T05:19:42Z,ON189042.1,00_raw_data,
phage/ON189043.1/cds.fna,8421862ebb9065e4722c6854a71815e6470945ab0c17cd3d9124012e1a554689,49440,67.0,2026-05-08T05:19:42Z,ON189043.1,00_raw_data,
phage/ON189043.1/genome.fna,ba48d3c94d12f02cb8c83aec6b0078294cb420004757d2875cf41c67a447f54c,45471,1.0,2026-05-08T05:19:42Z,ON189043.1,00_raw_data,
phage/ON189043.1/proteins.faa,9b06d4bb174709365a61c5b7c0eeb68c6398de0406071485aa0daa6b5f6ffb19,18238,68.0,2026-05-08T05:19:42Z,ON189043.1,00_raw_data,
phage/ON189044.1/cds.fna,1000c70dbb9b3e0f16ddf0fd07d79cb6bb24d20fafa2a91df8a12dc21ddc18df,48345,70.0,2026-05-08T05:19:42Z,ON189044.1,00_raw_data,
phage/ON189044.1/genome.fna,17c8f2126c3907b98dc9725372d1f0ab5621858d25c14a3365eaedc8e9274706,44477,1.0,2026-05-08T05:19:42Z,ON189044.1,00_raw_data,
phage/ON189044.1/proteins.faa,34e9dcd345191d49699b2429ac06a275fe1651ee96c661e3c9b753caef3e7090,22505,72.0,2026-05-08T05:19:42Z,ON189044.1,00_raw_data,
phage/ON189045.1/cds.fna,56c2da8d82aaac21dd02c80b5d8b37651ae48e46dfd51e978e71c80f8ed823a5,64810,86.0,2026-05-08T05:19:42Z,ON189045.1,00_raw_data,
phage/ON189045.1/genome.fna,f7e7806d99351db6257f65ac24c6746fda857238dfc72dde29b0b902b465b1fb,63286,1.0,2026-05-08T05:19:42Z,ON189045.1,00_raw_data,
phage/ON189045.1/proteins.faa,283b391ce5fdcb8c0c2e960f79771aeae5b68fbdfe29a20d5aa3fccaca4f7ac5,24716,86.0,2026-05-08T05:19:42Z,ON189045.1,00_raw_data,
phage/ON189046.1/cds.fna,d55238582312877ad4acefb415476652f112eb87e850df2936ae49ffc2074f6c,42365,54.0,2026-05-08T05:19:42Z,ON189046.1,00_raw_data,
phage/ON189046.1/genome.fna,dee32c009e17b7af7c4832405665b1a24d899fc1349f4d810f65354b1deafd7c,41133,1.0,2026-05-08T05:19:42Z,ON189046.1,00_raw_data,
phage/ON189046.1/proteins.faa,4f396f6ae665d36509a9baed2d95d1cc24502976b9605ace8212906a495a3627,18288,55.0,2026-05-08T05:19:42Z,ON189046.1,00_raw_data,
phage/ON189047.1/cds.fna,8d4da0805b0fffacea12af181b93ba0e2d191c064cc6d1db7ad7cdc9b2321f9e,63827,86.0,2026-05-08T05:19:42Z,ON189047.1,00_raw_data,
phage/ON189047.1/genome.fna,87b782372fa43428f9759516b839b065d101ad31269177f50eb38a3af9650ae8,60143,1.0,2026-05-08T05:19:42Z,ON189047.1,00_raw_data,
phage/ON189047.1/proteins.faa,44d4441ac82946a534b04632f40b1cef52c84ff5b8ba56f6b82c5f8d4e5ca020,26344,88.0,2026-05-08T05:19:42Z,ON189047.1,00_raw_data,
phage/ON189048.1/cds.fna,6e53598a83318d9144101f3351612b1930f29554bf4e361fae592fe0abe2fead,59952,71.0,2026-05-08T05:19:42Z,ON189048.1,00_raw_data,
phage/ON189048.1/genome.fna,da585fb7364cbc5e7b05ef486a09d64d9c588868077415bac8f08c956ea1a4bd,56376,1.0,2026-05-08T05:19:42Z,ON189048.1,00_raw_data,
phage/ON189048.1/proteins.faa,4f66891c4af5ae4771a34eff37645578de07269e4bac6e52210f2df4904b8f22,25432,72.0,2026-05-08T05:19:42Z,ON189048.1,00_raw_data,
phage/ON711490.1/cds.fna,82f0e9b1f23b0babf8266fa0ad06114fe2b343d99658c758d0e437fd51dc74b8,51255,70.0,2026-05-08T05:19:42Z,ON711490.1,00_raw_data,
phage/ON711490.1/genome.fna,4cce8a905bb9d206fe122e4d741caf7220ffb711b8dd52618ae42cba3576654e,45319,1.0,2026-05-08T05:19:42Z,ON711490.1,00_raw_data,
phage/ON711490.1/proteins.faa,fb9e36fee724839f086abf770433c4563e9b57ffada6959537c556d8ceaea236,22790,70.0,2026-05-08T05:19:42Z,ON711490.1,00_raw_data,
phage/ON758385.1/cds.fna,aee50033e46f8c10fe7a519342e8b09821ce20b4052412a872d5120db5d47948,208151,312.0,2026-05-08T05:19:42Z,ON758385.1,00_raw_data,
phage/ON758385.1/genome.fna,c1a112aa3978ca924a9e7b756171839699183a956f4c78f79ff77a26d4e81226,202132,1.0,2026-05-08T05:19:42Z,ON758385.1,00_raw_data,
phage/ON758385.1/proteins.faa,e3f71b2099d834e477843ebf843c623ff743c4fcd4514dbf463e7e6090378cc8,105574,312.0,2026-05-08T05:19:42Z,ON758385.1,00_raw_data,
phage/ON911538.2/cds.fna,568d7272186433177d47bc943b5a1961a93af2a7164dfd498cedc436fc547cf1,47246,54.0,2026-05-08T05:19:42Z,ON911538.2,00_raw_data,
phage/ON911538.2/genome.fna,1fa28f54e323946ee16398da977a45dc967a098015111c529f84db8a144766b8,44241,1.0,2026-05-08T05:19:42Z,ON911538.2,00_raw_data,
phage/ON911538.2/proteins.faa,df0233b7914c437cb26cc7e3f8f1a193f5c5e5eb3ded0f91d7ae5cac0fd1136b,21013,54.0,2026-05-08T05:19:42Z,ON911538.2,00_raw_data,
phage/ON911539.2/cds.fna,ae560665068f6c78076798d1a416c12c19cfd9c8ddc88856a6b62151d510a7f5,46065,51.0,2026-05-08T05:19:42Z,ON911539.2,00_raw_data,
phage/ON911539.2/genome.fna,ccfbf8a251b4888211a2c07755ede065c4e894722fcd7649a155c6c633810c2d,43535,1.0,2026-05-08T05:19:42Z,ON911539.2,00_raw_data,
phage/ON911539.2/proteins.faa,7ab54ec48d914541214749618e51ee6b382bd202493ac984e7c3c43febde8dbc,16185,51.0,2026-05-08T05:19:42Z,ON911539.2,00_raw_data,
phage/ON911540.2/cds.fna,57e0493c3a847554619c96309b5f411df584b77290c1177846811ceb49a718e6,63293,75.0,2026-05-08T05:19:42Z,ON911540.2,00_raw_data,
phage/ON911540.2/genome.fna,a12d0182520ef9bf508d7081fb1614d323099f73d803abfee3c42b244094128b,59003,1.0,2026-05-08T05:19:42Z,ON911540.2,00_raw_data,
phage/ON911540.2/proteins.faa,c7dc6c4ead3e9189f09e704abe84b899dfd45315ddaa8f3bccfd843139378889,24867,75.0,2026-05-08T05:19:42Z,ON911540.2,00_raw_data,
phage/ON932078.1/cds.fna,ec4f7e776b787ed026d035efb5cc1c4b5c95d247523ba6c1902e1bcb8e489131,45898,50.0,2026-05-08T05:19:42Z,ON932078.1,00_raw_data,
phage/ON932078.1/genome.fna,d0deb43643d1027acb737851d0ff748ad19597924974f8dc54dd0545f40e22ba,43687,1.0,2026-05-08T05:19:42Z,ON932078.1,00_raw_data,
phage/ON932078.1/proteins.faa,2db92cb10b4354018c4e6f63e8ffd5f7ab37b26f3450e91e8bcae01d1c466355,18603,50.0,2026-05-08T05:19:42Z,ON932078.1,00_raw_data,
phage/ON932079.1/cds.fna,00281595426229df5a9f0005495ba4124ca82440a6fda667f193a460c2e5f411,59983,74.0,2026-05-08T05:19:42Z,ON932079.1,00_raw_data,
phage/ON932079.1/genome.fna,4dbd8e24173041f39fc330c881b558098eb94a2b4f113f31842fcad8039b31f9,57279,1.0,2026-05-08T05:19:42Z,ON932079.1,00_raw_data,
phage/ON932079.1/proteins.faa,092806e0e56b0b461fb53dc88bde1b8df5d74796304591a1cc6e701775ba2087,15998,74.0,2026-05-08T05:19:42Z,ON932079.1,00_raw_data,
phage/ON932080.1/cds.fna,912a041b7704d8f12fe5318c28e50d6e4b0380fdc32084964efaa851ce78134b,67548,82.0,2026-05-08T05:19:42Z,ON932080.1,00_raw_data,
phage/ON932080.1/genome.fna,5f86fcd22f3dda2c286f18bd1a5a843ab2f16ea03b8f779fb614fc102ba25430,63916,1.0,2026-05-08T05:19:42Z,ON932080.1,00_raw_data,
phage/ON932080.1/proteins.faa,31720b06c4a64fa3733afb6678943c9a80522db100bf78ca2392b8a597a318dc,27797,82.0,2026-05-08T05:19:42Z,ON932080.1,00_raw_data,
phage/ON932081.1/cds.fna,83c08c0051794213251d4ea2fd0ac18c1d1cd93f8990d5612658e5dd98355434,45969,55.0,2026-05-08T05:19:42Z,ON932081.1,00_raw_data,
phage/ON932081.1/genome.fna,7846add063b15ea45d19e3e1bbbf48b0601c81c9825a3321561793160bab6967,43559,1.0,2026-05-08T05:19:42Z,ON932081.1,00_raw_data,
phage/ON932081.1/proteins.faa,ae5b7830e2c38ad61e834f58d921556eaab0a38932253bbd0189c05b547b6b21,19032,55.0,2026-05-08T05:19:42Z,ON932081.1,00_raw_data,
phage/ON932082.1/cds.fna,47b3d10109674ced34ec1defd6a2eabc568c9cbd4e8051e897100779631830cf,47568,55.0,2026-05-08T05:19:42Z,ON932082.1,00_raw_data,
phage/ON932082.1/genome.fna,f996cddc3291459439afa4f168f13671b390c1af82d82325923a59b662b81df1,44387,1.0,2026-05-08T05:19:42Z,ON932082.1,00_raw_data,
phage/ON932082.1/proteins.faa,516d105cb6310f97754fe6e09a9582545880080142558a5e6898445900e09a8a,19561,55.0,2026-05-08T05:19:42Z,ON932082.1,00_raw_data,
phage/ON932083.1/cds.fna,18247d9ac38befca9bbe33aafb9bfff8dea8e1627923a8098131f04ed3564647,46349,49.0,2026-05-08T05:19:42Z,ON932083.1,00_raw_data,
phage/ON932083.1/genome.fna,c12a7ded5b7a39d6713956ec0dd4fc856324a59885c231a1e7fa3c6bd3a0a001,43923,1.0,2026-05-08T05:19:42Z,ON932083.1,00_raw_data,
phage/ON932083.1/proteins.faa,c7a0ecf3e6c20608b4e334ac324ec8f420acf79b8e61604e51e471210ab26727,12052,49.0,2026-05-08T05:19:42Z,ON932083.1,00_raw_data,
phage/ON932084.1/cds.fna,40b3328a50fe39d94e125a8edce61bf789ed8f53b02f1bbe3107840a29b69413,69288,84.0,2026-05-08T05:19:42Z,ON932084.1,00_raw_data,
phage/ON932084.1/genome.fna,402f90ebedc78db928de18db012e27dc6959c55d42dc22010cb8514ef8c37171,65005,1.0,2026-05-08T05:19:42Z,ON932084.1,00_raw_data,
phage/ON932084.1/proteins.faa,710acf7380cbc64b8b3c9865d984b9cce5c2258c96d3cb1a03c494a3472db9a6,25438,84.0,2026-05-08T05:19:42Z,ON932084.1,00_raw_data,
phage/ON932085.1/cds.fna,bd76b0e625f0a302c037b645d8c10fe44ac8c7c4c15ef2fe5ef2f3a9a82d954c,46513,56.0,2026-05-08T05:19:42Z,ON932085.1,00_raw_data,
phage/ON932085.1/genome.fna,2be2a0a565337be6dee715397123f01b7d456f7020713aa0af1fef57d9f4dae2,43706,1.0,2026-05-08T05:19:42Z,ON932085.1,00_raw_data,
phage/ON932085.1/proteins.faa,1da27548d0ce771f0246e64835b4fafe7ddb7d72d2f8484267c667ba88833206,21985,56.0,2026-05-08T05:19:42Z,ON932085.1,00_raw_data,
phage/ON960072.2/cds.fna,588411a8a2eb1f2b531cc9ece9607c0d9890cc0798dfd5015c498e31c8383fca,45633,50.0,2026-05-08T05:19:42Z,ON960072.2,00_raw_data,
phage/ON960072.2/genome.fna,4fc243ea61decd6d951758e0461675ca0ec1cd6bc1b59e1d0a8406cb14bafe5a,44394,1.0,2026-05-08T05:19:42Z,ON960072.2,00_raw_data,
phage/ON960072.2/proteins.faa,e7986fbb815f0b23f9a503dc77cde2a043768f6658a67e6218c6830d598a22e2,11408,50.0,2026-05-08T05:19:42Z,ON960072.2,00_raw_data,
phage/ON996340.1/cds.fna,2d6e22c642e8ab21ee00d06dc6e898d14840dfb11d0653d653c93ffa10944845,49737,68.0,2026-05-08T05:19:42Z,ON996340.1,00_raw_data,
phage/ON996340.1/genome.fna,bad719d812dba690933a52e137d7d747fb4bd26748ad94229873a39a14746b9a,47001,1.0,2026-05-08T05:19:42Z,ON996340.1,00_raw_data,
phage/ON996340.1/proteins.faa,0773f2a0774f2796aa407cc6ecdf43b4267cc2da32e749e5031a715a092217f4,23782,68.0,2026-05-08T05:19:42Z,ON996340.1,00_raw_data,
phage/OP067662.1/cds.fna,aea38dba7b646ab2a8142cf2eb8d0f5f3aa4dfdeb17472444b91149bc5ae8d46,48442,70.0,2026-05-08T05:19:42Z,OP067662.1,00_raw_data,
phage/OP067662.1/genome.fna,34c65e29444960f8a9a679f985a94c36781b7906390ed151a88ae86ca4f76e9c,46766,1.0,2026-05-08T05:19:42Z,OP067662.1,00_raw_data,
phage/OP067662.1/proteins.faa,d4d7bae6dd261b17dfaa3b7b1c87ea37911d2644af92c2838fac1ac2212fbf8a,12301,57.0,2026-05-08T05:19:42Z,OP067662.1,00_raw_data,
phage/OP292654.1/cds.fna,43faba2e462ee7dc637fe98e3cb8dabd1afd78c656f4f44a047495f0cf32e908,385904,557.0,2026-05-08T05:19:42Z,OP292654.1,00_raw_data,
phage/OP292654.1/genome.fna,e02962f3958305de8ee3e02480e35fe111284a846c679ef7f5093109c73ed18e,373209,1.0,2026-05-08T05:19:42Z,OP292654.1,00_raw_data,
phage/OP292654.1/proteins.faa,acb4aacd78c1c378bef9888bc085702cff6aa9deb1274fd51f016c4ae795e030,164769,591.0,2026-05-08T05:19:42Z,OP292654.1,00_raw_data,
phage/OP413789.1/cds.fna,10babe8a8221265016b87fd7d60402af322b36f9a03df6a97395462adba4953a,45310,59.0,2026-05-08T05:19:42Z,OP413789.1,00_raw_data,
phage/OP413789.1/genome.fna,0eedf2f3a052d35e9ff55aa1c6c8ea53774d42e32a5c2a670308d0031a07bd78,45403,1.0,2026-05-08T05:19:42Z,OP413789.1,00_raw_data,
phage/OP413789.1/proteins.faa,77a08f15d854bd50fe4647f18bbe1f6b47ed47a26e8295144edd4eb9aa3f32f1,16414,59.0,2026-05-08T05:19:42Z,OP413789.1,00_raw_data,
phage/OP548052.1/cds.fna,241dd8c61ce5f9b5cff33acfceb5af259dc80c29d114bda3a41bb048eae84717,47162,55.0,2026-05-08T05:19:42Z,OP548052.1,00_raw_data,
phage/OP548052.1/genome.fna,2669c5c3c0983ee8bd72dff79d07331ff330efbe257ffc0dbd1dc7132fec1b79,45113,1.0,2026-05-08T05:19:42Z,OP548052.1,00_raw_data,
phage/OP548052.1/proteins.faa,298772e55b171355e8acbfe1aed16d404ca06ad58217d2002031153362196159,19730,55.0,2026-05-08T05:19:42Z,OP548052.1,00_raw_data,
phage/OP583591.1/cds.fna,a9b78f8c3b888a253d4502d18204b41a10e0ced31ad3381c1958cba9352a326b,45045,50.0,2026-05-08T05:19:42Z,OP583591.1,00_raw_data,
phage/OP583591.1/genome.fna,268b8d6081ab867cd22546d95974044fee11c7a433ab8cf35b3ae4b7eb859a00,45304,1.0,2026-05-08T05:19:42Z,OP583591.1,00_raw_data,
phage/OP583591.1/proteins.faa,f7289f574146ed64181b722c7679250bf1b803557d517ed243267d040e54e827,17587,50.0,2026-05-08T05:19:42Z,OP583591.1,00_raw_data,
phage/OP583592.1/cds.fna,efd7503a4923fb5fe5ec7766827713be023a78c7fdec3d62eca37903ed6e8ccc,44485,47.0,2026-05-08T05:19:42Z,OP583592.1,00_raw_data,
phage/OP583592.1/genome.fna,fe183a8373412780c2c8dbd4c51afce089c3895ce72089a41e7af9d7b984a1b7,45921,1.0,2026-05-08T05:19:42Z,OP583592.1,00_raw_data,
phage/OP583592.1/proteins.faa,4004e1385bc4f47aef2083cc85e4d83693a3633c2620d7bbb299eab052f332c7,15404,47.0,2026-05-08T05:19:42Z,OP583592.1,00_raw_data,
phage/OP583593.1/cds.fna,81f71e552d4cce390ba08e1fa79460fa8a1a0390dad278a7749e50f87c229142,40449,45.0,2026-05-08T05:19:42Z,OP583593.1,00_raw_data,
phage/OP583593.1/genome.fna,fa5f55eb435524d4ca6e74371299bad5aa50976152560a2c2268dfec6a8d90a6,43181,1.0,2026-05-08T05:19:42Z,OP583593.1,00_raw_data,
phage/OP583593.1/proteins.faa,8d34181ec319a7196ea02ea37571f18dd2c4bd90135f99d387baa508b4dd1c69,20375,45.0,2026-05-08T05:19:42Z,OP583593.1,00_raw_data,
phage/OP583594.1/cds.fna,1db3e1df0366eecd89001faf77738d014ba90b39027ea9ba133f06ba020243cc,43667,47.0,2026-05-08T05:19:42Z,OP583594.1,00_raw_data,
phage/OP583594.1/genome.fna,923a06e3353c0ad1868eda5eeb87aaf7c7eef3b9d46800f358c1631d20cd3d51,45013,1.0,2026-05-08T05:19:42Z,OP583594.1,00_raw_data,
phage/OP583594.1/proteins.faa,df0805b87746a829d0361deb9e1f441a51b885d61db7a5ba5f88cd8eae26eb59,12977,47.0,2026-05-08T05:19:42Z,OP583594.1,00_raw_data,
phage/OP583595.1/cds.fna,7b5a83e459e2dd996d9ce43eb32d41dc9448cd14ab7ec53e5e9fa59c7258d0d9,44523,48.0,2026-05-08T05:19:42Z,OP583595.1,00_raw_data,
phage/OP583595.1/genome.fna,a183c84aa2283db6c5cd1998a2b2bdb0ff47df4d47cb32a1fcfa60ca8fd6b699,45921,1.0,2026-05-08T05:19:42Z,OP583595.1,00_raw_data,
phage/OP583595.1/proteins.faa,f652cf2113b29f5bf3bdff4707358b0fa288b13812967e80be4878617c0790d3,15229,48.0,2026-05-08T05:19:42Z,OP583595.1,00_raw_data,
phage/OP752703.1/cds.fna,3f31e006b64bf590b229688aafbaa4ba4d0a602647131202e6b24aa9cbe498f9,340693,530.0,2026-05-08T05:19:42Z,OP752703.1,00_raw_data,
phage/OP752703.1/genome.fna,2d7ec4891b7050144fd9326b3876236717c8aba7d395cce0c2d6f92f2a682f43,324260,1.0,2026-05-08T05:19:42Z,OP752703.1,00_raw_data,
phage/OP752703.1/proteins.faa,475bde39c550fe93d26e4d2299dde4b7baf661935f6ff4c6cf1e2a957f47de96,167262,530.0,2026-05-08T05:19:42Z,OP752703.1,00_raw_data,
phage/OP948730.1/cds.fna,693a1d1b3dde9f96125751fea82b5aac6fc120dcf8e22459ee6b2dad195205bf,45801,62.0,2026-05-08T05:19:42Z,OP948730.1,00_raw_data,
phage/OP948730.1/genome.fna,92b4a175b048f1cce55eb6c17e5c6ffa329f6b49fb792d70f9c0c51e87058697,45185,1.0,2026-05-08T05:19:42Z,OP948730.1,00_raw_data,
phage/OP948730.1/proteins.faa,bf425fb74a23df7a2cce01ece5caf8bd4710a689cfe990d9c49d6016a0ebbd77,19307,62.0,2026-05-08T05:19:42Z,OP948730.1,00_raw_data,
phage/OQ055246.1/cds.fna,5cf1865df9ab6b6ce8ea9e4b353b4bbdae48bff1479810851205985498335906,99702,141.0,2026-05-08T05:19:42Z,OQ055246.1,00_raw_data,
phage/OQ055246.1/genome.fna,c133d81f1c89a7ba79051ce77297988bca836ea1f72f70e6c671817cbf123643,100284,1.0,2026-05-08T05:19:42Z,OQ055246.1,00_raw_data,
phage/OQ055246.1/proteins.faa,d51dab4aa388f5b680489aea0c9a91ba92102ea39db86ecbe635abdd44d97d13,41321,141.0,2026-05-08T05:19:42Z,OQ055246.1,00_raw_data,
phage/OQ427096.1/cds.fna,4fb47a567770348741c10ea4d8bdcd4932c0f22106f7ac94dbc738d01a8eef7d,208048,311.0,2026-05-08T05:19:42Z,OQ427096.1,00_raw_data,
phage/OQ427096.1/genome.fna,db4ae0f4f6151981c4bb1a57d3d7816684e5cdb46029e1ded5a7f023a30329af,202966,1.0,2026-05-08T05:19:42Z,OQ427096.1,00_raw_data,
phage/OQ427096.1/proteins.faa,9c04047fdf92f73a021ca29ab03bcbcd48bea24955413196dbad5e0570ea43ac,80999,311.0,2026-05-08T05:19:42Z,OQ427096.1,00_raw_data,
phage/OQ435241.1/genome.fna,ad77217dffb56a474c1c0acd05fd1830bd39fd0867ce0903123315e2326527e0,45089,1.0,2026-05-08T05:19:42Z,OQ435241.1,00_raw_data,
phage/OQ435241.1/proteins.faa,01ba4719c80b6fe911b091a7c05124b64eeece964e09c058ef8f9805daca546b,1,,2026-05-08T05:19:42Z,OQ435241.1,00_raw_data,
phage/OQ436456.1/cds.fna,703e37a9968f62ed4228ca21c41c6c94c523153198ab0cf148a1259adced9779,105614,220.0,2026-05-08T05:19:42Z,OQ436456.1,00_raw_data,
phage/OQ436456.1/genome.fna,512e91714191b261728db091a7d5737f1b3e95f7b48585b842e9ef16382e78f6,108144,1.0,2026-05-08T05:19:42Z,OQ436456.1,00_raw_data,
phage/OQ436456.1/proteins.faa,d6b351814dc90bf6f882dca82a4e35012b7dd37e75fcd996716a21e5522cabef,47588,220.0,2026-05-08T05:19:42Z,OQ436456.1,00_raw_data,
phage/OQ446483.1/genome.fna,ebf9598b468db5e04679a3aae17135d9a6b30a1167485f6fc4ec5cb8ee5c1080,45088,1.0,2026-05-08T05:19:42Z,OQ446483.1,00_raw_data,
phage/OQ446483.1/proteins.faa,01ba4719c80b6fe911b091a7c05124b64eeece964e09c058ef8f9805daca546b,1,,2026-05-08T05:19:42Z,OQ446483.1,00_raw_data,
phage/OQ446484.1/genome.fna,14468144d1016b47237f6a8aaf168c99a33ea902afbc4ff129a39cce047de65d,44686,1.0,2026-05-08T05:19:42Z,OQ446484.1,00_raw_data,
phage/OQ446484.1/proteins.faa,01ba4719c80b6fe911b091a7c05124b64eeece964e09c058ef8f9805daca546b,1,,2026-05-08T05:19:42Z,OQ446484.1,00_raw_data,
phage/OQ446485.1/genome.fna,28b58ff7f5387edbe63675a68ba33ad7c9dd135d183bd7409db558958d0a08f4,43001,1.0,2026-05-08T05:19:42Z,OQ446485.1,00_raw_data,
phage/OQ446485.1/proteins.faa,01ba4719c80b6fe911b091a7c05124b64eeece964e09c058ef8f9805daca546b,1,,2026-05-08T05:19:42Z,OQ446485.1,00_raw_data,
phage/OQ446486.1/genome.fna,d872769bb01c6ee4baef23907586b992160eca6a42925cdcf21ac83d6b587dce,45088,1.0,2026-05-08T05:19:42Z,OQ446486.1,00_raw_data,
phage/OQ446486.1/proteins.faa,01ba4719c80b6fe911b091a7c05124b64eeece964e09c058ef8f9805daca546b,1,,2026-05-08T05:19:42Z,OQ446486.1,00_raw_data,
phage/OQ446487.1/genome.fna,c58ce922b5e578e9b7189450bc291dab88666015a973ba0571d8c90a0fc651d6,45089,1.0,2026-05-08T05:19:42Z,OQ446487.1,00_raw_data,
phage/OQ446487.1/proteins.faa,01ba4719c80b6fe911b091a7c05124b64eeece964e09c058ef8f9805daca546b,1,,2026-05-08T05:19:42Z,OQ446487.1,00_raw_data,
phage/OQ446488.1/genome.fna,66e6c8382676392b66bd521c4395e950dbd4495e87115fb63f62b7abc44d1e59,44841,1.0,2026-05-08T05:19:42Z,OQ446488.1,00_raw_data,
phage/OQ446488.1/proteins.faa,01ba4719c80b6fe911b091a7c05124b64eeece964e09c058ef8f9805daca546b,1,,2026-05-08T05:19:42Z,OQ446488.1,00_raw_data,
phage/OQ603349.1/genome.fna,62853955edd9512bec103925b3197439d6f1f2d523da6381c35bd165e9cea746,41891,1.0,2026-05-08T05:19:42Z,OQ603349.1,00_raw_data,
phage/OQ603349.1/proteins.faa,01ba4719c80b6fe911b091a7c05124b64eeece964e09c058ef8f9805daca546b,1,,2026-05-08T05:19:42Z,OQ603349.1,00_raw_data,
phage/OQ603350.1/genome.fna,b3fdb51420b1233fed9b802faf258c061c7192bd29b9bc4fe94c729b5ad06a91,41215,1.0,2026-05-08T05:19:42Z,OQ603350.1,00_raw_data,
phage/OQ603350.1/proteins.faa,01ba4719c80b6fe911b091a7c05124b64eeece964e09c058ef8f9805daca546b,1,,2026-05-08T05:19:42Z,OQ603350.1,00_raw_data,
phage/OQ603351.1/genome.fna,3192e6acba0f1a925b72e772612199d27512c1a8262e4b62465382bc4f086606,99596,1.0,2026-05-08T05:19:42Z,OQ603351.1,00_raw_data,
phage/OQ603351.1/proteins.faa,01ba4719c80b6fe911b091a7c05124b64eeece964e09c058ef8f9805daca546b,1,,2026-05-08T05:19:42Z,OQ603351.1,00_raw_data,
phage/OQ603352.1/genome.fna,2aa4a7faf419623416ae57b6bda6f09f39100327b815d26a0a93d3ab687666c3,41311,1.0,2026-05-08T05:19:42Z,OQ603352.1,00_raw_data,
phage/OQ603352.1/proteins.faa,01ba4719c80b6fe911b091a7c05124b64eeece964e09c058ef8f9805daca546b,1,,2026-05-08T05:19:42Z,OQ603352.1,00_raw_data,
phage/OQ603353.1/genome.fna,aee403f302d9c649b78583b07c4b87f08fc58dbb4f729b5aa4c182f463d27958,230734,1.0,2026-05-08T05:19:42Z,OQ603353.1,00_raw_data,
phage/OQ603353.1/proteins.faa,01ba4719c80b6fe911b091a7c05124b64eeece964e09c058ef8f9805daca546b,1,,2026-05-08T05:19:42Z,OQ603353.1,00_raw_data,
phage/OQ603354.1/genome.fna,b759a49f61cc811c141d800f8f02e82da6a8f9a82d2bb163b4c09d348eb65fd0,45125,1.0,2026-05-08T05:19:42Z,OQ603354.1,00_raw_data,
phage/OQ603354.1/proteins.faa,01ba4719c80b6fe911b091a7c05124b64eeece964e09c058ef8f9805daca546b,1,,2026-05-08T05:19:42Z,OQ603354.1,00_raw_data,
phage/OQ603355.1/genome.fna,8ba6fe5845686316b268e0596f9b9b4cc3c70ec5bc8497fc53de8e6b915f71f4,43623,1.0,2026-05-08T05:19:42Z,OQ603355.1,00_raw_data,
phage/OQ603355.1/proteins.faa,01ba4719c80b6fe911b091a7c05124b64eeece964e09c058ef8f9805daca546b,1,,2026-05-08T05:19:42Z,OQ603355.1,00_raw_data,
phage/OQ603356.1/genome.fna,c9342a52827da4b58720bf0ff0170133a8ce136fdf590d30b2839b03ec5717d7,65100,1.0,2026-05-08T05:19:42Z,OQ603356.1,00_raw_data,
phage/OQ603356.1/proteins.faa,01ba4719c80b6fe911b091a7c05124b64eeece964e09c058ef8f9805daca546b,1,,2026-05-08T05:19:42Z,OQ603356.1,00_raw_data,
phage/OQ622092.1/cds.fna,2491aaa2d5e00087c93378200a3928e4c028842e84c4e4248e8f019a9a352656,36997,42.0,2026-05-08T05:19:42Z,OQ622092.1,00_raw_data,
phage/OQ622092.1/genome.fna,7e4a94f5071a0d3fcb174901463d89c15b7fd69f5b9032747848896ee1626850,43937,1.0,2026-05-08T05:19:42Z,OQ622092.1,00_raw_data,
phage/OQ622092.1/proteins.faa,fbb626b5aa7f16676e31bdd9393faf6c95ef5d8a4b3ff60b81593cf1354e45d3,14942,43.0,2026-05-08T05:19:42Z,OQ622092.1,00_raw_data,
phage/OQ676962.1/cds.fna,96d765aadec1f07e4fde894b7b88aea500aaa1656c06aaf84258341c9467366a,46322,59.0,2026-05-08T05:19:42Z,OQ676962.1,00_raw_data,
phage/OQ676962.1/genome.fna,33f1f49ff03e9b2f0b2e054dc035177104f2408e5dce93ea5f29affee36924fb,45940,1.0,2026-05-08T05:19:42Z,OQ676962.1,00_raw_data,
phage/OQ676962.1/proteins.faa,cd120ab15ff5d90965c7db06f3661ad192a7502f25d34f3d90ddb196979f1f94,21919,59.0,2026-05-08T05:19:42Z,OQ676962.1,00_raw_data,
phage/OQ756160.1/cds.fna,92d05a6e3dd019d3c57f6bd6690917fe46c00dfd14f7b1cece2805d41a9389aa,63727,74.0,2026-05-08T05:19:42Z,OQ756160.1,00_raw_data,
phage/OQ756160.1/genome.fna,8121ef99e2fc29cfd232c71e0883814ab5d0a368ed5b6317ef5231dba2ac0259,61956,1.0,2026-05-08T05:19:42Z,OQ756160.1,00_raw_data,
phage/OQ756160.1/proteins.faa,ab679065f567e1fbffb5c039431beda60abfbb02ae2b768476e614c6e577df6e,24827,74.0,2026-05-08T05:19:42Z,OQ756160.1,00_raw_data,
phage/OQ790161.1/cds.fna,b2016131f68b7af487638d39011e79ef62ba8a9bde530ce51ac448adc514c2d1,320729,367.0,2026-05-08T05:19:42Z,OQ790161.1,00_raw_data,
phage/OQ790161.1/genome.fna,166026f0e0c5f3b3331a4dfd5b8d17c68102103fbfd0021d0840c5f04129e828,316712,1.0,2026-05-08T05:19:42Z,OQ790161.1,00_raw_data,
phage/OQ790161.1/proteins.faa,ac7484262985c4d5a4a90e031955500170c0e59673d2221cc24f570e7723a523,114804,367.0,2026-05-08T05:19:42Z,OQ790161.1,00_raw_data,
phage/OQ818705.1/cds.fna,b0150ef2804bbd6c6bd9480e0afdbf818bce22e9186a7a23612b1a9069045ec8,79448,112.0,2026-05-08T05:19:42Z,OQ818705.1,00_raw_data,
phage/OQ818705.1/genome.fna,3f217106c258db74e280d2cae9c6f651dd6cf6b27a328e3144cc567cd2d15d9d,75380,1.0,2026-05-08T05:19:42Z,OQ818705.1,00_raw_data,
phage/OQ818705.1/proteins.faa,e350c23f66399d51f77885aeff3ce59746b9e6cdc022650fd384dc68f9467bd9,32382,112.0,2026-05-08T05:19:42Z,OQ818705.1,00_raw_data,
phage/OQ863049.1/cds.fna,cef26ed69feb67a25d15c4d57b8f6a8d1878b189108b8c1938a5acf3fddf23d9,50501,75.0,2026-05-08T05:19:42Z,OQ863049.1,00_raw_data,
phage/OQ863049.1/genome.fna,92cd94b12733f923163874cbbe9759f0245499af863c8ec8f18b06eb18bb4308,47131,1.0,2026-05-08T05:19:42Z,OQ863049.1,00_raw_data,
phage/OQ863049.1/proteins.faa,031486ecec38ad406c523a9553dd0c3e31b65757fba2725a8f23cb613e65543c,20501,75.0,2026-05-08T05:19:42Z,OQ863049.1,00_raw_data,
phage/OR122686.1/cds.fna,42e9b4eee0cefef335a89f09b06f00c7acbd1f3c58e1fa6c6aeed8d3329b0b66,42636,60.0,2026-05-08T05:19:42Z,OR122686.1,00_raw_data,
phage/OR122686.1/genome.fna,cf9c55402a4e3b440d28dc999656b0d81ef5fcb75973ecedfe66eba4b05f2e7d,41989,1.0,2026-05-08T05:19:42Z,OR122686.1,00_raw_data,
phage/OR122686.1/proteins.faa,2f8ef8ece9d9b542788476207ef5f7203da1fcda8e5c79357b114f2473e5ef94,12550,61.0,2026-05-08T05:19:42Z,OR122686.1,00_raw_data,
phage/OR209256.1/cds.fna,3793a8bb839e6d46ff459d74a3efd39be27d0e551b7a0413c496bb7edb3f9152,44843,55.0,2026-05-08T05:19:42Z,OR209256.1,00_raw_data,
phage/OR209256.1/genome.fna,7caf678bd377f825551d88ccc1a4278a50ef0f6ac6e9b6c5d13c2a6563c6304c,43844,1.0,2026-05-08T05:19:42Z,OR209256.1,00_raw_data,
phage/OR209256.1/proteins.faa,fd68909b8183bce312bf89aa00845e46fb8d022456ffb9af947b5ca8e2756b75,17962,55.0,2026-05-08T05:19:42Z,OR209256.1,00_raw_data,
phage/OR258281.1/cds.fna,61417588f9458bc1900347fdb76080003e115b4dd4ea2710708afa294b331cc4,368574,550.0,2026-05-08T05:19:42Z,OR258281.1,00_raw_data,
phage/OR258281.1/genome.fna,904e2524ece75be2e7c735e1fcd13ee7acace0b36c5a2721540aca753deb426d,354005,1.0,2026-05-08T05:19:42Z,OR258281.1,00_raw_data,
phage/OR258281.1/proteins.faa,0aa49738d94a9bf813c141a7cd5ff85a181d3ed89ceaead1fb8298dfea6be869,156128,558.0,2026-05-08T05:19:42Z,OR258281.1,00_raw_data,
phage/OR500351.1/cds.fna,7a70e67e31ea8d78f0c5685b7eee1973829227045b5229816b13b43c38d7443a,49260,83.0,2026-05-08T05:19:42Z,OR500351.1,00_raw_data,
phage/OR500351.1/genome.fna,1bf690352d1ca47ae8b6d2048842275331a37406cbc782e162bccc0f7d4a5fc4,44727,1.0,2026-05-08T05:19:42Z,OR500351.1,00_raw_data,
phage/OR500351.1/proteins.faa,9819cb2293b1275a593e5799aa395a8cee77d2307261b4b9e03bbd8fe58defc4,26048,83.0,2026-05-08T05:19:42Z,OR500351.1,00_raw_data,
phage/OR529408.1/cds.fna,de4f3c76b4139e91363552a167926331b7d0401af0cd7d6c6ad3b7ec9768b861,115144,171.0,2026-05-08T05:19:42Z,OR529408.1,00_raw_data,
phage/OR529408.1/genome.fna,e208f2a4071656a992ac45cb0b0043fceedd945ec0cc8eb514c4ef5b1dbee96a,110737,1.0,2026-05-08T05:19:42Z,OR529408.1,00_raw_data,
phage/OR529408.1/proteins.faa,31c0997b72c259a958dc49cf8c1e1d70b0786b7861055d14b4c877bcf27f7ce2,51143,171.0,2026-05-08T05:19:42Z,OR529408.1,00_raw_data,
phage/OR529409.1/cds.fna,f0899beddc1c92389530efcd5d23dffb9bf3de900206e397a8b3b9f9dd5b73e3,261463,277.0,2026-05-08T05:19:42Z,OR529409.1,00_raw_data,
phage/OR529409.1/genome.fna,ef6f95876a6b50a54458f9e8d361df9c5c62268a0e1ceb0fb3cf1b9f33b32cb7,255855,1.0,2026-05-08T05:19:42Z,OR529409.1,00_raw_data,
phage/OR529409.1/proteins.faa,6ece1897edc795a764cb2f37a060e60692deed36c7b68ff048db8224b77d40ae,84052,277.0,2026-05-08T05:19:42Z,OR529409.1,00_raw_data,
phage/OR540302.1/cds.fna,bbb42899f762d73b965e310b1102828c510b9cb206579638560e49d3028f946f,71521,101.0,2026-05-08T05:19:42Z,OR540302.1,00_raw_data,
phage/OR540302.1/genome.fna,3e5577f2e76d5d8e33219502d5858e2b535094dad48040a7b47453872ee50c3c,67221,1.0,2026-05-08T05:19:42Z,OR540302.1,00_raw_data,
phage/OR540302.1/proteins.faa,80c7f100fb0d129f9a23555f241dcd7c10f747c96f5f5f8027398bec8c472c76,29758,101.0,2026-05-08T05:19:42Z,OR540302.1,00_raw_data,
phage/OR729839.1/cds.fna,bb048ef9dcf1848f0217ef9b92b07f53ece7259dd11eafca2af326dc8e2692a2,44732,52.0,2026-05-08T05:19:42Z,OR729839.1,00_raw_data,
phage/OR729839.1/genome.fna,bb1466f9314a5bb83a05ea65b5f75e3b57d83de00f63aa0cc54d8fc40ecb7744,43632,1.0,2026-05-08T05:19:42Z,OR729839.1,00_raw_data,
phage/OR729839.1/proteins.faa,40c33ffe51f84bb48a55787f85867bb9915723e26e878387da5c53fab420a4a8,13793,52.0,2026-05-08T05:19:42Z,OR729839.1,00_raw_data,
phage/OR797040.1/cds.fna,f91e59d521405f6943e9a8cecdd2a4e04b061a124a7efa4e322581bf3ea32c71,174980,265.0,2026-05-08T05:19:42Z,OR797040.1,00_raw_data,
phage/OR797040.1/genome.fna,3472b307ff8798bdf73878415e81072b3035eb06d034e10350694f3ab4d40ae5,161886,1.0,2026-05-08T05:19:42Z,OR797040.1,00_raw_data,
phage/OR797040.1/proteins.faa,ff2701afd1201ddd442c929eb11243357016a67e1b6833040817881768416e7b,78905,289.0,2026-05-08T05:19:42Z,OR797040.1,00_raw_data,
phage/OR797041.1/cds.fna,f25def6eff65a9e92abae655d9378d1287dce387b7401d7ea7a781b4cab75b94,45416,54.0,2026-05-08T05:19:42Z,OR797041.1,00_raw_data,
phage/OR797041.1/genome.fna,ecc594f492bb35564ebbda6ed532c7e5373730da4343441be94958003d4fb5ff,42532,1.0,2026-05-08T05:19:42Z,OR797041.1,00_raw_data,
phage/OR797041.1/proteins.faa,fb4623959221b52006d1091821ebdfcd5a1b78a641701e2635fcaf0049c9b6f1,15449,54.0,2026-05-08T05:19:42Z,OR797041.1,00_raw_data,
phage/OR797042.1/cds.fna,768da27eb3b2d10e377b1bb62a01fdce82bada917b227fa4f0cbec3e40645ec2,69596,107.0,2026-05-08T05:19:42Z,OR797042.1,00_raw_data,
phage/OR797042.1/genome.fna,9e4ba0f1ac933e90ee0a74996fe45620cb60da00b8415eea7c904c50e7805164,67050,1.0,2026-05-08T05:19:42Z,OR797042.1,00_raw_data,
phage/OR797042.1/proteins.faa,a1b3a857c9c5eec32cdee0aabfa34d4265d2d560760381e7d521991d66484053,32100,111.0,2026-05-08T05:19:42Z,OR797042.1,00_raw_data,
phage/OR797043.1/cds.fna,56d774a3168cd8226f75bc8075ae72cfa709be9a50f041d7c8c8ee00c1b7aa08,46100,54.0,2026-05-08T05:19:42Z,OR797043.1,00_raw_data,
phage/OR797043.1/genome.fna,fe8e831c5105dd2752ae8484ed98111dfbe956ef39b96655d9b604f24713b3c0,43866,1.0,2026-05-08T05:19:42Z,OR797043.1,00_raw_data,
phage/OR797043.1/proteins.faa,7fcb0b56334b7fdf81abfb399406ba6957d04a333b0d25ad7b002c08d956b7cf,12770,55.0,2026-05-08T05:19:42Z,OR797043.1,00_raw_data,
phage/OR797044.1/cds.fna,e79f4866f95eeb3fa9ff4c6ef6f402e578dcfadcb178ed594a2fa07460819e33,71413,97.0,2026-05-08T05:19:42Z,OR797044.1,00_raw_data,
phage/OR797044.1/genome.fna,41ab15c23c5e12082cd0c3c8c580e2a1cd183dddb1e0e268aa848b57c2f732db,65706,1.0,2026-05-08T05:19:42Z,OR797044.1,00_raw_data,
phage/OR797044.1/proteins.faa,5be9a8120cabbd95f4f49c3a7d38d9e005765c198aeac993277e0201ec745e2e,26573,97.0,2026-05-08T05:19:42Z,OR797044.1,00_raw_data,
phage/OR797045.1/cds.fna,b6738593bf26350a5dff0b5cc1d975a4da2fc37fd9c502a395600e154650b303,60910,75.0,2026-05-08T05:19:42Z,OR797045.1,00_raw_data,
phage/OR797045.1/genome.fna,52aa699b632d2a0bf78c372d819a3f5545b90be9660cc7cbfee3b1b0bf1b3b4d,57437,1.0,2026-05-08T05:19:42Z,OR797045.1,00_raw_data,
phage/OR797045.1/proteins.faa,18f5d90f703776466d5339d4e7e1ff47d8cce880904c0e615ef8a7fa828b9c63,19490,75.0,2026-05-08T05:19:42Z,OR797045.1,00_raw_data,
phage/OR797046.1/cds.fna,2cdc73f18ccf33a0260780813c2ab693e6cd946ab151e9de526060b608e4507f,45220,56.0,2026-05-08T05:19:42Z,OR797046.1,00_raw_data,
phage/OR797046.1/genome.fna,54991ef7c29f68c65a1317cb809e0c14cd32310fedbcd9c50c43114d7600c752,41117,1.0,2026-05-08T05:19:42Z,OR797046.1,00_raw_data,
phage/OR797046.1/proteins.faa,8f06760ebf875bc4d303e8439e2e104af0e314d77e0207981abd646f4686c9a6,19242,56.0,2026-05-08T05:19:42Z,OR797046.1,00_raw_data,
phage/OR820514.1/cds.fna,2de1bcc9df077d69ae7074a60fd6c6a5c5a86df50e4e0f4461f9f979fdd85afa,60435,71.0,2026-05-08T05:19:42Z,OR820514.1,00_raw_data,
phage/OR820514.1/genome.fna,2617da30d78d9f8d8e49c86cc87e22e8ae28d1888fb02fe72729b610602cf877,56423,1.0,2026-05-08T05:19:42Z,OR820514.1,00_raw_data,
phage/OR820514.1/proteins.faa,a38ac7905bc8d6b39a5eee083d6f91744c918e36d21785ef9f4f32d878bf94a0,19811,71.0,2026-05-08T05:19:42Z,OR820514.1,00_raw_data,
phage/OR838459.1/cds.fna,4d82f9800476f7d45e9f61446b6609d61048a372a85a444fbc572b49fd61a1e7,73090,100.0,2026-05-08T05:19:42Z,OR838459.1,00_raw_data,
phage/OR838459.1/genome.fna,ef0ad865dd0e5bba7d6016952cd4eb84a24e4c1b0f958d67dba6088ed6764e1b,67332,1.0,2026-05-08T05:19:42Z,OR838459.1,00_raw_data,
phage/OR838459.1/proteins.faa,72883f8c546a580c1326ec92ac5b352bb0ac5b452a94dfd3deda88d69f46367a,36017,100.0,2026-05-08T05:19:42Z,OR838459.1,00_raw_data,
phage/OR842880.1/cds.fna,f0c87c1bbd4c9d5fca0871a30002c8430640084c68230114280204612bc1a41f,48721,70.0,2026-05-08T05:19:42Z,OR842880.1,00_raw_data,
phage/OR842880.1/genome.fna,d6f97ae5b872877648e19da56bdf5947870eb885d956f82411443170481671c6,45838,1.0,2026-05-08T05:19:42Z,OR842880.1,00_raw_data,
phage/OR842880.1/proteins.faa,affc507bbab59febd46beb8dd71b1a19302f7cee259ee16b1eca564a0492a340,21000,70.0,2026-05-08T05:19:42Z,OR842880.1,00_raw_data,
phage/OR966858.1/cds.fna,dac6cdf40bd6b765e8a14eb52bee1c0bcea6b5011d26919cc2cb31c6fc27dc28,46059,63.0,2026-05-08T05:19:42Z,OR966858.1,00_raw_data,
phage/OR966858.1/genome.fna,f547304d3f7e435a2b79303aeef603034faafc6997d286941bc4bf0214ab960e,43999,1.0,2026-05-08T05:19:42Z,OR966858.1,00_raw_data,
phage/OR966858.1/proteins.faa,a9569f78a2288b7a98f79af8cf3ea2ffc256124abc3144cab52c2861c2233ede,20508,63.0,2026-05-08T05:19:42Z,OR966858.1,00_raw_data,
phage/OR997969.1/cds.fna,852d73bca2bc410ee85e9af708ae31007bf58773aa2b1828f6db4bef76ce55bd,50632,65.0,2026-05-08T05:19:42Z,OR997969.1,00_raw_data,
phage/OR997969.1/genome.fna,080940965b9af87f33ae9bd8d2cce3fda210a2e9494701833f96acbfff5f6fc5,46766,1.0,2026-05-08T05:19:42Z,OR997969.1,00_raw_data,
phage/OR997969.1/proteins.faa,40ba3fe87d9f3d201236a1e7f13ea235a8244c9b5bd694c5785394eb87a06115,19672,65.0,2026-05-08T05:19:42Z,OR997969.1,00_raw_data,
phage/OR997970.1/cds.fna,10cdc368075d0789288285314ce73fe3dfcaa9426a5e2ee1c8e15a7fb0bc9b4a,43999,56.0,2026-05-08T05:19:42Z,OR997970.1,00_raw_data,
phage/OR997970.1/genome.fna,abc833f225da7a5bedda1fd8c5d3bcef8f3dc7f3a9e2805b9dceb69d8a06bc07,41489,1.0,2026-05-08T05:19:42Z,OR997970.1,00_raw_data,
phage/OR997970.1/proteins.faa,3d6790f3fb157f691fea9dda0bffe689889c118e55736ed1b78de69f3e9be2f5,18257,56.0,2026-05-08T05:19:42Z,OR997970.1,00_raw_data,
phage/OZ418229.1/cds.fna,d907e47b74d5c904a56c98b1a3d848d23ffc1f7c2b3e874a28bb34ec93759eb7,49417,61.0,2026-05-08T05:19:42Z,OZ418229.1,00_raw_data,
phage/OZ418229.1/genome.fna,1d311dc970aa376b48534efd6777e99ba0935aac33c04ec4c636f3e03cdd3f01,51191,1.0,2026-05-08T05:19:42Z,OZ418229.1,00_raw_data,
phage/OZ418229.1/proteins.faa,7d85d7b365db3d9ffac17f520f3d3cc437fc35f405605794d8b22bbd93bfffc4,13348,61.0,2026-05-08T05:19:42Z,OZ418229.1,00_raw_data,
phage/OZ418230.1/cds.fna,519ed493b5596570c9423756dbaead3cc6280be396e9144aff95d28bafe3db1b,44298,61.0,2026-05-08T05:19:42Z,OZ418230.1,00_raw_data,
phage/OZ418230.1/genome.fna,a120b6e9d42ff4f1fc19a5455f66e6c9c1a436c4940da48eecf98b94e3f67bbf,43190,1.0,2026-05-08T05:19:42Z,OZ418230.1,00_raw_data,
phage/OZ418230.1/proteins.faa,c803dcffde286f9ab8846e93c1e6596ffc59a18e4d4e952c51709813046bcac6,16848,61.0,2026-05-08T05:19:42Z,OZ418230.1,00_raw_data,
phage/OZ418233.1/cds.fna,5efc97d9ac9b34ccb0d71c37476329984b595eee16f6b9141774f922d8e81a8a,42455,55.0,2026-05-08T05:19:42Z,OZ418233.1,00_raw_data,
phage/OZ418233.1/genome.fna,27827174186aaf0ba3fab0a5fd7d907ebc7a0c076590b68c3288f6af97b3b046,41022,1.0,2026-05-08T05:19:42Z,OZ418233.1,00_raw_data,
phage/OZ418233.1/proteins.faa,17cf44e184fd8709897a00094c19356fc1d92fbb5d445c18984b46d325e4d5e3,16911,55.0,2026-05-08T05:19:42Z,OZ418233.1,00_raw_data,
phage/OZ418234.1/cds.fna,bc6f6f2b045cbad3319cfdfe19cb03ac3e2ba7935878e1cbb65b432a1065dee1,43385,58.0,2026-05-08T05:19:42Z,OZ418234.1,00_raw_data,
phage/OZ418234.1/genome.fna,a5bedafc73bfdc1d918eede655b35286abcbbc1c9104546cdea806b91db8d4a9,42163,1.0,2026-05-08T05:19:42Z,OZ418234.1,00_raw_data,
phage/OZ418234.1/proteins.faa,807b258ce5d57108437f6ef51bc121f96d6a303df43f889ab94a622a0a2d4d9c,13532,58.0,2026-05-08T05:19:42Z,OZ418234.1,00_raw_data,
phage/OZ453044.1/cds.fna,0ef45fc1f7e27d3d91a838f38c7a1fe9c571970eccd270a13d1e0419820383c7,41848,57.0,2026-05-08T05:19:42Z,OZ453044.1,00_raw_data,
phage/OZ453044.1/genome.fna,081cc847540213ece59859ac2f9c6b73607533ef1188aeb1ddd46e11308195d9,38150,1.0,2026-05-08T05:19:42Z,OZ453044.1,00_raw_data,
phage/OZ453044.1/proteins.faa,42e51a8098c85b64bebf4594ffa674219e0be1670d493055e978588207b92d9b,17307,57.0,2026-05-08T05:19:42Z,OZ453044.1,00_raw_data,
phage/PP079413.1/cds.fna,7d5ad2b3da8010f6db8bc0c97f729fef14415c69dbe7b4ee8091ef0707497874,45121,54.0,2026-05-08T05:19:42Z,PP079413.1,00_raw_data,
phage/PP079413.1/genome.fna,a2845465de15a1cec15dbb67642aabd0cf0f9e63e8f72a0606cb4f85893893d6,44663,1.0,2026-05-08T05:19:42Z,PP079413.1,00_raw_data,
phage/PP079413.1/proteins.faa,071c7d0c45b272175786064698ea28256b8b463c8102dce34995fc07693c576b,18426,54.0,2026-05-08T05:19:42Z,PP079413.1,00_raw_data,
phage/PP079414.1/cds.fna,452991e2c34005ccc49a46c3cbd6c70ebe7ab16253e109a215bcb8bea350a2c8,43178,48.0,2026-05-08T05:19:42Z,PP079414.1,00_raw_data,
phage/PP079414.1/genome.fna,6ac2486007c6e7b3b36b951961b4447d4736b9d68fe2609791dd5d3baf8f5a1e,43760,1.0,2026-05-08T05:19:42Z,PP079414.1,00_raw_data,
phage/PP079414.1/proteins.faa,6a61658a178e158041f9ca77f40e31515f03dcbe8a18f363fdca502a273adb4e,15016,48.0,2026-05-08T05:19:42Z,PP079414.1,00_raw_data,
phage/PP079415.1/cds.fna,bfb488021f6c9654be9ea944dde6e27a732b07f420c3eee04a957875f8a674a9,46322,57.0,2026-05-08T05:19:42Z,PP079415.1,00_raw_data,
phage/PP079415.1/genome.fna,15b14ff8a26824909e6f58703bab85672f20dcd5eb3d1df34a12782e87667d1b,45008,1.0,2026-05-08T05:19:42Z,PP079415.1,00_raw_data,
phage/PP079415.1/proteins.faa,1ee0d7805d73ecf3455349ca2b29c21b9d55c1aa961ec3d00ba0852226afb81e,19119,57.0,2026-05-08T05:19:42Z,PP079415.1,00_raw_data,
phage/PP079416.1/cds.fna,f8ff9f9c3147d2cf09ec0357d34387966f9e96de272cdaf6ef27822b4bdb264e,44739,52.0,2026-05-08T05:19:42Z,PP079416.1,00_raw_data,
phage/PP079416.1/genome.fna,978d0eb4614577e767eacde823c70da6d7d304c875199b29196ec8e18b5894c4,43775,1.0,2026-05-08T05:19:42Z,PP079416.1,00_raw_data,
phage/PP079416.1/proteins.faa,cf839902533b0478695bc8e1a33e81aedc2d989c2dd52aef23a3374f19105430,18084,52.0,2026-05-08T05:19:42Z,PP079416.1,00_raw_data,
phage/PP079417.1/cds.fna,a4f8659ca5306e145ce1be4ba788cf786a15343e7ae4b1446068fa582fb33e6d,46138,51.0,2026-05-08T05:19:42Z,PP079417.1,00_raw_data,
phage/PP079417.1/genome.fna,c9f716f2bd4ca901da403b9fbd8e9568ab1a5195a2fe5f730cfdbf6d40f03a0b,44428,1.0,2026-05-08T05:19:42Z,PP079417.1,00_raw_data,
phage/PP079417.1/proteins.faa,1a99577defb9ddc9323f266e2440ce5850262ca9fc7a03f3c5ac922d8c31a9ec,14944,51.0,2026-05-08T05:19:42Z,PP079417.1,00_raw_data,
phage/PP079418.1/cds.fna,0f0e43d2366b64e934b762d1370b395c8efe39fe9c38a0bc3ec4270796eb7bde,49463,87.0,2026-05-08T05:19:42Z,PP079418.1,00_raw_data,
phage/PP079418.1/genome.fna,7ab0530599fab5785e76afa5197693a6124a10b937b3ead14dcebb5e24596f75,47147,1.0,2026-05-08T05:19:42Z,PP079418.1,00_raw_data,
phage/PP079418.1/proteins.faa,80cd1dcf32a0b2f767375d5eaa0f5e8bd9bee1c8c102b62bc0ce87fc65f1335b,23789,87.0,2026-05-08T05:19:42Z,PP079418.1,00_raw_data,
phage/PP179318.1/cds.fna,838922f5f691614dbd304e202d76e0ee7cadf6dbd9a06bd9d1f437333372ba77,117610,160.0,2026-05-08T05:19:42Z,PP179318.1,00_raw_data,
phage/PP179318.1/genome.fna,851184c35c6e720cf34149c9cf7794cb0fb0ed74cbb95742971214fb079b0655,114098,1.0,2026-05-08T05:19:42Z,PP179318.1,00_raw_data,
phage/PP179318.1/proteins.faa,586519ee1cabfb001f5d2ffdb378aaf5422452026cb8f3c51d5653cf4636ad74,44438,165.0,2026-05-08T05:19:42Z,PP179318.1,00_raw_data,
phage/PP179325.1/cds.fna,4a8608004c606fd1edb270a21aa676391abea12844c38a4ec61ae586c77afee7,94645,128.0,2026-05-08T05:19:42Z,PP179325.1,00_raw_data,
phage/PP179325.1/genome.fna,510b819be8e1296a80e51dea9697917a586a2a676705c555c5321ee13107e99d,92941,1.0,2026-05-08T05:19:42Z,PP179325.1,00_raw_data,
phage/PP179325.1/proteins.faa,4d51afa3484f43f153fc0e84df34a3eaf31bd0ec26c3059165facd088265498d,39369,128.0,2026-05-08T05:19:42Z,PP179325.1,00_raw_data,
phage/PP179326.1/cds.fna,cb78c6c4f080ec33bc8932867aaa0022472d935c9c2c4c22b6647ab9ad394c44,50407,76.0,2026-05-08T05:19:42Z,PP179326.1,00_raw_data,
phage/PP179326.1/genome.fna,845638fb28b40ef91d5abcf72495d06ee51cec522f02cd59130113dfd3523bf2,46714,1.0,2026-05-08T05:19:42Z,PP179326.1,00_raw_data,
phage/PP179326.1/proteins.faa,7cf40b62cbc4655f9eb66d216f7c5d7be78d4b67f090075300e007520248d128,10643,41.0,2026-05-08T05:19:42Z,PP179326.1,00_raw_data,
phage/PP179327.1/cds.fna,d27ac4d615ff12cef6957e7cd70c6eb6b988f516950dc3fea14b47559dea89f0,48036,68.0,2026-05-08T05:19:42Z,PP179327.1,00_raw_data,
phage/PP179327.1/genome.fna,f784281c42d374683ab64da828d74583772e506132f5387fd3b602f9c4df7a2c,45693,1.0,2026-05-08T05:19:42Z,PP179327.1,00_raw_data,
phage/PP179327.1/proteins.faa,e570598446d2e042692abe8cd231be9a1432a0f69d98663e962e827581891c7c,18947,68.0,2026-05-08T05:19:42Z,PP179327.1,00_raw_data,
phage/PP179328.1/cds.fna,800ad02cd4df077a5cf778da7f8b820c7b11bd9d81aefc21e82dbc25be327315,49454,74.0,2026-05-08T05:19:42Z,PP179328.1,00_raw_data,
phage/PP179328.1/genome.fna,d3cb432d09ffbdbb108eab47e8b4eeef9e5ab08ada630fd424ea81c9bd33e86c,46067,1.0,2026-05-08T05:19:42Z,PP179328.1,00_raw_data,
phage/PP179328.1/proteins.faa,784e3733f70fc6e821b4ad646ab27e48b2808bcf31641646a1ae5798f5825961,19989,74.0,2026-05-08T05:19:42Z,PP179328.1,00_raw_data,
phage/PP179329.1/cds.fna,bb0b36857237672b59093f9c5be8decd9757a320fef3ad618cdafd3467ff9aea,49642,75.0,2026-05-08T05:19:42Z,PP179329.1,00_raw_data,
phage/PP179329.1/genome.fna,ac77c6127527c3d72b24f136d09c079bb1001020406518abdfc58879947dbe2e,46039,1.0,2026-05-08T05:19:42Z,PP179329.1,00_raw_data,
phage/PP179329.1/proteins.faa,3c6925a4dbc50a4652f9feb536fccb0b0978181b800795ac1d0f053a2511bcbe,5531,26.0,2026-05-08T05:19:42Z,PP179329.1,00_raw_data,
phage/PP313117.1/cds.fna,a7d936f3c6db0d019f50832619c2c199abc380d8c6e62caf09e9bc529346cfee,49121,81.0,2026-05-08T05:19:42Z,PP313117.1,00_raw_data,
phage/PP313117.1/genome.fna,4fe168c83c5add86a81995d29ee119a72981c3b7390272d82365c2ea789d3d0d,49738,1.0,2026-05-08T05:19:42Z,PP313117.1,00_raw_data,
phage/PP313117.1/proteins.faa,2e86a4fcda3b8a13a537a02183de7be5caec7ef6b0f2bd09c0e7a7f7a887dd53,20120,81.0,2026-05-08T05:19:42Z,PP313117.1,00_raw_data,
phage/PP391659.1/cds.fna,dc636a6b8617df0bc341075ae7f5acaffe03db9d4b1dee41cf4b9db07f05cff5,42250,51.0,2026-05-08T05:19:42Z,PP391659.1,00_raw_data,
phage/PP391659.1/genome.fna,1a9bf2f8ad564d35d661f7468e89945bfc8f0c71e7f270666bc3703b8bfbd83c,45645,1.0,2026-05-08T05:19:42Z,PP391659.1,00_raw_data,
phage/PP391659.1/proteins.faa,04cf5e0b81865540b5ba4a17071fe9a7d80923fe79b8f254fd6c2dd84686dc19,16531,51.0,2026-05-08T05:19:42Z,PP391659.1,00_raw_data,
phage/PP391660.1/cds.fna,99178689b8898907a824a294a19b6cdf713cc4e26aa8ba687b654bbed12ee2e0,41731,50.0,2026-05-08T05:19:42Z,PP391660.1,00_raw_data,
phage/PP391660.1/genome.fna,b8720ee1057171aeaaf8a1e2adc613e9550a95554e7ef7a92fa95de9f648a392,45657,1.0,2026-05-08T05:19:42Z,PP391660.1,00_raw_data,
phage/PP391660.1/proteins.faa,288f4a6e3ecd55bb441871833643bb1e412f4141ab16d1ae9b0da5bae8a8425e,16309,50.0,2026-05-08T05:19:42Z,PP391660.1,00_raw_data,
phage/PP391661.1/cds.fna,81b36fcf44214a67dfa78c0e109d134b21894ac9f2228498420b1419529f0449,47881,63.0,2026-05-08T05:19:42Z,PP391661.1,00_raw_data,
phage/PP391661.1/genome.fna,b4d1ef15cee0c589c96fe4feab77575edc8fec6611fbfe679ad650c6fc46e201,46238,1.0,2026-05-08T05:19:42Z,PP391661.1,00_raw_data,
phage/PP391661.1/proteins.faa,6e51be872aa616163789be8111b294400156cf8c21e8efa9657bf8c502b186ab,18984,63.0,2026-05-08T05:19:42Z,PP391661.1,00_raw_data,
phage/PP391662.1/cds.fna,c894236d07e172274b6a2b374abe7aaa5f237845bbbd457b77830f9618ef9560,35867,41.0,2026-05-08T05:19:42Z,PP391662.1,00_raw_data,
phage/PP391662.1/genome.fna,efb91abbe2f058f26aa3cdc3ba7afb28777f474ac7a70115b7fbebfacfc84117,46383,1.0,2026-05-08T05:19:42Z,PP391662.1,00_raw_data,
phage/PP391662.1/proteins.faa,80daa0c7b863312ea2580c36b514dfcafc16b18c394468c0d108e0fb8b1df3c9,13923,41.0,2026-05-08T05:19:42Z,PP391662.1,00_raw_data,
phage/PP391663.1/cds.fna,e30d27ec9a22025132dba30c3d3096f6a7ebe093efdeb9f97b8eb3a6eabdab3f,48073,63.0,2026-05-08T05:19:42Z,PP391663.1,00_raw_data,
phage/PP391663.1/genome.fna,46eb1c604b13a9127860adf6cfd9568b57d53fcca0004ab07370946174640ac4,46235,1.0,2026-05-08T05:19:42Z,PP391663.1,00_raw_data,
phage/PP391663.1/proteins.faa,992833fb564fea623ba0a709cbf36c0449105004637dd93d822265806c54e51c,19048,63.0,2026-05-08T05:19:42Z,PP391663.1,00_raw_data,
phage/PP391664.1/cds.fna,161315e8a9dcce161f48917625b0e33197521fad5bc526ca7f6f7a987d059261,39528,48.0,2026-05-08T05:19:42Z,PP391664.1,00_raw_data,
phage/PP391664.1/genome.fna,d253b68030a05f096c1cf7fc426f915d5ac090d95ed8047deebb1737e3d0260d,46278,1.0,2026-05-08T05:19:42Z,PP391664.1,00_raw_data,
phage/PP391664.1/proteins.faa,ed06aff93180c39bc01228b1ef1868a71e71faf2fc15e0bac8f65d73f609568d,15482,48.0,2026-05-08T05:19:42Z,PP391664.1,00_raw_data,
phage/PP431385.1/cds.fna,d7e6c36dceb1ad45b31a31d33b285b59035a5b28100ab715255f0febe40b2f56,16186,17.0,2026-05-08T05:19:42Z,PP431385.1,00_raw_data,
phage/PP431385.1/genome.fna,800277e3c39a111123e1dd1c2b244b261599f3e9431ac75da2a9cce54927130d,16648,1.0,2026-05-08T05:19:42Z,PP431385.1,00_raw_data,
phage/PP431385.1/proteins.faa,2cab22817e9ceaccd422c3db32899dd1307ee217c95a15e2e64872025d4f5dd7,4747,17.0,2026-05-08T05:19:42Z,PP431385.1,00_raw_data,
phage/PP475461.1/cds.fna,84d0f4398d37b051a540429e9c2eee21d7c056e536d503bffba3634603775bd9,120103,162.0,2026-05-08T05:19:42Z,PP475461.1,00_raw_data,
phage/PP475461.1/genome.fna,97a3746885a682973d571ad7cc38934e9fdb61a3617c5a35e719dfa20ad3a2fc,115214,1.0,2026-05-08T05:19:42Z,PP475461.1,00_raw_data,
phage/PP475461.1/proteins.faa,7d58e3953d3b7f31cbe3c63ff1c62c01710c084c98dcf3a2697f37606ec67214,48602,162.0,2026-05-08T05:19:42Z,PP475461.1,00_raw_data,
phage/PP550502.1/cds.fna,527ec921a1bde9e2da0986d83ccace17d57d81af6a4e18168160f8d337c1b63f,63439,172.0,2026-05-08T05:19:42Z,PP550502.1,00_raw_data,
phage/PP550502.1/genome.fna,2039c58b39ca794f1921620ea25ccf20a3837267d9d600e8e537532c19d4ce37,62607,1.0,2026-05-08T05:19:42Z,PP550502.1,00_raw_data,
phage/PP550502.1/proteins.faa,aee292ab6384e041bc3c7073e754a03bc4e311364654e0d005ccf14860a6ebc0,37119,172.0,2026-05-08T05:19:42Z,PP550502.1,00_raw_data,
phage/PP554396.1/cds.fna,bb638dfbc1929903de260b1c3a4e4b1b44a6e0f22086c3b7dab3e9624a9e11c5,45156,53.0,2026-05-08T05:19:42Z,PP554396.1,00_raw_data,
phage/PP554396.1/genome.fna,7b678092624f35670f17badd1d5c4f98ec54583403e4d610267af31f99ebe8f5,44184,1.0,2026-05-08T05:19:42Z,PP554396.1,00_raw_data,
phage/PP554396.1/proteins.faa,ad2d523ddeac8e9e0a3ae21af267838d4cbcb4a7eb9997c310cdac93ae4880a3,9921,53.0,2026-05-08T05:19:42Z,PP554396.1,00_raw_data,
phage/PP566124.1/cds.fna,c26a468b63cd56df5e9a397456fa22c6be67280f9318c938f0b688e7aec11ee7,41718,46.0,2026-05-08T05:19:42Z,PP566124.1,00_raw_data,
phage/PP566124.1/genome.fna,68a41b3a0e077c3ea136ded285350eb08b08104ad62f6cb106e07c6ac35cf052,40874,1.0,2026-05-08T05:19:42Z,PP566124.1,00_raw_data,
phage/PP566124.1/proteins.faa,0179e4eab62fecc80fbef1786815e8193b91636b1ce50a78be8f41d0672fab14,16590,46.0,2026-05-08T05:19:42Z,PP566124.1,00_raw_data,
phage/PP747256.1/cds.fna,2669ba77a8175899e0d7da9774e265b312a6455d53fc6b54be18c979680465aa,63680,100.0,2026-05-08T05:19:42Z,PP747256.1,00_raw_data,
phage/PP747256.1/genome.fna,61e7b39999e23f032312d0967588666648f859a2a8a4dca14c7895d11bffc9ea,62332,1.0,2026-05-08T05:19:42Z,PP747256.1,00_raw_data,
phage/PP747256.1/proteins.faa,cc4b4616ecfd9f98aafca318a991114c32f1b00759f5b6e1db697276ca0ee0c2,26058,100.0,2026-05-08T05:19:42Z,PP747256.1,00_raw_data,
phage/PP756300.1/cds.fna,65b7f9bcdb6ede32199931e90db5088c9241fa7734a419cc32fc9df71bd5019e,66642,80.0,2026-05-08T05:19:42Z,PP756300.1,00_raw_data,
phage/PP756300.1/genome.fna,748602a6571b19cd090593bff54675c2dd856892dc5d80cc2b301150d41ec4da,64759,1.0,2026-05-08T05:19:42Z,PP756300.1,00_raw_data,
phage/PP756300.1/proteins.faa,f175d1288c2c47ebbe10461c4cc3ba1cfb215159b361850c488acffe6880f4f1,26350,80.0,2026-05-08T05:19:42Z,PP756300.1,00_raw_data,
phage/PP780467.1/cds.fna,42c7344ce6b007a5e1c740b39626e05921357caced11d844bf43ba66d00938fc,45867,61.0,2026-05-08T05:19:42Z,PP780467.1,00_raw_data,
phage/PP780467.1/genome.fna,800bc892087cfb7d1b668805962ebaa6e1ca98037f8f2357288708f70b0c9e8c,44180,1.0,2026-05-08T05:19:42Z,PP780467.1,00_raw_data,
phage/PP780467.1/proteins.faa,b3b0467fde1f316e3e692cf657857bbcc3d1aaa1deb82fe020fde07ef3faa6fc,18066,61.0,2026-05-08T05:19:42Z,PP780467.1,00_raw_data,
phage/PP816325.1/cds.fna,922809090c74f2b8761b59c119e6f431788673233cad27a2f1af257359a715e9,64997,93.0,2026-05-08T05:19:42Z,PP816325.1,00_raw_data,
phage/PP816325.1/genome.fna,895e9a8c79b86820463e92b79ad4ef93f5c465d718732059495a1106a7fe038b,64654,1.0,2026-05-08T05:19:42Z,PP816325.1,00_raw_data,
phage/PP816325.1/proteins.faa,9ecc4c471ac39985629a6f70e71dc65ec28e418c0a40baa8eeb86747af0492dd,31220,93.0,2026-05-08T05:19:42Z,PP816325.1,00_raw_data,
phage/PP895208.1/cds.fna,55dcac449b223816deee047e2c5a203779513eab6758f23f8887ff3f092bfe18,18021,31.0,2026-05-08T05:19:42Z,PP895208.1,00_raw_data,
phage/PP895208.1/genome.fna,8844105640c69ca042baa070c4d122bf49fc1d4693922459b61a2d3edc709b66,15202,1.0,2026-05-08T05:19:42Z,PP895208.1,00_raw_data,
phage/PP895208.1/proteins.faa,b82cf37538ebf3b710b9fb952cd316b5421175f15b051d376eac5d5667f9520f,10255,31.0,2026-05-08T05:19:42Z,PP895208.1,00_raw_data,
phage/PP895209.1/cds.fna,40cd9cc782bdc3791d48db4aa842135d60691c631b2272e62b00c399edec2849,18042,31.0,2026-05-08T05:19:42Z,PP895209.1,00_raw_data,
phage/PP895209.1/genome.fna,8802a15addccca8ae365463c014ed6f97facbef905cace166c637b0af25bdde9,15174,1.0,2026-05-08T05:19:42Z,PP895209.1,00_raw_data,
phage/PP895209.1/proteins.faa,cfbffec6df3f65706875e6e003cccc15527b8532b94bf145b69bf8e526ef5db5,9240,31.0,2026-05-08T05:19:42Z,PP895209.1,00_raw_data,
phage/PP895210.1/cds.fna,6a010c9cc71d31b318d6f05c9c8ffc29b00327a675f2ba60d4a6c251e2ca0419,18059,31.0,2026-05-08T05:19:42Z,PP895210.1,00_raw_data,
phage/PP895210.1/genome.fna,e43a01217ccce0c25ee6a1100faf65d88789c8e54aff70ea879b22bf0080fc32,15087,1.0,2026-05-08T05:19:42Z,PP895210.1,00_raw_data,
phage/PP895210.1/proteins.faa,d7dde84f44d5017762a1c566b1325e12ef10487a5a99064e088eac579c2a8b82,9708,31.0,2026-05-08T05:19:42Z,PP895210.1,00_raw_data,
phage/PP895211.1/cds.fna,e92e59629289ec25d877d43b329d7520ba9bb16aebba2cf2daf7a1eddb0c7379,18020,31.0,2026-05-08T05:19:42Z,PP895211.1,00_raw_data,
phage/PP895211.1/genome.fna,c55946596c63dca2343d36b16dc8b730f8152b2da140183b45d50fb85a7eefc0,15188,1.0,2026-05-08T05:19:42Z,PP895211.1,00_raw_data,
phage/PP895211.1/proteins.faa,7cd1c7517986ad2cf475bd0e93046c537f8881e9db63aede1c2f8b6f9f62d7f5,11227,31.0,2026-05-08T05:19:42Z,PP895211.1,00_raw_data,
phage/PP921743.1/cds.fna,b19f89bf3e323a1319792b06c6f2b03278291985f9264e8459892d13a7404cff,47493,59.0,2026-05-08T05:19:42Z,PP921743.1,00_raw_data,
phage/PP921743.1/genome.fna,468a09a0265ceebc295fb2c67f40933fc34bc2d61d7bff21c8dc5b97fee12355,45614,1.0,2026-05-08T05:19:42Z,PP921743.1,00_raw_data,
phage/PP921743.1/proteins.faa,f2ec0ca21e2840f4a42e414bd861548b4d677a8a4bb3b23992cedc57b1f40903,13854,59.0,2026-05-08T05:19:42Z,PP921743.1,00_raw_data,
phage/PP921744.1/cds.fna,e944ff2badb985ebc988d86dd972a58817ed312c669411b71d03daa77ec2c397,48252,64.0,2026-05-08T05:19:42Z,PP921744.1,00_raw_data,
phage/PP921744.1/genome.fna,f66835f2971cf9f9f4104b0853e12f6cc276774c6b7713aa07dd487fd87c980d,44187,1.0,2026-05-08T05:19:42Z,PP921744.1,00_raw_data,
phage/PP921744.1/proteins.faa,1f20f0fbb04c39ebe523481fc2aecf9e21233d5eec4f7c8d6d7e19d28bdb3664,12001,64.0,2026-05-08T05:19:42Z,PP921744.1,00_raw_data,
phage/PP932004.1/cds.fna,6bec5cf99f6e63b97a99a696fe23f959ba39d8482e3d67115410fdd0bcdab6eb,45848,54.0,2026-05-08T05:19:42Z,PP932004.1,00_raw_data,
phage/PP932004.1/genome.fna,baee4174da00dfd7e98f79d946220a1e692c32d7d5e73e61bc1f8833e047a97a,43765,1.0,2026-05-08T05:19:42Z,PP932004.1,00_raw_data,
phage/PP932004.1/proteins.faa,b8a49c948aee2309f0834c7e198f86aaf8582cbea525d0d89295e5475096a080,17964,54.0,2026-05-08T05:19:42Z,PP932004.1,00_raw_data,
phage/PP952055.1/cds.fna,9e9e99363c752318de82c720df2c1371db57d31ada036076cfe854ec9fa6292a,47544,65.0,2026-05-08T05:19:42Z,PP952055.1,00_raw_data,
phage/PP952055.1/genome.fna,c1979bfa1171b2036e6dd3c4bcb5368f11427c213144d3bae8b4d4d51a22fade,45336,1.0,2026-05-08T05:19:42Z,PP952055.1,00_raw_data,
phage/PP952055.1/proteins.faa,a01c3bc6335802e5e195ef57b738567e84af16e996174c1d5655d934eb640844,17184,65.0,2026-05-08T05:19:42Z,PP952055.1,00_raw_data,
phage/PQ067315.1/cds.fna,e2f2a33e8472a3b7bd40436c4a2043b2416b502912ec7ee1518ae3eefe9c5ef6,12138,18.0,2026-05-08T05:19:42Z,PQ067315.1,00_raw_data,
phage/PQ067315.1/genome.fna,730b516dc8c076b0c4a19a0539e9d3a65e8c2c0ae3d7a2aba74b57b6e6a9ce4a,11165,1.0,2026-05-08T05:19:42Z,PQ067315.1,00_raw_data,
phage/PQ067315.1/proteins.faa,3efef3659ebe5910f0b69fc40f47642321e83c2a26b28cb4238f83087c6ddf02,4897,18.0,2026-05-08T05:19:42Z,PQ067315.1,00_raw_data,
phage/PQ072796.2/genome.fna,bcd74ba63de484fa60071118abafeacbab19ab14f742136a10d1d5e93549c07c,48900,1.0,2026-05-08T05:19:42Z,PQ072796.2,00_raw_data,
phage/PQ072796.2/proteins.faa,01ba4719c80b6fe911b091a7c05124b64eeece964e09c058ef8f9805daca546b,1,,2026-05-08T05:19:42Z,PQ072796.2,00_raw_data,
phage/PQ074228.1/cds.fna,05ed6f54616e2fea5af7da1a1f10bfe6f416e55863885908d1e745778a47d18c,56356,110.0,2026-05-08T05:19:42Z,PQ074228.1,00_raw_data,
phage/PQ074228.1/genome.fna,cf8f77f30a2c76f7a5992a5d0b39ff7769fca614389c2e839c04505d1a4ccde6,50605,1.0,2026-05-08T05:19:42Z,PQ074228.1,00_raw_data,
phage/PQ074228.1/proteins.faa,f4b1bef003666b4db22402a677c8a76edd67011b6f9db215cf4631c39cd67d2a,33294,110.0,2026-05-08T05:19:42Z,PQ074228.1,00_raw_data,
phage/PQ093899.1/cds.fna,e6c461350650868c97262fa13c14e78126f2aa1ffa93d6e9cb84cde52e649da7,41620,41.0,2026-05-08T05:19:42Z,PQ093899.1,00_raw_data,
phage/PQ093899.1/genome.fna,560624b94cff03c407dcbd3046d3056be23594d74e49d64ed297d994a8c95a1d,41747,1.0,2026-05-08T05:19:42Z,PQ093899.1,00_raw_data,
phage/PQ093899.1/proteins.faa,9f89263fbae0ad30697093faef8c410a96319f11497ea9f6cbcc2bd3662296de,15743,41.0,2026-05-08T05:19:42Z,PQ093899.1,00_raw_data,
phage/PQ111865.1/cds.fna,d250cc88ec5795382d33b158ee3007aa674ea5bd6ff46fbf2b2826b0bc21a57c,58601,75.0,2026-05-08T05:19:42Z,PQ111865.1,00_raw_data,
phage/PQ111865.1/genome.fna,1d501b3e8787e785178f1341ec95e4c8d26bca7b472b44b16f852cff35b9b8f9,58643,1.0,2026-05-08T05:19:42Z,PQ111865.1,00_raw_data,
phage/PQ111865.1/proteins.faa,bc00b2202dfaf197ab2fd978e0fd9f052964ff2d72208412e27ee49960a09ff2,23004,75.0,2026-05-08T05:19:42Z,PQ111865.1,00_raw_data,
phage/PQ305824.1/cds.fna,3e7b2487d290e35012dfe32e7f97bc4b4f672a3062aa8cd80fc08f33f6cc3491,50119,79.0,2026-05-08T05:19:42Z,PQ305824.1,00_raw_data,
phage/PQ305824.1/genome.fna,0d7d92986182026d330bd7c11ff4cb3c026b8fd89169ea7494512e5638175e4f,45969,1.0,2026-05-08T05:19:42Z,PQ305824.1,00_raw_data,
phage/PQ305824.1/proteins.faa,e59a7a3f07de83b59826f7ee32249186429ba3ef2f194d55d61d64cd19eb0e70,17494,79.0,2026-05-08T05:19:42Z,PQ305824.1,00_raw_data,
phage/PQ338056.1/cds.fna,278b80112290a0fee4ae98ca3b23e6ddf8811a9022eeb6fc6e3fc74020af3c68,47341,88.0,2026-05-08T05:19:42Z,PQ338056.1,00_raw_data,
phage/PQ338056.1/genome.fna,466b4807604a77c73aed38d46e6aecf0042ac9f814a13b8d425062a5e102ee38,45193,1.0,2026-05-08T05:19:42Z,PQ338056.1,00_raw_data,
phage/PQ338056.1/proteins.faa,05ce924b7f57e45314a8ee16bd808cb483c2c648cdf0bfdc2a292f0ee43bdf5f,28134,88.0,2026-05-08T05:19:42Z,PQ338056.1,00_raw_data,
phage/PQ358089.1/cds.fna,97e78622d8fae2df238a92c941895c07f966c9604be658ec1ee6a83951d772de,28814,45.0,2026-05-08T05:19:42Z,PQ358089.1,00_raw_data,
phage/PQ358089.1/genome.fna,1d822c1670f26266e72d54580ec32afa3baf12cb511eb427641dde0c723632ab,26229,1.0,2026-05-08T05:19:42Z,PQ358089.1,00_raw_data,
phage/PQ358089.1/proteins.faa,3a28ecef34b0fb6874d37eeb2c1ad41f685bc4883542ebaf527620cf284f1c86,12396,45.0,2026-05-08T05:19:42Z,PQ358089.1,00_raw_data,
phage/PQ434692.1/cds.fna,09755bc745f99a94e2a74fbecb185e13a742e9fe0598cc1bd9d20cce46044d4d,115468,171.0,2026-05-08T05:19:42Z,PQ434692.1,00_raw_data,
phage/PQ434692.1/genome.fna,ce369f81b4e4493af4e25bd06e6d83d6134657911f2248bd90c8a0152df757e0,110052,1.0,2026-05-08T05:19:42Z,PQ434692.1,00_raw_data,
phage/PQ434692.1/proteins.faa,9c4f6678650bf93cdf718858ed8d2b5341e0bd267d8d61eac9faafef14ec7796,43268,171.0,2026-05-08T05:19:42Z,PQ434692.1,00_raw_data,
phage/PQ434693.1/cds.fna,2bfbb828f3643cbeb43b36fd14f97ee8354dbf5aae723b0752133b5ba1c651b4,42241,50.0,2026-05-08T05:19:42Z,PQ434693.1,00_raw_data,
phage/PQ434693.1/genome.fna,e8210d5e393a91fa2f86d49994ad9a221a5cc21c459e96ca616b219bc66525ab,43427,1.0,2026-05-08T05:19:42Z,PQ434693.1,00_raw_data,
phage/PQ434693.1/proteins.faa,87a23eb921f61cb1772ec6ca365d4f2ecea739365401e7cbfe248661ff329698,19345,50.0,2026-05-08T05:19:42Z,PQ434693.1,00_raw_data,
phage/PQ476032.1/cds.fna,e942d405db20903e6ec0e5f69f7c354445f977fea8434c7d9ebd7dc40811e0e7,46092,58.0,2026-05-08T05:19:42Z,PQ476032.1,00_raw_data,
phage/PQ476032.1/genome.fna,de4f9a0bd4e6626da8f711569853c9d76f157e890448fdd033070bd9fa5879fe,45095,1.0,2026-05-08T05:19:42Z,PQ476032.1,00_raw_data,
phage/PQ476032.1/proteins.faa,8d08b48d720ae32110b8886f186a7de58fe6510a370e5a1c74c23caffef96449,18176,58.0,2026-05-08T05:19:42Z,PQ476032.1,00_raw_data,
phage/PQ492157.1/cds.fna,633183d18a2f5d7509476b0dd4b420e750b66cc2fcb4cd7cf829909da8a629ca,54512,107.0,2026-05-08T05:19:42Z,PQ492157.1,00_raw_data,
phage/PQ492157.1/genome.fna,6a3156f6ef049ed9da6da2708e4c7bc2cc1a741e7a75267a6ec7bf4a783da28c,50600,1.0,2026-05-08T05:19:42Z,PQ492157.1,00_raw_data,
phage/PQ492157.1/proteins.faa,5dbb59d4dac3976976c87be3d03df220ee39c6d62d72e30353858cc31f5a9f71,34489,107.0,2026-05-08T05:19:42Z,PQ492157.1,00_raw_data,
phage/PQ492158.1/cds.fna,990b1c7a46e4e0b293745f241e755e01820095370bbbb75b2ba6cc16e5694895,44665,51.0,2026-05-08T05:19:42Z,PQ492158.1,00_raw_data,
phage/PQ492158.1/genome.fna,4f50ff5ab4358d8998095958fd340073bb708108ea5a456e4353525827532ffd,43285,1.0,2026-05-08T05:19:42Z,PQ492158.1,00_raw_data,
phage/PQ492158.1/proteins.faa,99c93863f39dbfe2352e83cd1281d229539e73d4d204aebd9bcf3a90d7f7a397,18611,51.0,2026-05-08T05:19:42Z,PQ492158.1,00_raw_data,
phage/PQ492159.1/cds.fna,ec71a7a37f6ceaa8e46744edff027c99d57db6b59799ad3326af07611e3b68c2,43742,49.0,2026-05-08T05:19:42Z,PQ492159.1,00_raw_data,
phage/PQ492159.1/genome.fna,e13941e078eb829e88d903da180eb88faf19cae9ed42c62ff175cd945405c3ea,43285,1.0,2026-05-08T05:19:42Z,PQ492159.1,00_raw_data,
phage/PQ492159.1/proteins.faa,06e9ccbf82b38062d3c07d1127839cf74e981e6f95291360b294206d4bc657f3,19344,49.0,2026-05-08T05:19:42Z,PQ492159.1,00_raw_data,
phage/PQ492160.1/cds.fna,17329ffcf5771189ceb6f7af5de59c8a770fb3e734bb4035dd3fb9a35b429967,44806,51.0,2026-05-08T05:19:42Z,PQ492160.1,00_raw_data,
phage/PQ492160.1/genome.fna,661f9c8702a40dac268fa39e9d319bf04c9537b31397b199b652e5dd4aab46b0,43670,1.0,2026-05-08T05:19:42Z,PQ492160.1,00_raw_data,
phage/PQ492160.1/proteins.faa,adbcc0a67e0fdb6538f9c3348c12a4f84dc3dfc0c3be19757090152b006beeab,14235,51.0,2026-05-08T05:19:42Z,PQ492160.1,00_raw_data,
phage/PQ492161.1/cds.fna,f720ca862f8e8ca1b8827ac835cf0332040fd02ff8ec2b436df060a6f2acab54,44868,52.0,2026-05-08T05:19:42Z,PQ492161.1,00_raw_data,
phage/PQ492161.1/genome.fna,45b7d02d528594a4bc1c922d1d47ca53b00b5d4fc50117bd2c92ec8122e92abc,43662,1.0,2026-05-08T05:19:42Z,PQ492161.1,00_raw_data,
phage/PQ492161.1/proteins.faa,34c38090ba89508047da4335d13c04680dbfeb0ad0334ad696f5359fda819a24,17396,52.0,2026-05-08T05:19:42Z,PQ492161.1,00_raw_data,
phage/PQ492162.1/cds.fna,1d7a07df31884775da39a5b3011633ba2803cd86f3fc83151bcfa5c6b12b9ea1,43813,52.0,2026-05-08T05:19:42Z,PQ492162.1,00_raw_data,
phage/PQ492162.1/genome.fna,65f6bb02ee4d3e7c51f353626ca69057b70c5f27fd49648a29e16b6d2a83de8b,43750,1.0,2026-05-08T05:19:42Z,PQ492162.1,00_raw_data,
phage/PQ492162.1/proteins.faa,6326f5ab7f1dcab7ec8a282ae8f1d26d8bc150c4edc381ae9070a90decb7bb60,15912,52.0,2026-05-08T05:19:42Z,PQ492162.1,00_raw_data,
phage/PQ498454.1/cds.fna,0bfd1ec5721bcfb9d538d0fba1ebc743d20628108a50bd4eecc3dfd3eda17fb8,44842,52.0,2026-05-08T05:19:42Z,PQ498454.1,00_raw_data,
phage/PQ498454.1/genome.fna,ad40deb9c0d812c411aa4c349eafde4fbbdcebb386b1a9c4a8fe9f80fbdf533a,43742,1.0,2026-05-08T05:19:42Z,PQ498454.1,00_raw_data,
phage/PQ498454.1/proteins.faa,322466b64688e5f3493b378d6e797136a74b3e78cf742729c37789b1cd7b3868,13979,52.0,2026-05-08T05:19:42Z,PQ498454.1,00_raw_data,
phage/PQ498455.1/cds.fna,beb1f852a037314ffa78e7c7ccee910f3059962350fc38aeee049dd014141ccc,45190,54.0,2026-05-08T05:19:42Z,PQ498455.1,00_raw_data,
phage/PQ498455.1/genome.fna,3fe5d2b18751fdb1a8a6229f256db9cd62eb1a18808ac66e0efd0511eb094130,43748,1.0,2026-05-08T05:19:42Z,PQ498455.1,00_raw_data,
phage/PQ498455.1/proteins.faa,4d4df17103578dadbe812453981a997d09fb2de5b901df7dc9509db90ff4a6ed,13799,54.0,2026-05-08T05:19:42Z,PQ498455.1,00_raw_data,
phage/PQ498456.1/cds.fna,0a1426efce14c0cb9624de5afda12d0c27b0eac512ce92298ff25bcc32f1f612,44383,51.0,2026-05-08T05:19:42Z,PQ498456.1,00_raw_data,
phage/PQ498456.1/genome.fna,6a13ef01592aaf97c250141f9b461a8a4dee945f39b8557e3acdb5f58626583a,43755,1.0,2026-05-08T05:19:42Z,PQ498456.1,00_raw_data,
phage/PQ498456.1/proteins.faa,2d123eafbd58afcad32d28adc7fa93b6e867c0d9d6ae4097bbe9a9d1e9d97fd7,9246,51.0,2026-05-08T05:19:42Z,PQ498456.1,00_raw_data,
phage/PQ498457.1/cds.fna,402d6688a9a093fa97e6c97ad512b2fa02e7a27038b262d0eb9b670a4098a48f,40956,51.0,2026-05-08T05:19:42Z,PQ498457.1,00_raw_data,
phage/PQ498457.1/genome.fna,644565a233ad9cf5e15e7846af224692cda60b384639614134ce873d4d6fc1c8,43791,1.0,2026-05-08T05:19:42Z,PQ498457.1,00_raw_data,
phage/PQ498457.1/proteins.faa,55ce5d05ffb54d6eaf60dd8d288a56b03d57e963bffd8c9eb145e3b03269399b,13812,51.0,2026-05-08T05:19:42Z,PQ498457.1,00_raw_data,
phage/PQ498458.1/cds.fna,514228b6c5e75eddcb4f3815b1908399f3a19620db0c0c822b30b811f9a5456e,55431,107.0,2026-05-08T05:19:42Z,PQ498458.1,00_raw_data,
phage/PQ498458.1/genome.fna,2e20476bb1a8495d856f11238fa712a534014abb3c8c0f699fbfbcc1a987a41d,50605,1.0,2026-05-08T05:19:42Z,PQ498458.1,00_raw_data,
phage/PQ498458.1/proteins.faa,89704aecad30fd93f7538561cbf48c68dd21ec4fa47e558b5892a291f3c593b1,27012,107.0,2026-05-08T05:19:42Z,PQ498458.1,00_raw_data,
phage/PQ498459.1/cds.fna,f2c4ac8d70cf09eb1c6d7c498c4252b9ab67ac6aa705a61ad893efbd08c16bba,55707,109.0,2026-05-08T05:19:42Z,PQ498459.1,00_raw_data,
phage/PQ498459.1/genome.fna,7527f8f9dead1395aebf3fe18a5dfa4deb975f47713efa45315bcbb45162d4bc,50605,1.0,2026-05-08T05:19:42Z,PQ498459.1,00_raw_data,
phage/PQ498459.1/proteins.faa,01fbd346a16fee4afaf7318d917ef1624bdf209adcdd0254ede5f14cffa04be8,24934,109.0,2026-05-08T05:19:42Z,PQ498459.1,00_raw_data,
phage/PQ498460.1/cds.fna,6f5ef9fbc7b21ec2f9bd7ea0a74badecf7c312b69278c1898aabf3e04e78581a,43014,51.0,2026-05-08T05:19:42Z,PQ498460.1,00_raw_data,
phage/PQ498460.1/genome.fna,7d263572878a58e6225fb30e1c40c0af5fe8ce638d3fb3ea498e72e9b5e5213a,43670,1.0,2026-05-08T05:19:42Z,PQ498460.1,00_raw_data,
phage/PQ498460.1/proteins.faa,53a8742a49b21b1bce7c157a9c53590fa5e2087b0787a252d765872b61241e6d,14226,51.0,2026-05-08T05:19:42Z,PQ498460.1,00_raw_data,
phage/PQ498461.1/cds.fna,731b20d5723023f01648b7f65ea59ca09281959b0443d49e4cf7852811ab4ad6,56464,109.0,2026-05-08T05:19:42Z,PQ498461.1,00_raw_data,
phage/PQ498461.1/genome.fna,124530603ba45cf656ab9f49b9f8584fd706adc349145aca46ee7a930a6c1b86,50609,1.0,2026-05-08T05:19:42Z,PQ498461.1,00_raw_data,
phage/PQ498461.1/proteins.faa,83ea4b51261c821f5b04ebc83647511c1168ef2c20d18992b930ed8b4515db6f,26916,109.0,2026-05-08T05:19:42Z,PQ498461.1,00_raw_data,
phage/PQ498462.1/cds.fna,b73975cfc8045260873910acb5440bc8aaf64112f0af926b0a98c33f86d534a8,56650,109.0,2026-05-08T05:19:42Z,PQ498462.1,00_raw_data,
phage/PQ498462.1/genome.fna,6bd96852f19fbbcd08756e08ba4da971a1525d9509b5bde6fa058c66d7839e1a,50607,1.0,2026-05-08T05:19:42Z,PQ498462.1,00_raw_data,
phage/PQ498462.1/proteins.faa,4fa426549815ce354d63dc5fdd25f22e6b39564df1db9af29e799c23302c7c0a,34310,109.0,2026-05-08T05:19:42Z,PQ498462.1,00_raw_data,
phage/PQ569993.1/cds.fna,3db3be8d5742e6bc85ae54fab6d1e68845aabf57bce2f0b88bb30f294cdfff2f,97550,128.0,2026-05-08T05:19:42Z,PQ569993.1,00_raw_data,
phage/PQ569993.1/genome.fna,133453fda5ff3261a6bcca5202f5a64387dc4b85c5a2893eb4f1638530a77a0d,92845,1.0,2026-05-08T05:19:42Z,PQ569993.1,00_raw_data,
phage/PQ569993.1/proteins.faa,5c409cb1ea267906b57c6c61fb091fb0adb96a3587f1bce8a27db012e9d6d47d,44767,128.0,2026-05-08T05:19:42Z,PQ569993.1,00_raw_data,
phage/PQ571267.1/cds.fna,a46e7aaad32fe558d97359b6a9664c61e6ad9e166d5922888246457210a5b18a,48236,60.0,2026-05-08T05:19:42Z,PQ571267.1,00_raw_data,
phage/PQ571267.1/genome.fna,b010414f9629143ab5062c23a6ed78ac0799d6296f0d0929571272df0953180f,46180,1.0,2026-05-08T05:19:42Z,PQ571267.1,00_raw_data,
phage/PQ571267.1/proteins.faa,1a4650b9c865d46cb2776facc74c470bc557dab417c846e957404eda764e8640,24370,60.0,2026-05-08T05:19:42Z,PQ571267.1,00_raw_data,
phage/PQ571275.1/cds.fna,4f935c9b929c66d39f0bcf0ab0cd3377cff5b61f7c55296384c743b6fcb23102,59211,86.0,2026-05-08T05:19:42Z,PQ571275.1,00_raw_data,
phage/PQ571275.1/genome.fna,6f0c7256ba942e940506a24ff3632b5401b9fc44a6e2092d7e16c44a6ec50940,58432,1.0,2026-05-08T05:19:42Z,PQ571275.1,00_raw_data,
phage/PQ571275.1/proteins.faa,a4979d1f0f23a9ce3b4936f5400381b3eb4e268d0fbcf8b659619d12e3c56e06,22491,86.0,2026-05-08T05:19:42Z,PQ571275.1,00_raw_data,
phage/PQ571276.1/cds.fna,9dbb6ef4bc19efa223e021c1586b1bf74f793daabf737465d524e8aa2c028919,57738,65.0,2026-05-08T05:19:42Z,PQ571276.1,00_raw_data,
phage/PQ571276.1/genome.fna,ce925dfba35ff34faad96bde423026e56903541b4bd7354e1f9a114a921da64d,58386,1.0,2026-05-08T05:19:42Z,PQ571276.1,00_raw_data,
phage/PQ571276.1/proteins.faa,794187dd0c42f88da5a11ec49e614f2ee0a6408d8680cc17362334c41ac272e4,21765,65.0,2026-05-08T05:19:42Z,PQ571276.1,00_raw_data,
phage/PQ571287.1/cds.fna,1aa60579a6cb6f67d785bb4c1af984d5026a22ab91a819d37e64032e5d87334f,152427,195.0,2026-05-08T05:19:42Z,PQ571287.1,00_raw_data,
phage/PQ571287.1/genome.fna,93de666611bd017e840192c486775af932984ea9c4122184e0c7bb48dec5400b,154631,1.0,2026-05-08T05:19:42Z,PQ571287.1,00_raw_data,
phage/PQ571287.1/proteins.faa,babd2cea2e3445bea0e1ce03715c7ea6dc9df522b59ca58c814cfb6f21eac446,50745,195.0,2026-05-08T05:19:42Z,PQ571287.1,00_raw_data,
phage/PQ571292.1/cds.fna,5ab4276712b559a48c453b2d03d9cb3d0d5b2429ee8070fa8a0ddf86751537f2,40685,58.0,2026-05-08T05:19:42Z,PQ571292.1,00_raw_data,
phage/PQ571292.1/genome.fna,f7819691acf922c9aee4657512a3074de34e7557106cb497216e5ffb5a7614ff,38619,1.0,2026-05-08T05:19:42Z,PQ571292.1,00_raw_data,
phage/PQ571292.1/proteins.faa,8ebdc87625e90f04ff047402ebeb1bd434275fd66af01271bd9ac8175202ae47,15907,58.0,2026-05-08T05:19:42Z,PQ571292.1,00_raw_data,
phage/PQ571296.1/cds.fna,f6c566662f4c1ee63e3c505ed8deefb7f9f14e122322d9afdb9bf5791dd1e944,45593,59.0,2026-05-08T05:19:42Z,PQ571296.1,00_raw_data,
phage/PQ571296.1/genome.fna,16f5aab3097ad23b170e353fd32fbfbe948e0259e316a9a381792dc764081f50,44344,1.0,2026-05-08T05:19:42Z,PQ571296.1,00_raw_data,
phage/PQ571296.1/proteins.faa,30ff346b70ab4dea81b3424580823f34430c41e3f60eb907e04bc76f42bf9c2a,21399,59.0,2026-05-08T05:19:42Z,PQ571296.1,00_raw_data,
phage/PQ618007.1/cds.fna,d0764b134a8a48226ae0e6b6a3aece1ed349b94fbdf02825d27594803c8d6443,42408,94.0,2026-05-08T05:19:42Z,PQ618007.1,00_raw_data,
phage/PQ618007.1/genome.fna,a4fa9104fd7cd8d3b6d47750998761a47bea152fcb686619b67489bee377b3a6,37602,1.0,2026-05-08T05:19:42Z,PQ618007.1,00_raw_data,
phage/PQ618007.1/proteins.faa,94c610955b3f99070d5d4235030f0c602924a223c9206ee9d871195e9b7cbdb8,23371,94.0,2026-05-08T05:19:42Z,PQ618007.1,00_raw_data,
phage/PQ628237.3/cds.fna,d14c5ef6eeafa76f715fad0847e810c331707679330794924b049d1135e3c754,65422,86.0,2026-05-08T05:19:42Z,PQ628237.3,00_raw_data,
phage/PQ628237.3/genome.fna,43462f8e755e57dd591c617c8ee412eaf5bffe26b424db193d7812ed2293d9e2,62597,1.0,2026-05-08T05:19:42Z,PQ628237.3,00_raw_data,
phage/PQ628237.3/proteins.faa,52707fa3bc96eec56e5ba32de8631f1dbb633a23aa55f76050c2f150a67c5aef,21181,86.0,2026-05-08T05:19:42Z,PQ628237.3,00_raw_data,
phage/PQ632788.4/cds.fna,7713786c853661296478ce97daa60ca91c5b519676a24dd639a29e3cd1ff0c87,65623,85.0,2026-05-08T05:19:42Z,PQ632788.4,00_raw_data,
phage/PQ632788.4/genome.fna,3fc52b66ce34ff6c8a42e419d23fa3d3142c6065d6f84d226efa049c1f77a319,62553,1.0,2026-05-08T05:19:42Z,PQ632788.4,00_raw_data,
phage/PQ632788.4/proteins.faa,7d264c7c94a70224e7c004dfe381e0040be6a1ea06ac16f125fe87f428889fea,24840,85.0,2026-05-08T05:19:42Z,PQ632788.4,00_raw_data,
phage/PQ634339.1/cds.fna,7f1fd5ecdd4d3722c178d4f217365e27aa9e467e04d7d7cfac36634ec6e102f7,41850,92.0,2026-05-08T05:19:42Z,PQ634339.1,00_raw_data,
phage/PQ634339.1/genome.fna,2214ea71faa6a4178196cdb51c9520af45be39dee9586fd512146dd289837459,37915,1.0,2026-05-08T05:19:42Z,PQ634339.1,00_raw_data,
phage/PQ634339.1/proteins.faa,d046316ce4cbb229e183b81216a844c279f168b331e253ab4a4cb3d19912bad0,20362,92.0,2026-05-08T05:19:42Z,PQ634339.1,00_raw_data,
phage/PQ758588.1/cds.fna,5d8fe57316b7b08fac615db346cec102a9d245e75d12da7aa807b357ceaa672b,49952,70.0,2026-05-08T05:19:42Z,PQ758588.1,00_raw_data,
phage/PQ758588.1/genome.fna,14122ab973d8ae402f6c84145204e2752d3b3658d12fa286df9aedaeae553750,49563,1.0,2026-05-08T05:19:42Z,PQ758588.1,00_raw_data,
phage/PQ758588.1/proteins.faa,0f5ef50a119755f1945d66814b9c2e9771f41227b5aeec2d237563219b7aea28,17384,70.0,2026-05-08T05:19:42Z,PQ758588.1,00_raw_data,
phage/PQ805431.1/cds.fna,6e86b7bc0fc44ccc9ad2bd69046edd666b11325358a186325bc49d9078b6c4df,50259,76.0,2026-05-08T05:19:42Z,PQ805431.1,00_raw_data,
phage/PQ805431.1/genome.fna,33ec4bff6ae2f144aef17da2ba8c27dcc398c04e573898194dcf6653433f837a,46074,1.0,2026-05-08T05:19:42Z,PQ805431.1,00_raw_data,
phage/PQ805431.1/proteins.faa,dfedb0843ed26af456027f3c131a14eb626120e55bda41adf2271f0ace8119f9,17452,76.0,2026-05-08T05:19:42Z,PQ805431.1,00_raw_data,
phage/PQ821741.1/cds.fna,cf8f80c39cc52d8edc1228055fa6cb6b0aa28e4f7d2d38d893398ea09ba3f38a,38238,42.0,2026-05-08T05:19:42Z,PQ821741.1,00_raw_data,
phage/PQ821741.1/genome.fna,cea136cefa77eb6ab634ecc82708d11bfb828fdc8f6a5e1569f852f7cfa16bee,41502,1.0,2026-05-08T05:19:42Z,PQ821741.1,00_raw_data,
phage/PQ821741.1/proteins.faa,5827b462000f5d85947021a38f114fca6533b45530aa7df6c5eddbec3eeeee4f,7875,42.0,2026-05-08T05:19:42Z,PQ821741.1,00_raw_data,
phage/PQ821891.1/cds.fna,36547d6e60186d8eb05a33b0c0be4c659063749fb73a55c988eeb2539e968dea,46938,66.0,2026-05-08T05:19:42Z,PQ821891.1,00_raw_data,
phage/PQ821891.1/genome.fna,9a1257ed3b6df2f475e9bcf82faef880d34b339915d3932c7e851b7f5c90eb39,44076,1.0,2026-05-08T05:19:42Z,PQ821891.1,00_raw_data,
phage/PQ821891.1/proteins.faa,cbb2dae059dee34c1453f6c3302a5c1c7fc2740bd83ff24070e8eba28272c3f2,15816,66.0,2026-05-08T05:19:42Z,PQ821891.1,00_raw_data,
phage/PQ826431.1/genome.fna,1480bc0b700d74a6e85ea4b2e75bd7719db3b10fdc0f8456976a1afbb055ad11,153337,1.0,2026-05-08T05:19:42Z,PQ826431.1,00_raw_data,
phage/PQ826431.1/proteins.faa,01ba4719c80b6fe911b091a7c05124b64eeece964e09c058ef8f9805daca546b,1,,2026-05-08T05:19:42Z,PQ826431.1,00_raw_data,
phage/PQ890122.1/cds.fna,1e4b4d2666dffd1581a363e9b8a5360de171bd4af9a014d7d3a94c038e981f2f,120314,208.0,2026-05-08T05:19:42Z,PQ890122.1,00_raw_data,
phage/PQ890122.1/genome.fna,ee2d477eafe4358d41e6dca9efcb6570544e370dcce3ce38f23e031863bd3eb1,113164,1.0,2026-05-08T05:19:42Z,PQ890122.1,00_raw_data,
phage/PQ890122.1/proteins.faa,e95ca2f983021aca93d5173aeb3743cf55bae56a7540583d3b7b30e74ac9bf6b,49312,231.0,2026-05-08T05:19:42Z,PQ890122.1,00_raw_data,
phage/PV012638.1/cds.fna,b5b211395a92e3409017979e50b8fa9fee7d4f4872dcfebc933b5b2de5411055,45020,55.0,2026-05-08T05:19:42Z,PV012638.1,00_raw_data,
phage/PV012638.1/genome.fna,681510ed431ffa8442e051843e76abd4d34fcbe0dc4802f7d7c1f128a7f7f24c,44579,1.0,2026-05-08T05:19:42Z,PV012638.1,00_raw_data,
phage/PV012638.1/proteins.faa,f2be90ba3fd3279cdc32c814f1ccfe7c8b0e1312f7a000323a82ae990e7f1482,14548,55.0,2026-05-08T05:19:42Z,PV012638.1,00_raw_data,
phage/PV037644.1/cds.fna,d30e772553eddda42acc10669963b9347d705937194f9be9691622c5592f58bc,46158,81.0,2026-05-08T05:19:42Z,PV037644.1,00_raw_data,
phage/PV037644.1/genome.fna,c326b9c83589e4872a1fe4014de93f451471b9990a1a219736827cf383cb7df1,47802,1.0,2026-05-08T05:19:42Z,PV037644.1,00_raw_data,
phage/PV037644.1/proteins.faa,e164437ea37bf0f8fe50cc67f642ca6dfc70c49ff28baefc82842fa46bcd8d4a,27347,81.0,2026-05-08T05:19:42Z,PV037644.1,00_raw_data,
phage/PV037726.1/cds.fna,c37b21e58d6c271c20cfbf006a03a36380ffe78a7ad40a1abb0ab29614dd04b2,48452,74.0,2026-05-08T05:19:42Z,PV037726.1,00_raw_data,
phage/PV037726.1/genome.fna,662f02a1773025015abc5369f620f929f9f6d45d15674b6f54304726f379eddf,44498,1.0,2026-05-08T05:19:42Z,PV037726.1,00_raw_data,
phage/PV037726.1/proteins.faa,e530ae0d8803ee18276092fe91c368758dfddb4752b2fccbe9b13c8a4ca34c41,21200,74.0,2026-05-08T05:19:42Z,PV037726.1,00_raw_data,
phage/PV130723.1/cds.fna,50c7d5de151ae835d42fbb46a3618ad89a7b84d170cdec2d3af82313abfb6531,180181,296.0,2026-05-08T05:19:42Z,PV130723.1,00_raw_data,
phage/PV130723.1/genome.fna,be6f23fd49763872202af1a05b6cd2d8efca29298f8c173b0822dbd76636e808,163488,1.0,2026-05-08T05:19:42Z,PV130723.1,00_raw_data,
phage/PV130723.1/proteins.faa,3720427dc9aa91322b8bc9f381c21bdeb348d58b6be4ca4e65e4e8d316e3056c,68531,273.0,2026-05-08T05:19:42Z,PV130723.1,00_raw_data,
phage/PV130724.1/cds.fna,3fbddbc566c2abe6428407630645eedd36043a1f1284050d3cfde90b998e4c7c,178462,290.0,2026-05-08T05:19:42Z,PV130724.1,00_raw_data,
phage/PV130724.1/genome.fna,3e951c9ca2ecf7a9167f9b8f9fcda5abc21ae73c21ac1bd172557159be0e516e,161914,1.0,2026-05-08T05:19:42Z,PV130724.1,00_raw_data,
phage/PV130724.1/proteins.faa,46a43535aceb42e1d721cc852a0f02f81e45631bc10013e3b8d099bdc7787288,69236,290.0,2026-05-08T05:19:42Z,PV130724.1,00_raw_data,
phage/PV130725.1/cds.fna,7a9b236fcdc85154aeab892e8e0b484d35b569ace00fe5677a0d0e06f0135154,69569,110.0,2026-05-08T05:19:42Z,PV130725.1,00_raw_data,
phage/PV130725.1/genome.fna,99b05cf12ef1f81fd746fdf456b947dbfc179f5fe6562036c63a834a8094a468,62784,1.0,2026-05-08T05:19:42Z,PV130725.1,00_raw_data,
phage/PV130725.1/proteins.faa,24beae51fa4044438b94d971a0de2821a5a9052d128e4b38fdb0b657d129148b,32571,110.0,2026-05-08T05:19:42Z,PV130725.1,00_raw_data,
phage/PV130726.1/cds.fna,d115288ff13a54880b778e58a5d373294e7e1c4667017a1cf9a0627ee9e3f836,70152,111.0,2026-05-08T05:19:42Z,PV130726.1,00_raw_data,
phage/PV130726.1/genome.fna,c284f25050380bea56501cd9c50265a4d31bcfe06670431af4159c3ddbe8f3f4,63120,1.0,2026-05-08T05:19:42Z,PV130726.1,00_raw_data,
phage/PV130726.1/proteins.faa,775e7374b708c371162433e91b5726670ca1c6b8e86e8dbf8950364a4ecec729,36992,111.0,2026-05-08T05:19:42Z,PV130726.1,00_raw_data,
phage/PV156121.1/cds.fna,3caba8d44bb8d6f16c0e809639f5c692200c106968e74283c3c5a12e22af0e89,66693,82.0,2026-05-08T05:19:42Z,PV156121.1,00_raw_data,
phage/PV156121.1/genome.fna,d5b3afa0ac16ba3e0b025ac93f8a764be7dbe046e63742a80054c0f913ec6819,64948,1.0,2026-05-08T05:19:42Z,PV156121.1,00_raw_data,
phage/PV156121.1/proteins.faa,375ca9ef701197b5b1ab81da0e5d42f3429e626fc5185759ec74b5c1b096df4b,24633,82.0,2026-05-08T05:19:42Z,PV156121.1,00_raw_data,
phage/PV224507.1/cds.fna,922616cb09b79b0e6b753a88933a0c1e567c1718be8b662521afb97be8b2c545,46052,57.0,2026-05-08T05:19:42Z,PV224507.1,00_raw_data,
phage/PV224507.1/genome.fna,31c76d1af6006fff56689ea9c151947cae09f7e8fe0a830dd0883c38a3d6f445,43735,1.0,2026-05-08T05:19:42Z,PV224507.1,00_raw_data,
phage/PV224507.1/proteins.faa,98d9ead45874d293d4169e880361cf3a7ec1ee160f35b967a1c36a1d1c7fa5b4,16337,57.0,2026-05-08T05:19:42Z,PV224507.1,00_raw_data,
phage/PV231355.1/cds.fna,319c5adaa47079563352a332be084a29399f452688fd1fac47ae9c9f2539a2e4,233106,345.0,2026-05-08T05:19:42Z,PV231355.1,00_raw_data,
phage/PV231355.1/genome.fna,8316edef4b8e5b2891abc31f3aaa77fe19569f6f091f326a3c5e085e67758ff2,226252,1.0,2026-05-08T05:19:42Z,PV231355.1,00_raw_data,
phage/PV231355.1/proteins.faa,49016732ba014b9bc90bf86058f8cc63d392564455805f9608bed7810fd88fc1,88538,345.0,2026-05-08T05:19:42Z,PV231355.1,00_raw_data,
phage/PV261948.1/cds.fna,f51bb70e902291452e39b2fef06039e2535962771bcdc5a484a227e48476c950,160928,266.0,2026-05-08T05:19:42Z,PV261948.1,00_raw_data,
phage/PV261948.1/genome.fna,b43377ab168bc040d3322b572904e73d37df3e903467ae82ebcc3be43766ffc6,149561,1.0,2026-05-08T05:19:42Z,PV261948.1,00_raw_data,
phage/PV261948.1/proteins.faa,18232f4a8c77bc9be9e7db753dcb3cc6428d2ffd9b65ca992f93bd24633b8636,66102,266.0,2026-05-08T05:19:42Z,PV261948.1,00_raw_data,
phage/PV296012.1/cds.fna,dcddf5a8318ffe07da4b70974a12729387df3ed46991ed17818e5016392f1f7a,165181,236.0,2026-05-08T05:19:42Z,PV296012.1,00_raw_data,
phage/PV296012.1/genome.fna,77957c12ec83956b1a5565362c56e6666e9807fe86d629f6541db20aa4d8fd2e,159403,1.0,2026-05-08T05:19:42Z,PV296012.1,00_raw_data,
phage/PV296012.1/proteins.faa,6d7561f99ca2306ebff7c9c79f658391a4f197b5625efc049d652d16aa7f0557,69668,255.0,2026-05-08T05:19:42Z,PV296012.1,00_raw_data,
phage/PV408261.1/cds.fna,a19264d35d2da12c1788b58824c56c327104b9edb1317727572d66fe5e6c0785,48410,68.0,2026-05-08T05:19:42Z,PV408261.1,00_raw_data,
phage/PV408261.1/genome.fna,bcc10e3fe0629f7a1823d694ddeae8e5fca800f622da5f6d2c9fe9081b7c973a,46824,1.0,2026-05-08T05:19:42Z,PV408261.1,00_raw_data,
phage/PV408261.1/proteins.faa,75a5a23a50b6816e953360498f5362e3e364e98af6c1eacf2874a83bbb03a042,18935,68.0,2026-05-08T05:19:42Z,PV408261.1,00_raw_data,
phage/PV426909.1/cds.fna,080c15d81e199914b7cdd57175ff1c632878e8b63a1ab488bfc39f4dc7e3a7b6,150905,232.0,2026-05-08T05:19:42Z,PV426909.1,00_raw_data,
phage/PV426909.1/genome.fna,e0dc02530da336467aba4a7e52bfcd4490f6317bc2d467f6a82bfde2ab2c1373,142411,1.0,2026-05-08T05:19:42Z,PV426909.1,00_raw_data,
phage/PV426909.1/proteins.faa,144b0f27914033d1184eab53af5e70aaccac4dbd1cb95f130e3ea83b0f089d3a,68898,232.0,2026-05-08T05:19:42Z,PV426909.1,00_raw_data,
phage/PV426910.1/cds.fna,7e4a526c933b2c705d38a8a00494a147c12e526a68b9023dad17408f2dc2d6bf,151145,233.0,2026-05-08T05:19:42Z,PV426910.1,00_raw_data,
phage/PV426910.1/genome.fna,aacf30ad4eea5076746eb807ce7d78b2419cea73616e0bb25352244f9b85437a,144084,1.0,2026-05-08T05:19:42Z,PV426910.1,00_raw_data,
phage/PV426910.1/proteins.faa,5d1ea8f109ac9767d37362bb6030032b65e67f760fbd089afc6ee1ff8bd611b5,54436,233.0,2026-05-08T05:19:42Z,PV426910.1,00_raw_data,
phage/PV449003.1/cds.fna,b8eaa41fc68e13bec87f8f241e2ec6b56477494dc9c3544de0ff33eb6ea6ad5e,161110,232.0,2026-05-08T05:19:42Z,PV449003.1,00_raw_data,
phage/PV449003.1/genome.fna,4c56255d88aa457021ab792c1e0b771758d9195ad5cd99b3a4842eec318c27c4,159725,1.0,2026-05-08T05:19:42Z,PV449003.1,00_raw_data,
phage/PV449003.1/proteins.faa,bcd5a54d54afbc3162c52b86c0c695b263efdbf2f43996ff747fb6c25d23165f,71881,232.0,2026-05-08T05:19:42Z,PV449003.1,00_raw_data,
phage/PV504775.1/cds.fna,31fa5900621f561383d3a146600e049fcf3fdb6297eada399d66174f01ee0924,49557,84.0,2026-05-08T05:19:42Z,PV504775.1,00_raw_data,
phage/PV504775.1/genome.fna,1d8aadbb2e034d1f461759b7248e30dbe7fba46b6379fb091ce46fef20c24507,44254,1.0,2026-05-08T05:19:42Z,PV504775.1,00_raw_data,
phage/PV504775.1/proteins.faa,cebab44bf9671a371f7b0117875b33a0a0254e500bf8c6b8a5bf865121dae2fa,16983,84.0,2026-05-08T05:19:42Z,PV504775.1,00_raw_data,
phage/PV504776.1/cds.fna,dac9d23481bfdfedc734883a68487bece504d942e5f498207fb2c7b3dfa7c6b3,52081,85.0,2026-05-08T05:19:42Z,PV504776.1,00_raw_data,
phage/PV504776.1/genome.fna,bbd6eedfbe7760cdb0a4e42450af10252821e0f32690320601dd31bc6a4c8ee4,46596,1.0,2026-05-08T05:19:42Z,PV504776.1,00_raw_data,
phage/PV504776.1/proteins.faa,62286ff896e653d0097061cb580d931aa55eea04ef171468a0768f4e58456b43,21992,85.0,2026-05-08T05:19:42Z,PV504776.1,00_raw_data,
phage/PV506377.1/cds.fna,0913cdfbc5863f22d3238c92f74af9c76604dc6298642a3ca17b568e2a6d1774,49573,71.0,2026-05-08T05:19:42Z,PV506377.1,00_raw_data,
phage/PV506377.1/genome.fna,88b3fc43df9d255640ee8a5696b07080a55f615e5e9568298dc4cb17b6cfc3ba,47332,1.0,2026-05-08T05:19:42Z,PV506377.1,00_raw_data,
phage/PV506377.1/proteins.faa,8035e84b4972384892bb34061b9af48596210cd3a08c568ba07b4f75be001faf,20325,71.0,2026-05-08T05:19:42Z,PV506377.1,00_raw_data,
phage/PV506378.1/cds.fna,ed5bf26c0ae9b0d23a4442315c2708a6a1983c77998cfd500f6ecfe2e9ef8afc,42095,49.0,2026-05-08T05:19:42Z,PV506378.1,00_raw_data,
phage/PV506378.1/genome.fna,4eec33e80037bb1cfd260999d4454b924542119700d1304d67550f79700e5737,41619,1.0,2026-05-08T05:19:42Z,PV506378.1,00_raw_data,
phage/PV506378.1/proteins.faa,90c6e4283fe6721be6481d964ef1af003ac46bc6cb56585aeb1494998184fc13,30950,49.0,2026-05-08T05:19:42Z,PV506378.1,00_raw_data,
phage/PV695472.1/cds.fna,89415165ff07865a40f352a28ced27ed862c2967b3a0258553ea5d019abb15be,44344,60.0,2026-05-08T05:19:42Z,PV695472.1,00_raw_data,
phage/PV695472.1/genome.fna,afdc627eb164fc62b0c8dbc9d5364d12af0a6ae73b413cd8cf621e3bbef3e9d5,41872,1.0,2026-05-08T05:19:42Z,PV695472.1,00_raw_data,
phage/PV695472.1/proteins.faa,4e089ee40f19caa346a2b1704d585fa2eeb05b7fb33fe8981f96fea8062acd60,18162,60.0,2026-05-08T05:19:42Z,PV695472.1,00_raw_data,
phage/PV695473.1/cds.fna,3d5cc9df9c50a3776d6f87c643d08e00ab95fcdc2f75d88362eb45502a70fa30,44344,60.0,2026-05-08T05:19:42Z,PV695473.1,00_raw_data,
phage/PV695473.1/genome.fna,e67732fe753f550597ffa19d24ed5e4416f0c3e6123cf302d7a77a9de5102a87,41872,1.0,2026-05-08T05:19:42Z,PV695473.1,00_raw_data,
phage/PV695473.1/proteins.faa,da77edb29f17f37e0273a050b68d1c796764f1b4131ee627352d9e3f9f0ae49c,13643,60.0,2026-05-08T05:19:42Z,PV695473.1,00_raw_data,
phage/PV702347.1/cds.fna,bee26170e7a1b9e7e4084dbedc4320597b0913064471de08b967357812922ed2,51023,74.0,2026-05-08T05:19:42Z,PV702347.1,00_raw_data,
phage/PV702347.1/genome.fna,2caa3a1937bf0480b3a604f747d03627ee19751e249813fe244ef076628d0dca,47960,1.0,2026-05-08T05:19:42Z,PV702347.1,00_raw_data,
phage/PV702347.1/proteins.faa,2633aa55e103924f50f7723b98cb696d75dc6ad677eea60cd49c7aa76455dac9,19056,74.0,2026-05-08T05:19:42Z,PV702347.1,00_raw_data,
phage/PV714881.1/cds.fna,7bd935ed44b29760f4c12acca531fd07d9d9638d1ad37754ab9ab7658244f635,43778,54.0,2026-05-08T05:19:42Z,PV714881.1,00_raw_data,
phage/PV714881.1/genome.fna,0d91a6203555d969cd33e2c03e8eb8f69363923d69f19f9d1a35f70a1c77597c,43594,1.0,2026-05-08T05:19:42Z,PV714881.1,00_raw_data,
phage/PV714881.1/proteins.faa,2748724a362577f6b42605d1242d9b03e30853bd90cb8a894dc6232c84dbecbc,11447,54.0,2026-05-08T05:19:42Z,PV714881.1,00_raw_data,
phage/PV754127.1/cds.fna,e8b77da54d4a68272d11ad60e98fc147dcf946938d95abe6e31477d5a8248e8b,50918,71.0,2026-05-08T05:19:42Z,PV754127.1,00_raw_data,
phage/PV754127.1/genome.fna,2692669dffb07018e35d2b4b819301cd1470612ce023bff34b14403f7fc4f0dd,47610,1.0,2026-05-08T05:19:42Z,PV754127.1,00_raw_data,
phage/PV754127.1/proteins.faa,c499369cbb7c6e722fd832f42d9407eb3eb9860a5135ecedc8673ca4bf662fe9,21062,71.0,2026-05-08T05:19:42Z,PV754127.1,00_raw_data,
phage/PV764598.1/cds.fna,e36e3290febe29908eeba22e6ff9b00484e0516ed768aff189370cef415619bf,52029,75.0,2026-05-08T05:19:42Z,PV764598.1,00_raw_data,
phage/PV764598.1/genome.fna,81bd631ff88efca1fc93f87a4d29560908473c11e0eac77b9cf4cee2faf214e9,48458,1.0,2026-05-08T05:19:42Z,PV764598.1,00_raw_data,
phage/PV764598.1/proteins.faa,9b9a7485c6d277b360a536b8f3b69e553f97e1870a4cb252b31d71c1c8bc0800,20655,75.0,2026-05-08T05:19:42Z,PV764598.1,00_raw_data,
phage/PV764599.1/cds.fna,257ebcf8d1076d2709efa776cb8b16e9010c422159cb3d95a595e7be90e6159f,50193,71.0,2026-05-08T05:19:42Z,PV764599.1,00_raw_data,
phage/PV764599.1/genome.fna,3d9af424ce320b2d6d3df30e5baad2a9488d3839678d78a4bdb58d95fe335998,47511,1.0,2026-05-08T05:19:42Z,PV764599.1,00_raw_data,
phage/PV764599.1/proteins.faa,75dc4028b43314870bd7e6887dbcd91636c427859bb2faae820ddb9991e89bf8,20443,71.0,2026-05-08T05:19:42Z,PV764599.1,00_raw_data,
phage/PV764600.1/cds.fna,238d23f7fcea6eaaf46b7d6c54b1db9411ee78787b64696f4e56984de4d4f45d,51721,72.0,2026-05-08T05:19:42Z,PV764600.1,00_raw_data,
phage/PV764600.1/genome.fna,ec04553dc4cb6f88b2f0b047c9cd93107f10cdbca3649ca263d7b4cf771e97a2,48562,1.0,2026-05-08T05:19:42Z,PV764600.1,00_raw_data,
phage/PV764600.1/proteins.faa,cffe437069c0bf059096da92eca62090e3de0e94b6c7121dfa2bd264ff1ce260,27000,72.0,2026-05-08T05:19:42Z,PV764600.1,00_raw_data,
phage/PV764601.1/cds.fna,507d3776cf40d370a5a3139df3bb871d7a086e2c550df14247e0b70ef292080a,251299,329.0,2026-05-08T05:19:42Z,PV764601.1,00_raw_data,
phage/PV764601.1/genome.fna,46d031daab4139f0e0268cfce9cb37dc132ba672eef3cd0db3e6c23b6b6ba6ba,230958,1.0,2026-05-08T05:19:42Z,PV764601.1,00_raw_data,
phage/PV764601.1/proteins.faa,e84d74b58eb6cf0fdc12c74e5759f3d24e817315954e2c4f024b36f89fad13ab,95335,329.0,2026-05-08T05:19:42Z,PV764601.1,00_raw_data,
phage/PV764602.1/cds.fna,b7d880b17d26b013a9ef7e8058e43dd535a9278b37470c9c33a6282d312d2d29,252575,327.0,2026-05-08T05:19:42Z,PV764602.1,00_raw_data,
phage/PV764602.1/genome.fna,e13e677a1fb70444038a573aefb942d79f6677a4ac7104c6bc2af470e34cefa5,232050,1.0,2026-05-08T05:19:42Z,PV764602.1,00_raw_data,
phage/PV764602.1/proteins.faa,85b0a9d03e1ed82d0f6537b94ba7c66b80e49b0215d5fbe7fac0a5d7036c8881,99935,327.0,2026-05-08T05:19:42Z,PV764602.1,00_raw_data,
phage/PV764603.1/cds.fna,7535800bf9baa16c2dffcafb2e4509f25fb4188ff5a1addbd5d22a125a9c9f62,252943,329.0,2026-05-08T05:19:42Z,PV764603.1,00_raw_data,
phage/PV764603.1/genome.fna,26e69753a4c385e6ea4bc182e567780f83d95c21f174e2aed3cf063270046500,232485,1.0,2026-05-08T05:19:42Z,PV764603.1,00_raw_data,
phage/PV764603.1/proteins.faa,66e415699eaf4c3a0d7ee3df2f714da0028ec83eeb685af15a3bcfa87daa59fe,102739,329.0,2026-05-08T05:19:42Z,PV764603.1,00_raw_data,
phage/PV796108.1/cds.fna,86bea02dc04c26b0a3bac8f8cf8567c5aaece0288c70f9097adb3a994984d5cc,245862,308.0,2026-05-08T05:19:42Z,PV796108.1,00_raw_data,
phage/PV796108.1/genome.fna,22017b01fa69d47b0f1b95eb79c3e2f86bf63ffd39ee45c53bc4dade59dfd6cd,237204,1.0,2026-05-08T05:19:42Z,PV796108.1,00_raw_data,
phage/PV796108.1/proteins.faa,66b734586232adade58b531639cbe7fce689ffa120324e0d739afaa9ee79daf0,87625,308.0,2026-05-08T05:19:42Z,PV796108.1,00_raw_data,
phage/PV844446.1/cds.fna,030757974c848bc650d43813766cd899a99e26d060b30ec9caaea025409e0a34,52210,86.0,2026-05-08T05:19:42Z,PV844446.1,00_raw_data,
phage/PV844446.1/genome.fna,5a12b5004cc1a475957772d7edeca4e03cee1c1613d887063288933d3227de1f,46612,1.0,2026-05-08T05:19:42Z,PV844446.1,00_raw_data,
phage/PV844446.1/proteins.faa,7b6d501791440bbffc4c58398431ad3c5aba1771df3a87a0ffddc736ff7e1393,31094,86.0,2026-05-08T05:19:42Z,PV844446.1,00_raw_data,
phage/PV915868.1/cds.fna,a16993ad0ee5b6c1ec1fb9a82ae6a94cb140f86c792d8d55717eb97a6c3ac89d,55788,90.0,2026-05-08T05:19:42Z,PV915868.1,00_raw_data,
phage/PV915868.1/genome.fna,2af7e05da00c56cc7cad3ca44ff8c44326ed9dad0d88ede2c47643ff3d42f8bd,51609,1.0,2026-05-08T05:19:42Z,PV915868.1,00_raw_data,
phage/PV915868.1/proteins.faa,b4c6d8bf5945ee8bcb1277e24e284df0cf52a8c0228a07c9c13001458a9521d8,32816,93.0,2026-05-08T05:19:42Z,PV915868.1,00_raw_data,
phage/PV915871.1/cds.fna,839f7f7ccf15929c27161e5e402e76cec265188646c65a5f6ea886d7560d0ce6,65875,98.0,2026-05-08T05:19:42Z,PV915871.1,00_raw_data,
phage/PV915871.1/genome.fna,0d8b332973298afd2a079ea94812167506560b35fb867cc574c3f6084616e92e,62033,1.0,2026-05-08T05:19:42Z,PV915871.1,00_raw_data,
phage/PV915871.1/proteins.faa,874fd425510ad1402beef5522b49ac289a9e7482f1add9944ce9bd117a82eb0a,25690,98.0,2026-05-08T05:19:42Z,PV915871.1,00_raw_data,
phage/PV915872.1/cds.fna,6c7bba25e7761d49e4b2e29d9702ff6cdc2814f9c7ac6e47cac789d00a40f2a8,73289,93.0,2026-05-08T05:19:42Z,PV915872.1,00_raw_data,
phage/PV915872.1/genome.fna,75ee385b9c3d73d2777c447db49e0b3707bb1ece7af87b158d1d3f269ea59a86,68406,1.0,2026-05-08T05:19:42Z,PV915872.1,00_raw_data,
phage/PV915872.1/proteins.faa,24e15da3da86160b8444a9c6b13830c50b1d8737cd1d0690544fcf172b3b1d38,27368,93.0,2026-05-08T05:19:42Z,PV915872.1,00_raw_data,
phage/PV915874.1/cds.fna,f7073afb1059fd0c6af690c4263df5c1a0c5dfc3e0855b73f26a476c8423f0e7,47050,66.0,2026-05-08T05:19:42Z,PV915874.1,00_raw_data,
phage/PV915874.1/genome.fna,356c11a712620a4baca8b0b1707955968a01bc231850dba11519aca4b9f33a2e,42663,1.0,2026-05-08T05:19:42Z,PV915874.1,00_raw_data,
phage/PV915874.1/proteins.faa,23d37dcd5de3b483f6939bace45b95656ab87d6d8e534411fdc8377bf37872e1,23829,66.0,2026-05-08T05:19:42Z,PV915874.1,00_raw_data,
phage/PV915877.1/cds.fna,b809017c98f2d7658ea9ee5a36db801ac5072f818f9f0ebbef304911c35e3337,63982,96.0,2026-05-08T05:19:42Z,PV915877.1,00_raw_data,
phage/PV915877.1/genome.fna,559973ad87fca3934d147f0d61c72e129e386b18d30f2a50da815cb4eb8522cf,59253,1.0,2026-05-08T05:19:42Z,PV915877.1,00_raw_data,
phage/PV915877.1/proteins.faa,93a41a6b31113c217dd20d6efbda21ccccb74263201642462ac953cbb9693f9a,33800,97.0,2026-05-08T05:19:42Z,PV915877.1,00_raw_data,
phage/PV915878.1/cds.fna,dcf7f6dedc7fc67e54275238e637c280a2ee08c3900894b5cf0bbadab0be90c3,66471,94.0,2026-05-08T05:19:42Z,PV915878.1,00_raw_data,
phage/PV915878.1/genome.fna,5a86368e26943a139da1789f1578b83eb35b4f6add263ea3794e6b61035ab069,62454,1.0,2026-05-08T05:19:42Z,PV915878.1,00_raw_data,
phage/PV915878.1/proteins.faa,69b20b98c20c3f10a7525a57567501b29e9bb34e1c01611332f6604490bc8cf2,25480,94.0,2026-05-08T05:19:42Z,PV915878.1,00_raw_data,
phage/PV915887.1/cds.fna,f0a7d9f12f16b4dbd0bd0e238f618614aa638dbe1269aadd8cfa386211c0c6f4,79747,136.0,2026-05-08T05:19:42Z,PV915887.1,00_raw_data,
phage/PV915887.1/genome.fna,92ddc49562fea3f97511bb2f9a6114a087e6f1675ca0b4ca3edceead92947ef0,72544,1.0,2026-05-08T05:19:42Z,PV915887.1,00_raw_data,
phage/PV915887.1/proteins.faa,ebef792a10952eb9264932e102a7c5db62f29f7c87d5f50e08fb3258a60d0651,34953,138.0,2026-05-08T05:19:42Z,PV915887.1,00_raw_data,
phage/PV915889.1/cds.fna,8ae84153d37f37f721cee3f5ea50eef900fb37f380ee88a1319d922587347d68,56102,86.0,2026-05-08T05:19:42Z,PV915889.1,00_raw_data,
phage/PV915889.1/genome.fna,3e1b412d0ec7bb7254e462875103d4197e69e76c84a54cf89093cdcb0dfa2d4f,52163,1.0,2026-05-08T05:19:42Z,PV915889.1,00_raw_data,
phage/PV915889.1/proteins.faa,4738d6c5349c56806a743ce19c1efa58f1a061f7bab430524a71c0df42d8dd23,33236,86.0,2026-05-08T05:19:42Z,PV915889.1,00_raw_data,
phage/PV915890.1/cds.fna,2f14551c8b7b740e6f4e0879eb6b4f8b9599159fedc3833537c1efbc8699b9db,57325,90.0,2026-05-08T05:19:42Z,PV915890.1,00_raw_data,
phage/PV915890.1/genome.fna,bc548fa9253cd77f69bfae54aab0121b16d8e3ec8d514026430d7876722aa8f4,52169,1.0,2026-05-08T05:19:42Z,PV915890.1,00_raw_data,
phage/PV915890.1/proteins.faa,a9e7e4b44d993e79761cb89bbf1dd01755e109f9f893e3b9cce0bd46c75063f9,20550,90.0,2026-05-08T05:19:42Z,PV915890.1,00_raw_data,
phage/PV915895.1/cds.fna,945eb2ef402eeaa8fc3d8ef823c69d397682116b9f5bcc33a5be5ee7d49a97d7,63710,95.0,2026-05-08T05:19:42Z,PV915895.1,00_raw_data,
phage/PV915895.1/genome.fna,cc4cac496217bc8fefcb880b9085e86741005e6d0e3580ff615287c49b4fb375,57393,1.0,2026-05-08T05:19:42Z,PV915895.1,00_raw_data,
phage/PV915895.1/proteins.faa,209b3a6cf8acac25c168ccaff9eee9cd051e63bf4c439b02fcd103b671d2c550,33761,95.0,2026-05-08T05:19:42Z,PV915895.1,00_raw_data,
phage/PV915896.1/cds.fna,2d482127f158236d890f5bffcf928a38610bf59f69adf3747c33859ffd602d9b,66606,106.0,2026-05-08T05:19:42Z,PV915896.1,00_raw_data,
phage/PV915896.1/genome.fna,60e5815395bc001047fdb66e49268a8eeb5b6e0b0f7ba1f1800ad0462eee3f5c,59649,1.0,2026-05-08T05:19:42Z,PV915896.1,00_raw_data,
phage/PV915896.1/proteins.faa,39565f87af3299f8885992f1b76f5748ec947c0308ec9bbb05c31249f5c47fa3,25423,106.0,2026-05-08T05:19:42Z,PV915896.1,00_raw_data,
phage/PV915901.1/cds.fna,1ab403a1a03618265100cee841213b2fdd0e306750237c80051eb88782884fc9,76119,103.0,2026-05-08T05:19:42Z,PV915901.1,00_raw_data,
phage/PV915901.1/genome.fna,3ed21e1cd7ba458409faa310663511391d09b125d0787fd47f5295dff8e81262,69923,1.0,2026-05-08T05:19:42Z,PV915901.1,00_raw_data,
phage/PV915901.1/proteins.faa,f9e1fad8284754e7dddcd7de447537686545a9cdbe63e707f1fac5b8ace55913,27606,103.0,2026-05-08T05:19:42Z,PV915901.1,00_raw_data,
phage/PV915902.1/cds.fna,bd219daf5c0a73645b2dc0b89f2aad8e07d85eb8b1a91814c5d4345cd5935446,61843,91.0,2026-05-08T05:19:42Z,PV915902.1,00_raw_data,
phage/PV915902.1/genome.fna,771504b4c9076d8571e54ad9a870d1be16e69bc49d3516531e2ffab2b3c0a166,56291,1.0,2026-05-08T05:19:42Z,PV915902.1,00_raw_data,
phage/PV915902.1/proteins.faa,8f4026faffdadeffa45d19f9581fae9512ad4e86e2af55359f3f0616af8993a3,26900,92.0,2026-05-08T05:19:42Z,PV915902.1,00_raw_data,
phage/PV920691.1/cds.fna,fdcc2d67b70d718cb086ec1fba6ab7193f5e3eb68e59fcfb694d6c3d93894540,88655,90.0,2026-05-08T05:19:42Z,PV920691.1,00_raw_data,
phage/PV920691.1/genome.fna,4c12154920534abc787adde55206bfd5b516b23c0638774cfb2ae0a36952deaf,92428,1.0,2026-05-08T05:19:42Z,PV920691.1,00_raw_data,
phage/PV920691.1/proteins.faa,3e2c0670a72900f03d500da566ef6cd56e4c8eb91b0ae10e58fbafcdcd22fc8c,26318,90.0,2026-05-08T05:19:42Z,PV920691.1,00_raw_data,
phage/PV940981.1/cds.fna,01609ebd12a1535498bcf3e63bc9af0aa63479092a7b1697196fca23a18e351e,164593,228.0,2026-05-08T05:19:42Z,PV940981.1,00_raw_data,
phage/PV940981.1/genome.fna,61ecfee2ee51d08d2003dc884e13cbc21ed677acd06c856afeb68c0752082b26,157380,1.0,2026-05-08T05:19:42Z,PV940981.1,00_raw_data,
phage/PV940981.1/proteins.faa,713579855c6754e74963c05e2dc13719a28149e952a648d1c0bbe45800f37699,73965,260.0,2026-05-08T05:19:42Z,PV940981.1,00_raw_data,
phage/PV940982.1/cds.fna,64e7187a795a4f2b4dccd54ffff6335622cf3179a7df346707a491f2040a307d,76617,122.0,2026-05-08T05:19:42Z,PV940982.1,00_raw_data,
phage/PV940982.1/genome.fna,ad9c4b2eb41a770308e7540922756e8548b56610bda3c9a5d13dc986dc05b0b8,72128,1.0,2026-05-08T05:19:42Z,PV940982.1,00_raw_data,
phage/PV940982.1/proteins.faa,7a301014e533ae7e7298a95d5ce91d40ea2d06e896d371928da40b666b819ff4,30992,134.0,2026-05-08T05:19:42Z,PV940982.1,00_raw_data,
phage/PV940985.1/cds.fna,4d3f374e96fad7c94832ad086f5fff499aab36e3cc522ca10fb87e42bfcdffd7,166457,234.0,2026-05-08T05:19:42Z,PV940985.1,00_raw_data,
phage/PV940985.1/genome.fna,bb0ffe05e45801eea82e5c5822ce36cb5f3eac97c39de6e0a5f0af8fd5e23733,156823,1.0,2026-05-08T05:19:42Z,PV940985.1,00_raw_data,
phage/PV940985.1/proteins.faa,c43e39f1f6650244b53b8e3e72b6dcc6aaba6d38837c330d9f1aff45b1e70c40,72556,267.0,2026-05-08T05:19:42Z,PV940985.1,00_raw_data,
phage/PV940986.1/cds.fna,b96d0eb89cca205a1b4b88607282a3a7580a6a1b17dce1c2a6359642f059e024,75745,105.0,2026-05-08T05:19:42Z,PV940986.1,00_raw_data,
phage/PV940986.1/genome.fna,e96aaa9672dde08a010bc030b2c6ac68e0020f9bca8e57588ca0476fa20d303f,70446,1.0,2026-05-08T05:19:42Z,PV940986.1,00_raw_data,
phage/PV940986.1/proteins.faa,30a314d0b0acf4f85c9c70f2768829ee9f3945939bdf5402df5e92860b151027,25354,105.0,2026-05-08T05:19:42Z,PV940986.1,00_raw_data,
phage/PV940988.1/cds.fna,cd9dc5d2f947343ac7f44cdff99c91cf5f03474d55f4139a12402790660eee0d,79518,127.0,2026-05-08T05:19:42Z,PV940988.1,00_raw_data,
phage/PV940988.1/genome.fna,3a126ba7df785a15faee756463a688ffb0360fab7413c073cdaef66f08c48dc0,71860,1.0,2026-05-08T05:19:42Z,PV940988.1,00_raw_data,
phage/PV940988.1/proteins.faa,5138bb3020bde5865c4a41b189664929ff27569a7b18c147dc9677258cf95c51,37677,127.0,2026-05-08T05:19:42Z,PV940988.1,00_raw_data,
phage/PV940996.1/cds.fna,39920bbeec17442a51c97e9239aabcd1a196867281ed0426bbc983ac68d35c88,165578,233.0,2026-05-08T05:19:42Z,PV940996.1,00_raw_data,
phage/PV940996.1/genome.fna,1b960be582139f0c8979246b41e70e5a054f569f77cb24d2559886daff4d6e5e,157758,1.0,2026-05-08T05:19:42Z,PV940996.1,00_raw_data,
phage/PV940996.1/proteins.faa,9d8734f9775a5ecd81f269aaa39f042f9ef9fc0bf52ecfbf6371355a5ba0a932,77806,265.0,2026-05-08T05:19:42Z,PV940996.1,00_raw_data,
phage/PV940998.1/cds.fna,b80a1c6ac044f1032dd5034fd88b58d00134d92cd549835306af611f5222250f,161079,222.0,2026-05-08T05:19:42Z,PV940998.1,00_raw_data,
phage/PV940998.1/genome.fna,793319febb6678bb7f9cbe0de3ab54e19b45389130752f9ae721c580e997e6a5,155776,1.0,2026-05-08T05:19:42Z,PV940998.1,00_raw_data,
phage/PV940998.1/proteins.faa,46a97de26c9b653505df4482f7826f305e43c10a47bb0e1be0e4aaa57c38769f,68129,255.0,2026-05-08T05:19:42Z,PV940998.1,00_raw_data,
phage/PV941000.1/cds.fna,31867fff4743e933762d317c3348210f4c14bb9730ecd3193bc15b63cb4b6c3c,164422,229.0,2026-05-08T05:19:42Z,PV941000.1,00_raw_data,
phage/PV941000.1/genome.fna,4613eb624be81d446de7e8dd597fa05ace8a4c10f064b6a1651b6698e2ff3908,157269,1.0,2026-05-08T05:19:42Z,PV941000.1,00_raw_data,
phage/PV941000.1/proteins.faa,9898219bf0e4a777bcd80a9d5a7d06f2ab493bd0f83722269ea206906e713117,68778,263.0,2026-05-08T05:19:42Z,PV941000.1,00_raw_data,
phage/PV976809.1/cds.fna,08fc9a5e4ebf1bbd9f00bc53990b81a14a709512fabf3f5db095299287d8e078,291004,373.0,2026-05-08T05:19:42Z,PV976809.1,00_raw_data,
phage/PV976809.1/genome.fna,afa96b2d2440358cf64489e2a644c14f48d84b80a233e09eea15bd513b357a05,284514,1.0,2026-05-08T05:19:42Z,PV976809.1,00_raw_data,
phage/PV976809.1/proteins.faa,7b30a5f305eb7742f3f0e44dadf5332d30699437728ab6189422a08ee8a689c7,109165,380.0,2026-05-08T05:19:42Z,PV976809.1,00_raw_data,
phage/PV976849.1/cds.fna,58523f2ffc549f314359b739c5362c3f11aec67280bc1b2b3fde9ddc776b4dcf,17368,23.0,2026-05-08T05:19:42Z,PV976849.1,00_raw_data,
phage/PV976849.1/genome.fna,ed787c4ade44743d0484851f3d704f0bfdde74bba4f6c353c38928f3abf98ce5,17315,1.0,2026-05-08T05:19:42Z,PV976849.1,00_raw_data,
phage/PV976849.1/proteins.faa,9cf7fcd826d301bd963b0e4ed9283fa6240669233d3bb28835476b6c7e671d47,4116,23.0,2026-05-08T05:19:42Z,PV976849.1,00_raw_data,
phage/PV985310.1/cds.fna,d0e087356e233b84e0ea52fb57956972b3027e9a00ba22c5dd08ca716ee98f9f,147279,212.0,2026-05-08T05:19:42Z,PV985310.1,00_raw_data,
phage/PV985310.1/genome.fna,2d862f03d8a3c290dcdce9af7a5702564b3bc73dd56a5d7b7539fc44fec13a4e,142325,1.0,2026-05-08T05:19:42Z,PV985310.1,00_raw_data,
phage/PV985310.1/proteins.faa,630af4d13cb11a563d1b66b164bca430d4e197a31cc2197aff041f9d3fc554d4,62846,212.0,2026-05-08T05:19:42Z,PV985310.1,00_raw_data,
phage/PX021331.1/cds.fna,5282b84c564e7c8cdab635b64164050523b32e643b0ed6b17fa0629ceb70294a,66143,85.0,2026-05-08T05:19:42Z,PX021331.1,00_raw_data,
phage/PX021331.1/genome.fna,56ef2ea43093b74154286ec13f83ed71f94930cec2e9c89d0973d4fb7b1ca57d,63086,1.0,2026-05-08T05:19:42Z,PX021331.1,00_raw_data,
phage/PX021331.1/proteins.faa,103e68919a8bd9109a4e40581996acbe9952cc8f549d0aaae1de7c13c8c84ca6,22155,85.0,2026-05-08T05:19:42Z,PX021331.1,00_raw_data,
phage/PX021573.1/cds.fna,b8e54684aa23208eeb7116ae41b6121a748e41aab99b8800f4547141aaf4c980,47931,69.0,2026-05-08T05:19:42Z,PX021573.1,00_raw_data,
phage/PX021573.1/genome.fna,7af140a55e46bb60668c5c3cab28c4b47af6233b579731c428b3d3f40fe2cf0c,43849,1.0,2026-05-08T05:19:42Z,PX021573.1,00_raw_data,
phage/PX021573.1/proteins.faa,f0a5d0d797c4066f789835b35cca1ad3e1917627fc6bb53a3570b50f4d567ffd,21443,69.0,2026-05-08T05:19:42Z,PX021573.1,00_raw_data,
phage/PX021574.1/cds.fna,b458d10039b99f54019fd5dc43c2760f352f2dc3d7be626f1147a0cfd5efca2d,47939,69.0,2026-05-08T05:19:42Z,PX021574.1,00_raw_data,
phage/PX021574.1/genome.fna,2b15a687812ef5a68ccabb4fa15058e4130c2f77ec7872992c7f9fe9ac60f4ac,43848,1.0,2026-05-08T05:19:42Z,PX021574.1,00_raw_data,
phage/PX021574.1/proteins.faa,e553b8056b4c998e1a6fbaf3f93d5bc6d51ca15c21f02977e3db08ca231a0d08,21143,69.0,2026-05-08T05:19:42Z,PX021574.1,00_raw_data,
phage/PX021575.1/cds.fna,4cdc8d698e4787fd9c394d9ea8213496c2df038451f5c23ab33a077292231471,146590,211.0,2026-05-08T05:19:42Z,PX021575.1,00_raw_data,
phage/PX021575.1/genome.fna,6beb09233e68851fab3e3f28ca8129fac9291e8b176f4298e65612603e236739,142324,1.0,2026-05-08T05:19:42Z,PX021575.1,00_raw_data,
phage/PX021575.1/proteins.faa,5b7efad3d2fe3d9490c894dfcf61f2b7918873282739bf02cfafbf8a7c695a6d,62477,211.0,2026-05-08T05:19:42Z,PX021575.1,00_raw_data,
phage/PX023499.1/genome.fna,088e65f1f4ce2ea0745f5cbc7966799f8979b857b00e9e261435387f409da9b1,160815,1.0,2026-05-08T05:19:42Z,PX023499.1,00_raw_data,
phage/PX023499.1/proteins.faa,01ba4719c80b6fe911b091a7c05124b64eeece964e09c058ef8f9805daca546b,1,,2026-05-08T05:19:42Z,PX023499.1,00_raw_data,
phage/PX068454.1/cds.fna,686e6ebe2b216d3089c1ab00942b6c97013cc8f7d506334327b9e2233a20779a,140834,214.0,2026-05-08T05:19:42Z,PX068454.1,00_raw_data,
phage/PX068454.1/genome.fna,7de75e169e1d3a9895281d4cca04de7ff883b3f732f43080d29fbf9014730d08,137631,1.0,2026-05-08T05:19:42Z,PX068454.1,00_raw_data,
phage/PX068454.1/proteins.faa,47ddf8527535ebc416003616b751e0929abfa08c519b4dbc1e9110c93c7e07e3,1430,5.0,2026-05-08T05:19:42Z,PX068454.1,00_raw_data,
phage/PX068455.1/cds.fna,a18eccb01111a01e86d24317f903ece996d4f4ef670d612eec84f0f7c53a422b,142590,214.0,2026-05-08T05:19:42Z,PX068455.1,00_raw_data,
phage/PX068455.1/genome.fna,0355e4c5ff18fe192354738d055372e5a551cac7a0a1ddc79eeebfbf2ec8ed72,138621,1.0,2026-05-08T05:19:42Z,PX068455.1,00_raw_data,
phage/PX068455.1/proteins.faa,47d809d5f3b4919507ad00b0578f2b42585389b88c4f3c29f4cb822f67a032f4,57189,214.0,2026-05-08T05:19:42Z,PX068455.1,00_raw_data,
phage/PX068456.1/cds.fna,e265f7ccadea8e21bfbeb08e4edf3c47cb4e22e2e008a2a3f3cc334738f048f8,154942,244.0,2026-05-08T05:19:42Z,PX068456.1,00_raw_data,
phage/PX068456.1/genome.fna,c67895706cf425230ab95591fce60632985ba584ff4555716dbb3d996608dadf,148166,1.0,2026-05-08T05:19:42Z,PX068456.1,00_raw_data,
phage/PX068456.1/proteins.faa,39ffa5c9fb082e0dbc579298fa6620f0ab67dcaee5bb1000e6e33f23f0f15a19,64408,244.0,2026-05-08T05:19:42Z,PX068456.1,00_raw_data,
phage/PX091869.1/cds.fna,58877fb1e98335b378a3d265c47398c3b1cf73c5c18cee99a3f69b5f6ecc854e,42106,55.0,2026-05-08T05:19:42Z,PX091869.1,00_raw_data,
phage/PX091869.1/genome.fna,7cde400eea9b6e3ade5505d76a2c6b3b09896ffe9c767bfb5b401a8b4b92096f,39655,1.0,2026-05-08T05:19:42Z,PX091869.1,00_raw_data,
phage/PX091869.1/proteins.faa,d9938b63e62e31b7d1aee3eb6fd9cda92dce7bd9b4f6be1f17dcc4211abeae59,11528,55.0,2026-05-08T05:19:42Z,PX091869.1,00_raw_data,
phage/PX091870.1/cds.fna,0c48d623225db40c8fbd4b593de813b140c6c2430e40e4740b35f0a05e6f20a2,42049,56.0,2026-05-08T05:19:42Z,PX091870.1,00_raw_data,
phage/PX091870.1/genome.fna,f109374875a3f353bf64484aa1dade3dfef3ea63da07fcd348b2feb96cab3bd8,39700,1.0,2026-05-08T05:19:42Z,PX091870.1,00_raw_data,
phage/PX091870.1/proteins.faa,a9c3bd3162cfdc3147135fba22cc09c0ccc851beed653b99ca5220b92b71d374,23131,56.0,2026-05-08T05:19:42Z,PX091870.1,00_raw_data,
phage/PX091871.1/cds.fna,e1780d1547a3aec45107f555cccf504bfc8cb5b92e12ab19678c2413085ca400,43550,60.0,2026-05-08T05:19:42Z,PX091871.1,00_raw_data,
phage/PX091871.1/genome.fna,3438862d659ea06beb041ca14892c77ba496f3c59922f1e1dd6dd7f5483cf42f,40627,1.0,2026-05-08T05:19:42Z,PX091871.1,00_raw_data,
phage/PX091871.1/proteins.faa,e38f5cefd2d4602492baeef2728fea481f7c76f21f0b376abe0ec62d36a403f3,16990,60.0,2026-05-08T05:19:42Z,PX091871.1,00_raw_data,
phage/PX091872.1/cds.fna,fc857987a639afde4e8dcf351049457824fe02f1df02ad6677ac68ec495633b3,44408,61.0,2026-05-08T05:19:42Z,PX091872.1,00_raw_data,
phage/PX091872.1/genome.fna,79893dcd3086b98a469ae32ece60d029cd43055c4a50a31c91076c394e849a3c,42225,1.0,2026-05-08T05:19:42Z,PX091872.1,00_raw_data,
phage/PX091872.1/proteins.faa,de6b71b7c80c9bd074c658b82f06ab89a737441adba0ce370c99af8db6a3d27a,25538,61.0,2026-05-08T05:19:42Z,PX091872.1,00_raw_data,
phage/PX102495.1/cds.fna,24f27075cc434e3aa323e3e947878544985ef97329ce38b756e1c3bc5d3930e1,47698,69.0,2026-05-08T05:19:42Z,PX102495.1,00_raw_data,
phage/PX102495.1/genome.fna,9a5628427669cd87b66e58638b8b119a8a04d035b43b1cd1a2139f3e6e197c0d,43883,1.0,2026-05-08T05:19:42Z,PX102495.1,00_raw_data,
phage/PX102495.1/proteins.faa,abf3ac38a8e1ba0d80862ccfa365883375767638b1d35d9120e1260fdacd58e7,19587,69.0,2026-05-08T05:19:42Z,PX102495.1,00_raw_data,
phage/PX132564.1/cds.fna,9a93e7217e613dd487e03274e17aeaf3e6a96f65e5775ba88cb63acc751ce614,49959,65.0,2026-05-08T05:19:42Z,PX132564.1,00_raw_data,
phage/PX132564.1/genome.fna,b2355acbce3ca523c2605eef08eb20dee73c059c441e8859f925f9b0d6bb511f,48312,1.0,2026-05-08T05:19:42Z,PX132564.1,00_raw_data,
phage/PX132564.1/proteins.faa,edcd0cf2f0db882e3cfb731b785abc199d118e42cd647e6bb8d34f5b471c51fe,11973,65.0,2026-05-08T05:19:42Z,PX132564.1,00_raw_data,
phage/PX237226.1/cds.fna,93815e6d19eee43d90749036f07101d89f50582b50d6f0b5b116c804ea85435c,43511,65.0,2026-05-08T05:19:42Z,PX237226.1,00_raw_data,
phage/PX237226.1/genome.fna,c6034c6cff90872133428131a35f2e51489f3dbef446a33a02ccfb10b35bc6af,42413,1.0,2026-05-08T05:19:42Z,PX237226.1,00_raw_data,
phage/PX237226.1/proteins.faa,f073b3b5b81233b4d48a181de0bfb512cc87df0be699a0be063b9f3f4593390b,8924,65.0,2026-05-08T05:19:42Z,PX237226.1,00_raw_data,
phage/PX259653.1/cds.fna,008adf5c1d4d71856d31cc4821865b463d5edf78d7f4de4a76f1edc108cb1f78,46005,62.0,2026-05-08T05:19:42Z,PX259653.1,00_raw_data,
phage/PX259653.1/genome.fna,459631bbb7fd32783baa2fd13554894b329c0cb5b4f372dda0fbdc8df0a7529e,43212,1.0,2026-05-08T05:19:42Z,PX259653.1,00_raw_data,
phage/PX259653.1/proteins.faa,50b2290328d062966afc87863a733bd243ed3d9911a9aeeb45dff75bc70e867d,27395,62.0,2026-05-08T05:19:42Z,PX259653.1,00_raw_data,
phage/PX260327.1/cds.fna,638a23c7205e6ac44d2ee339c44a0742ea6e2756c1dd3050ddc65a26e0ab8f24,49402,70.0,2026-05-08T05:19:42Z,PX260327.1,00_raw_data,
phage/PX260327.1/genome.fna,75ac6dafbbdc9a1c97283f6308e966cc67d949e4025c9990ee217ef4bc8fa15e,46580,1.0,2026-05-08T05:19:42Z,PX260327.1,00_raw_data,
phage/PX260327.1/proteins.faa,5e8b04bf2efc8a50343c6609f7e9ac225ec4a47cb21fbcecc25487612ae46f3b,17573,70.0,2026-05-08T05:19:42Z,PX260327.1,00_raw_data,
phage/PX260991.1/cds.fna,3699da8be9419600245ce310f419ed040486d1259218b27918b7c1c5bffd1626,41814,57.0,2026-05-08T05:19:42Z,PX260991.1,00_raw_data,
phage/PX260991.1/genome.fna,f0083f5a88c68e157b178b28437acd712e836fd0a30c385b4c6920debdafaa38,38136,1.0,2026-05-08T05:19:42Z,PX260991.1,00_raw_data,
phage/PX260991.1/proteins.faa,7875f6428fb5557a27c0e13487c1cb54d7f8e92bee2a0d8bde8eaaa1f9809101,9815,57.0,2026-05-08T05:19:42Z,PX260991.1,00_raw_data,
phage/PX278216.1/cds.fna,817ebfc4e4b1a531b24e01e25d068bed2db72b9b84c9bb732877b8f7e051ea3d,18190,19.0,2026-05-08T05:19:42Z,PX278216.1,00_raw_data,
phage/PX278216.1/genome.fna,f6c95f2c858dde322b4e35b5da19b8a7baa93c864c75fbbd442bf9786594caef,17812,1.0,2026-05-08T05:19:42Z,PX278216.1,00_raw_data,
phage/PX278216.1/proteins.faa,6b66c916e8a55ab40fbcb5115a78a9e36f2448a6d22c675eeff81bad0dfd1de3,2655,19.0,2026-05-08T05:19:42Z,PX278216.1,00_raw_data,
phage/PX310626.1/cds.fna,a23b63c60142573eb41dfc2a20a96354316d8c672e8352b54b64abfe811cfeb0,50090,51.0,2026-05-08T05:19:42Z,PX310626.1,00_raw_data,
phage/PX310626.1/genome.fna,d0538997f5aa3598afb59f58a10dbea53b3737c4fd313a1db50c2f742f2afc54,63499,1.0,2026-05-08T05:19:42Z,PX310626.1,00_raw_data,
phage/PX310626.1/proteins.faa,81fdce90980c5ecc6fa5009e6a64f39a8cf6ae4b20fd38ccab02a6f6b9daaa44,12260,51.0,2026-05-08T05:19:42Z,PX310626.1,00_raw_data,
phage/PX376716.1/cds.fna,2e9a01e9c3bb87f5086bcc769857763c44f1cc143c6dea48ab608edbdc2b2784,19035,23.0,2026-05-08T05:19:42Z,PX376716.1,00_raw_data,
phage/PX376716.1/genome.fna,16bea9e5d85dc0e82cfb6d3bf92567c0698c7270eaaa7e96221c2c6b584ee697,17820,1.0,2026-05-08T05:19:42Z,PX376716.1,00_raw_data,
phage/PX376716.1/proteins.faa,2a4b5b010907e3f43ee81e7ec6396ff94e3bfda225ff4286ab6b24bfd49befcb,2891,23.0,2026-05-08T05:19:42Z,PX376716.1,00_raw_data,
phage/PX377017.1/cds.fna,7665efd2b39205c4dddf9b26c8488ffcca29420cb8f1fce2abcb06b98baeb432,41132,55.0,2026-05-08T05:19:42Z,PX377017.1,00_raw_data,
phage/PX377017.1/genome.fna,fc7cad06f3a523f1970b8701f6615662eb6ddd189ae0742a45f355f4b64f5eb2,39294,1.0,2026-05-08T05:19:42Z,PX377017.1,00_raw_data,
phage/PX377017.1/proteins.faa,86ad775de0865dc2eb48ba721bdf02ffb8e830fdda48e9d7f4a3c5fb89eab76d,7966,55.0,2026-05-08T05:19:42Z,PX377017.1,00_raw_data,
phage/PX380000.1/cds.fna,32d4bb15b6ddb4047b91c51770a74bb4d04147f48023824ed871dd186593487e,43424,49.0,2026-05-08T05:19:42Z,PX380000.1,00_raw_data,
phage/PX380000.1/genome.fna,6cc6290fa37f3cbe6437dfc96546cf7454c32d6481a9c536c87d63f88c366493,44037,1.0,2026-05-08T05:19:42Z,PX380000.1,00_raw_data,
phage/PX380000.1/proteins.faa,f22e7066a1b0f51005aa19922d47bfe9130b3a0e1ca2646e4cbe60da1f10b7fd,12086,49.0,2026-05-08T05:19:42Z,PX380000.1,00_raw_data,
phage/PX393108.1/cds.fna,353ca55dce315b62e0293d49c309d740539c6fb6b6a0d488150dcebd56608485,183906,264.0,2026-05-08T05:19:42Z,PX393108.1,00_raw_data,
phage/PX393108.1/genome.fna,c07f9528a9bb440f9e4b7182af34b22815f947ebcf7634dae1d8cac1604918f5,169697,1.0,2026-05-08T05:19:42Z,PX393108.1,00_raw_data,
phage/PX393108.1/proteins.faa,5cf25cdd2ffa91c7aa117c3bcc381eff7a8067b8b25907525e92507952677999,86311,276.0,2026-05-08T05:19:42Z,PX393108.1,00_raw_data,
phage/PX393109.1/cds.fna,7349126f1d2ef4aa478cbd95a349abe1bbd3260471f1b28f476dff2a2da1fad2,121468,153.0,2026-05-08T05:19:42Z,PX393109.1,00_raw_data,
phage/PX393109.1/genome.fna,25b333f4947548b0b777f29b4f995eef1b06b66784d539c6eb6db117ca5f4c79,115172,1.0,2026-05-08T05:19:42Z,PX393109.1,00_raw_data,
phage/PX393109.1/proteins.faa,60e653393db57fa004b6e7037289591172d213576114b8201a033cabf140d838,54508,155.0,2026-05-08T05:19:42Z,PX393109.1,00_raw_data,
phage/PX393110.1/cds.fna,d6a26218417fe423407219b13753e1c7f5709fda52c97ab2387bf0003715beb0,121617,153.0,2026-05-08T05:19:42Z,PX393110.1,00_raw_data,
phage/PX393110.1/genome.fna,06b2f144d2e2d1952b0d9628a63ccca086faf6efb1ad44e7e896cf984a40f7fb,114588,1.0,2026-05-08T05:19:42Z,PX393110.1,00_raw_data,
phage/PX393110.1/proteins.faa,10edd419ebf8c52eeab4028cbe6761d7762cc423fbcca97a43f30df72339c9a4,41909,155.0,2026-05-08T05:19:42Z,PX393110.1,00_raw_data,
phage/PX395730.1/cds.fna,4c63a2242f9a10e0b7dad22ff104340b9ff6486ab1eaef255ececcb8af563278,46280,57.0,2026-05-08T05:19:42Z,PX395730.1,00_raw_data,
phage/PX395730.1/genome.fna,1aae56a5f20b3b0f51ab69d3cfd64ca20ecd2d0f65062eed0ed1bb37d18c486f,44005,1.0,2026-05-08T05:19:42Z,PX395730.1,00_raw_data,
phage/PX395730.1/proteins.faa,4920fbe343c866cb9d644cc0539505ec3528714b8198ed56728a0d938b484444,19617,57.0,2026-05-08T05:19:42Z,PX395730.1,00_raw_data,
phage/PX408737.1/cds.fna,194c85236f82d242e9d6efc5bfc5539912b0707f7bd46ac0bc01edc483a8d466,299242,328.0,2026-05-08T05:19:42Z,PX408737.1,00_raw_data,
phage/PX408737.1/genome.fna,4142795d5b9d4a7d7dd7df6a20b960021b514f6a481f732990304f457a6ab4c4,293048,1.0,2026-05-08T05:19:42Z,PX408737.1,00_raw_data,
phage/PX408737.1/proteins.faa,ae20c025c48628cf1d3f5cee07daaa52369aee9585a2983f1f410a81cd191c6e,95518,328.0,2026-05-08T05:19:42Z,PX408737.1,00_raw_data,
phage/PX408738.1/cds.fna,143dcb07a5f015e5ab78a88e521eeee15e6521c866823aedce1a8411d9b7754a,102787,120.0,2026-05-08T05:19:42Z,PX408738.1,00_raw_data,
phage/PX408738.1/genome.fna,1c66102ab08ddfe3fd73778307edcc12a3c4aba2a9b980ad077935f59e51a219,95393,1.0,2026-05-08T05:19:42Z,PX408738.1,00_raw_data,
phage/PX408738.1/proteins.faa,8d90d574b6b8d5683c710a316ce003c415dccbeec8a131c0463ca1a4a93e8f1d,33668,120.0,2026-05-08T05:19:42Z,PX408738.1,00_raw_data,
phage/PX408739.1/cds.fna,fd7e8f8a7a32f4dba89ae1d16640f2de223962d1cfeebd90791d0a71e4281c0b,48148,63.0,2026-05-08T05:19:42Z,PX408739.1,00_raw_data,
phage/PX408739.1/genome.fna,9db50be9526f485504978634cb1105562a41857f4bc9959954ab3b0e39c5c4a9,43773,1.0,2026-05-08T05:19:42Z,PX408739.1,00_raw_data,
phage/PX408739.1/proteins.faa,0ad351c553bc1a06c355eb46000ad021b5c17e133e3ee8b508a42440039bddfd,16935,63.0,2026-05-08T05:19:42Z,PX408739.1,00_raw_data,
phage/PX418225.1/cds.fna,c0ace7d37f840df3ec2cab47a388af16766116b9b693450d2c358908095b9a1c,316364,410.0,2026-05-08T05:19:42Z,PX418225.1,00_raw_data,
phage/PX418225.1/genome.fna,202461eb71d35d8790ed53c26aef1fe6920090f181fe9180b1686ec5e491ac44,300417,1.0,2026-05-08T05:19:42Z,PX418225.1,00_raw_data,
phage/PX418225.1/proteins.faa,a8b673ff17a1c8975c3f684f8ffbdc211e2e9f47aa7e18904327e30dad976262,107826,417.0,2026-05-08T05:19:42Z,PX418225.1,00_raw_data,
phage/PX418226.1/cds.fna,f2a482994d68d5a776adaa5d9bb02b752620c0bea028b663465c36fdf3245b76,98565,147.0,2026-05-08T05:19:42Z,PX418226.1,00_raw_data,
phage/PX418226.1/genome.fna,e0b10090bed32c56e02963a63d22f394e2d046f412ab8f30d2eeae45435ebb36,95297,1.0,2026-05-08T05:19:42Z,PX418226.1,00_raw_data,
phage/PX418226.1/proteins.faa,8b0b0edc055a4405d5a36a2f47cc21ca91530028af66d0a4e42374bd4b4a8f13,43916,148.0,2026-05-08T05:19:42Z,PX418226.1,00_raw_data,
phage/PX418922.1/cds.fna,0b9a01821fcb04193f9b43881729ffa808fe9856e683acaa046dbaf626dbaf1d,161803,265.0,2026-05-08T05:19:42Z,PX418922.1,00_raw_data,
phage/PX418922.1/genome.fna,998e71fb597cd896d3126b1c8a5b17249549ad56f4c849fd631d880e710f0a00,152014,1.0,2026-05-08T05:19:42Z,PX418922.1,00_raw_data,
phage/PX418922.1/proteins.faa,db118df124323bdf87bdfaf7e16569f4df7a620d8a58b4aad12dc3b70fe4a881,83543,265.0,2026-05-08T05:19:42Z,PX418922.1,00_raw_data,
phage/PX418923.1/cds.fna,bfa8056dde2e645a4d5c66124e5659cfb529dbc70810a35bc39bd4dd50427e53,53250,69.0,2026-05-08T05:19:42Z,PX418923.1,00_raw_data,
phage/PX418923.1/genome.fna,19063e61797dd439291fc143b18096687b94cdf2b113cd102d3b7ef147d376c7,50782,1.0,2026-05-08T05:19:42Z,PX418923.1,00_raw_data,
phage/PX418923.1/proteins.faa,2f70af92058c4bd17f70fa2b567575d339e913bc9d6c93ca17814d73832b4c89,20982,69.0,2026-05-08T05:19:42Z,PX418923.1,00_raw_data,
phage/PX418924.1/cds.fna,0689c9fbe25174bfb2475522cc073f65831a922c37d7f51014cb426efd9653c4,38732,46.0,2026-05-08T05:19:42Z,PX418924.1,00_raw_data,
phage/PX418924.1/genome.fna,3a8c459701da292aca408a9df7deb45283e8b52805b453e54fc5594e8087d34f,39115,1.0,2026-05-08T05:19:42Z,PX418924.1,00_raw_data,
phage/PX418924.1/proteins.faa,0e015a68a4100f2f6068aed4634e8ed0ad78efa5d395ba6529bed9b09eeeac3f,10133,46.0,2026-05-08T05:19:42Z,PX418924.1,00_raw_data,
phage/PX418925.1/cds.fna,0d2b51922a4d04920d5dfa94addd121a2c1354af88040946579ea23124e0f683,294917,367.0,2026-05-08T05:19:42Z,PX418925.1,00_raw_data,
phage/PX418925.1/genome.fna,81932582453090eeb037ed590ca3213ce112a33a499fbad2b83f96e6f783a66c,287120,1.0,2026-05-08T05:19:42Z,PX418925.1,00_raw_data,
phage/PX418925.1/proteins.faa,9cf9cc35f8aa7cee9d9aec260fb99a0d07605d1b426b4f2de68f796bce345f9b,99082,367.0,2026-05-08T05:19:42Z,PX418925.1,00_raw_data,
phage/PX418926.1/cds.fna,c8b4a8da9f7ea97493dc348c39e206393e2d840730bb2e044d2fca9ce757739f,46375,48.0,2026-05-08T05:19:42Z,PX418926.1,00_raw_data,
phage/PX418926.1/genome.fna,e8537247771909fad9c21954be209dda86d74059bea6dab3c11bff59122b76ff,43954,1.0,2026-05-08T05:19:42Z,PX418926.1,00_raw_data,
phage/PX418926.1/proteins.faa,43361b3c4dfbf74ae824a1599b463d57f1f0e0031ecda1b864d395e8e4730f8c,13559,48.0,2026-05-08T05:19:42Z,PX418926.1,00_raw_data,
phage/PX421306.1/genome.fna,d7dcd1820ba4339a20ea04a6283351072a2d1f707b164e2b0c6e6c8a6757b8c1,170023,1.0,2026-05-08T05:19:42Z,PX421306.1,00_raw_data,
phage/PX421306.1/proteins.faa,01ba4719c80b6fe911b091a7c05124b64eeece964e09c058ef8f9805daca546b,1,,2026-05-08T05:19:42Z,PX421306.1,00_raw_data,
phage/PX433293.1/genome.fna,7c86c27d039fb9300ad03b48491a6c8132401394a6b9aca1cd8cfd0ea680a2c0,43940,1.0,2026-05-08T05:19:42Z,PX433293.1,00_raw_data,
phage/PX433293.1/proteins.faa,01ba4719c80b6fe911b091a7c05124b64eeece964e09c058ef8f9805daca546b,1,,2026-05-08T05:19:42Z,PX433293.1,00_raw_data,
phage/PX441352.1/genome.fna,ad37cbf6fe887983cd4ee458a01e775ac89f1ef6acf55cb246c5144b8896576e,66650,1.0,2026-05-08T05:19:42Z,PX441352.1,00_raw_data,
phage/PX441352.1/proteins.faa,01ba4719c80b6fe911b091a7c05124b64eeece964e09c058ef8f9805daca546b,1,,2026-05-08T05:19:42Z,PX441352.1,00_raw_data,
phage/PX444441.1/cds.fna,8fe1a8be530c72c6e9d9e157c24d12cb64d4aeb37b0d83b7e60b9c311ecab6eb,49843,65.0,2026-05-08T05:19:42Z,PX444441.1,00_raw_data,
phage/PX444441.1/genome.fna,110a6d05f0277908d6165c601bc880cbee0520fd530d02e9a6920f3e8a81be8f,46380,1.0,2026-05-08T05:19:42Z,PX444441.1,00_raw_data,
phage/PX444441.1/proteins.faa,06f02c3bcb711a260a95c94f9053ae8f2a4a0834fb8d85934134bfa5890da5ef,19171,65.0,2026-05-08T05:19:42Z,PX444441.1,00_raw_data,
phage/PX505723.1/cds.fna,f000b3cf06b7b23403c427cbc85ae2705866a65de506c297c6c6d24bd289cd92,172732,262.0,2026-05-08T05:19:42Z,PX505723.1,00_raw_data,
phage/PX505723.1/genome.fna,a737d3b501cc6abb0f1ec4efce7145a813f07a446f7329d5f173f0cf00c2928a,159882,1.0,2026-05-08T05:19:42Z,PX505723.1,00_raw_data,
phage/PX505723.1/proteins.faa,211621be5443da20edc29631238a070aa1f03bf80a784ce9a40dd53248b1c422,97440,286.0,2026-05-08T05:19:42Z,PX505723.1,00_raw_data,
phage/PX516693.1/cds.fna,cfcafc0f30452936581f706a05ce6e9d3b136ece39bb4dba01141b96a5536b08,53228,74.0,2026-05-08T05:19:42Z,PX516693.1,00_raw_data,
phage/PX516693.1/genome.fna,0c0694681c00545a1b0a0f1b8923b87b4bcf023b2ebe8c8a4fa17b75532e6698,50080,1.0,2026-05-08T05:19:42Z,PX516693.1,00_raw_data,
phage/PX516693.1/proteins.faa,87c70f42ad078a9065428cf940d712890fdc574b847183377467f7b47a3ccbc2,19197,74.0,2026-05-08T05:19:42Z,PX516693.1,00_raw_data,
phage/PX529685.1/cds.fna,37797f7e6b9477249a8ef00fb1b8e419cbbd343a49d516a3e2025993a8239b8a,39730,49.0,2026-05-08T05:19:42Z,PX529685.1,00_raw_data,
phage/PX529685.1/genome.fna,51831d369a501f6a96efb8409d06e058c8a0ee37b2a3a993008db20fcd2ccc8b,40238,1.0,2026-05-08T05:19:42Z,PX529685.1,00_raw_data,
phage/PX529685.1/proteins.faa,bb47f226528c8a9e9e1c29369b16a6389928428e524e16eecec84d99ef183826,11291,49.0,2026-05-08T05:19:42Z,PX529685.1,00_raw_data,
phage/PX530545.1/genome.fna,ad87ac45d110b6cc3369b59690b312152d8c902668a6164d2da070477478807e,212944,1.0,2026-05-08T05:19:42Z,PX530545.1,00_raw_data,
phage/PX530545.1/proteins.faa,01ba4719c80b6fe911b091a7c05124b64eeece964e09c058ef8f9805daca546b,1,,2026-05-08T05:19:42Z,PX530545.1,00_raw_data,
phage/PX530551.1/cds.fna,7e0ecd0d2d2b42281fb4fb905c7017586536ed8d75710db87878816e3aea689c,42223,64.0,2026-05-08T05:19:42Z,PX530551.1,00_raw_data,
phage/PX530551.1/genome.fna,4fa0d37ab3827a904d06b16db05d5e5fb91ee3b4ab3b75e46b8f1ea797687ade,42839,1.0,2026-05-08T05:19:42Z,PX530551.1,00_raw_data,
phage/PX530551.1/proteins.faa,8851fb42197ffb5e343468f397eaf47384df1c28f979d48ee45324c31fcad412,18345,65.0,2026-05-08T05:19:42Z,PX530551.1,00_raw_data,
phage/PX550013.1/cds.fna,aa5802b5626b8a6620bd53700ef59011ba47244c0fb028452b3c9751117ebe34,152018,246.0,2026-05-08T05:19:42Z,PX550013.1,00_raw_data,
phage/PX550013.1/genome.fna,2042ed9689dfc7fefe7df86da0ef8102470ce32dea3e3ad459b949aaff795379,141931,1.0,2026-05-08T05:19:42Z,PX550013.1,00_raw_data,
phage/PX550013.1/proteins.faa,92dd82bf68631cbc349c1a79d590cfd4d9fdedbf2d6204e1861806ef703aa754,78946,250.0,2026-05-08T05:19:42Z,PX550013.1,00_raw_data,
phage/PX550014.1/cds.fna,d61734dd01cfb4fc5faa2cf0c064d95516e9fa34ce219c5ca94c79637b591caf,149678,242.0,2026-05-08T05:19:42Z,PX550014.1,00_raw_data,
phage/PX550014.1/genome.fna,82437df711be906622d73c5433fb9621ce184c29d878ff6ab34770af0eb2ab5c,139929,1.0,2026-05-08T05:19:42Z,PX550014.1,00_raw_data,
phage/PX550014.1/proteins.faa,e38ee00cbef66946812dff72a5e2b2b2ffe077eb3f236577d17858e9cb99a9ae,72698,246.0,2026-05-08T05:19:42Z,PX550014.1,00_raw_data,
phage/PX572931.1/cds.fna,fc1e172cd5f84ec698f423ff42bee3a31834aaadda3b1b0f4144c32fcd901a61,55262,85.0,2026-05-08T05:19:42Z,PX572931.1,00_raw_data,
phage/PX572931.1/genome.fna,1f1cf0857a44056c206dc847d324159b733b251dc59dc4af6ad119141728b076,53817,1.0,2026-05-08T05:19:42Z,PX572931.1,00_raw_data,
phage/PX572931.1/proteins.faa,7b2b3f9d3c50547a3a6c09d8ac64998caf80b7c45f4363036b32fa26307fe304,27556,85.0,2026-05-08T05:19:42Z,PX572931.1,00_raw_data,
phage/PX585177.1/cds.fna,be5987dbf63c5a7052fda3f5e37262b46fb1bdc5af9557cede281dc707294518,303182,488.0,2026-05-08T05:19:42Z,PX585177.1,00_raw_data,
phage/PX585177.1/genome.fna,ac851d38a119d08aa1e3c258f426b7b08afb16ccaff594dc163d36c9a5fbd645,280887,1.0,2026-05-08T05:19:42Z,PX585177.1,00_raw_data,
phage/PX585177.1/proteins.faa,c30e8b093b118d0df583fdb697f78046787e02cdfa50e145f723c9d931395d15,149700,488.0,2026-05-08T05:19:42Z,PX585177.1,00_raw_data,
phage/PX596716.1/cds.fna,f8f9a2be47703f0f9f219299b605997b0c81fa89f0ba35a5192b3e5541a48ee9,96042,123.0,2026-05-08T05:19:42Z,PX596716.1,00_raw_data,
phage/PX596716.1/genome.fna,3749cb6a187ef83dad99bb8ec48f42eab69426b4e41b572c2e7ba9508dc63db5,95480,1.0,2026-05-08T05:19:42Z,PX596716.1,00_raw_data,
phage/PX596716.1/proteins.faa,4dec63898903368be73ebeda56ac19931bcb352ea3045aa2a3267e00555699ff,40187,123.0,2026-05-08T05:19:42Z,PX596716.1,00_raw_data,
phage/PX630731.1/cds.fna,7e838b2c56fe6bb1a10efcec2b6a73bdb6ff976ae5e78ba2c8d219cdc0ee8c4d,50108,72.0,2026-05-08T05:19:42Z,PX630731.1,00_raw_data,
phage/PX630731.1/genome.fna,305d860c8d722b3e6bce367e7bac1773a07abc69f41addfa2dfe1ec74661edb8,45821,1.0,2026-05-08T05:19:42Z,PX630731.1,00_raw_data,
phage/PX630731.1/proteins.faa,b285aa339129466e5d5f0d76341182bd878a3f93dcbba9fa314682dbabb224ac,20267,72.0,2026-05-08T05:19:42Z,PX630731.1,00_raw_data,
phage/PX630732.1/cds.fna,eba06a6ee09d663e7afbbd7a259ae230df484d2121ba6f5e8906128817ad7157,50336,72.0,2026-05-08T05:19:42Z,PX630732.1,00_raw_data,
phage/PX630732.1/genome.fna,492224bd66c4b9deac49a2b77263f758f1b7c5e7107f69caa0107f9863123ab6,45821,1.0,2026-05-08T05:19:42Z,PX630732.1,00_raw_data,
phage/PX630732.1/proteins.faa,bd6a84e26adf09f96f685ca58c8511e9e42f741dd9220e84131ad673f375301f,19950,72.0,2026-05-08T05:19:42Z,PX630732.1,00_raw_data,
phage/PX630733.1/cds.fna,9a9b2a6968e90e20a5d6ecf588693bb22167f9f6fb0436211fcd4bfb638999cd,50762,73.0,2026-05-08T05:19:42Z,PX630733.1,00_raw_data,
phage/PX630733.1/genome.fna,d4445f31430ad4c407deb92e827beaa46fc0379fc15aab4801027e12d00eeb67,46386,1.0,2026-05-08T05:19:42Z,PX630733.1,00_raw_data,
phage/PX630733.1/proteins.faa,6e1f6bd7244e7b6485b72710e9b65f60183c41b5407552a23821df34c83eecb5,20925,73.0,2026-05-08T05:19:42Z,PX630733.1,00_raw_data,
phage/PX630734.1/cds.fna,8e92f0a0b805a98436ffbec19dc6f9072918d3e9818ce5b8bd5253f0a31d67b4,50434,72.0,2026-05-08T05:19:42Z,PX630734.1,00_raw_data,
phage/PX630734.1/genome.fna,0d059083f8230f773d3a74f6c53621d1ae4f5db6eb4064b0f424ea19b8c272b7,45820,1.0,2026-05-08T05:19:42Z,PX630734.1,00_raw_data,
phage/PX630734.1/proteins.faa,cad84105bc009eb8bbf16ccb3c0148caf719a993c25800576a2e58b0663e6e33,22267,72.0,2026-05-08T05:19:42Z,PX630734.1,00_raw_data,
phage/PX630735.1/cds.fna,ac0df4f25477c8fd25fa8876e83fcfd3047c41363a733fc4d919a0615970b945,51209,75.0,2026-05-08T05:19:42Z,PX630735.1,00_raw_data,
phage/PX630735.1/genome.fna,2d316845b15459c4e09074d076c70d5c6f0802d8815ef93f1d47479f168b7d52,46516,1.0,2026-05-08T05:19:42Z,PX630735.1,00_raw_data,
phage/PX630735.1/proteins.faa,f84f826f5858e6b667fab013e7edbe593fb73ff2baf097d32889fe14aff8f154,20647,75.0,2026-05-08T05:19:42Z,PX630735.1,00_raw_data,
phage/PX630736.1/cds.fna,855e371f3185695d3acbdc3176d691af035e27f2970c0d33daaa9fbb4912fe2c,50269,71.0,2026-05-08T05:19:42Z,PX630736.1,00_raw_data,
phage/PX630736.1/genome.fna,917422508d7ec8aa2b5109216c2cbbf864b9d5d82b0e288bca066c78b51ffc0b,45867,1.0,2026-05-08T05:19:42Z,PX630736.1,00_raw_data,
phage/PX630736.1/proteins.faa,4e1ab236996ea730f9aab330474e415fd9f685017684355e60042996184e3910,14535,71.0,2026-05-08T05:19:42Z,PX630736.1,00_raw_data,
phage/PX630737.1/cds.fna,01d4d43d4afe4268bd0acdcdb84e3cb1ae6735f462251a83781c66a62d3e6c15,50287,71.0,2026-05-08T05:19:42Z,PX630737.1,00_raw_data,
phage/PX630737.1/genome.fna,73fa706f3027d4758aa6ef6c8e9f077548a33a45b24f4ecb709ef970b78f1cf6,45843,1.0,2026-05-08T05:19:42Z,PX630737.1,00_raw_data,
phage/PX630737.1/proteins.faa,0d7e079369ac8cc43a6ff3f032a7e6943cb86b1b0e2c40f9422a2efe920e8792,30183,71.0,2026-05-08T05:19:42Z,PX630737.1,00_raw_data,
phage/PX630738.1/cds.fna,af60fa4089baf769908247f539ee9b310398a112270d392f70c6ba3b09caf407,50302,72.0,2026-05-08T05:19:42Z,PX630738.1,00_raw_data,
phage/PX630738.1/genome.fna,22e20225a1f7218ae5d6c09d4142fbc91410c293abd0e4f1827b25a135011e29,45867,1.0,2026-05-08T05:19:42Z,PX630738.1,00_raw_data,
phage/PX630738.1/proteins.faa,89752e26acef4640d2a580e40ee8c0fec2fae97d3e535d01ee7ed82e47f3a7a6,21890,72.0,2026-05-08T05:19:42Z,PX630738.1,00_raw_data,
phage/PX630739.1/cds.fna,4ca452983578eab63e8777a953ba8a39b039c568dc236e9f3e280b6c713e6004,50350,72.0,2026-05-08T05:19:42Z,PX630739.1,00_raw_data,
phage/PX630739.1/genome.fna,db24b37228c196e13068e8f868e6eee9304e1e72317e7174421375a26e994a55,45802,1.0,2026-05-08T05:19:42Z,PX630739.1,00_raw_data,
phage/PX630739.1/proteins.faa,8eff33aa9bc5efe651a1770af04bc0fb6a4a53d40b363831d1ceefd7a88f2ddc,18575,72.0,2026-05-08T05:19:42Z,PX630739.1,00_raw_data,
phage/PX630740.1/cds.fna,bc2a3047b991bacd1581fede922434965eccd6a711640cbe6ef02e4ce912d523,50393,72.0,2026-05-08T05:19:42Z,PX630740.1,00_raw_data,
phage/PX630740.1/genome.fna,fc813559d06f477aad1160c931cd0b20deb57edbdcafdd1c38dc1673ecdf1e26,45822,1.0,2026-05-08T05:19:42Z,PX630740.1,00_raw_data,
phage/PX630740.1/proteins.faa,09b23e6f000ed1941d7a2e3a4ed623e050d7a89f3556a0779bd339b885e40dd5,31592,72.0,2026-05-08T05:19:42Z,PX630740.1,00_raw_data,
phage/PX630741.1/cds.fna,1b0c67060c75eec79fd6e86f27a3b38f1cb016db7d1c47bba06f66271e33a04b,49703,69.0,2026-05-08T05:19:42Z,PX630741.1,00_raw_data,
phage/PX630741.1/genome.fna,cd1d0ae60ea111d7e6d6e6d35b97376fcb79c72b0b2116d35595548a9b78bdd4,45547,1.0,2026-05-08T05:19:42Z,PX630741.1,00_raw_data,
phage/PX630741.1/proteins.faa,cb8679cab5468caa98c9534fe7986c6cd8db4cb408b8040bc29dd456cc08f033,18670,69.0,2026-05-08T05:19:42Z,PX630741.1,00_raw_data,
phage/PX651399.1/cds.fna,cf788cc73d3a675988cdbc5feb661029e9b18da421b18b31be8c7591df05d364,45282,60.0,2026-05-08T05:19:42Z,PX651399.1,00_raw_data,
phage/PX651399.1/genome.fna,b68afe5134b8d24152d21424bcceda3363e695673f16a2962aa67a78d3a8f18a,43838,1.0,2026-05-08T05:19:42Z,PX651399.1,00_raw_data,
phage/PX651399.1/proteins.faa,d569945a3ce410c17ecb26f128650ec68c02ec6d4ad78c153fcfb77c52702049,23142,60.0,2026-05-08T05:19:42Z,PX651399.1,00_raw_data,
phage/PX651400.1/cds.fna,2351266e42a66f405c2d741a9e14436713d0e9681daa0b22333e450b0bc0ba8c,42581,59.0,2026-05-08T05:19:42Z,PX651400.1,00_raw_data,
phage/PX651400.1/genome.fna,016b8791670fd04ef848b6b7625e0ba85d3cc0a099709f61ca08451c1d736b32,40561,1.0,2026-05-08T05:19:42Z,PX651400.1,00_raw_data,
phage/PX651400.1/proteins.faa,afd67df58a6deff273a9ef4a6ead4d672dc1587ee38655e8d63cc8c1ef61c012,17393,59.0,2026-05-08T05:19:42Z,PX651400.1,00_raw_data,
phage/PX651401.1/cds.fna,a4e638b79d910571987508e4658f0d084b860c8accd1d120e7a93f6d3227305b,40690,46.0,2026-05-08T05:19:42Z,PX651401.1,00_raw_data,
phage/PX651401.1/genome.fna,3b80e1d096f0d0c4bc06f512ae3d9adecccd02350008120676874e6958cf4908,40005,1.0,2026-05-08T05:19:42Z,PX651401.1,00_raw_data,
phage/PX651401.1/proteins.faa,4305e0a8e48ec747a911f40b56e77116d471cdd44442fe40970e0331bebe91f7,11438,46.0,2026-05-08T05:19:42Z,PX651401.1,00_raw_data,
phage/PX651402.1/cds.fna,3a484cbb4d471001481c84fa9f831486f59dcb1cf0476a1507fb9ae22e7a676b,106100,141.0,2026-05-08T05:19:42Z,PX651402.1,00_raw_data,
phage/PX651402.1/genome.fna,5b332c8cac20112cbc7fc7a394b7ee0544053e9e51f668fd225b7274b6e1fb03,106490,1.0,2026-05-08T05:19:42Z,PX651402.1,00_raw_data,
phage/PX651402.1/proteins.faa,74a7c49db96274bb1983e59b46bec3b2762875c1076f89ec9cb5e75d12fa5055,36942,144.0,2026-05-08T05:19:42Z,PX651402.1,00_raw_data,
phage/PX651403.1/cds.fna,a8e400c9623ad50be28926d1db3ae40641d3cfb59f5353e25bf9c44bc21ad1e6,108230,147.0,2026-05-08T05:19:42Z,PX651403.1,00_raw_data,
phage/PX651403.1/genome.fna,6e04edebc7116e474201402f17926974a2fe8a8c189c8d786a9c0b5224860282,109039,1.0,2026-05-08T05:19:42Z,PX651403.1,00_raw_data,
phage/PX651403.1/proteins.faa,22aaa41e997b687f97e8bde1b6d29753d5af311c6a2fed32458e423d8329b096,40071,150.0,2026-05-08T05:19:42Z,PX651403.1,00_raw_data,
phage/PX651718.1/cds.fna,0387a09bcc6c94d0d83d224e5ef26e0fc79e58ff7bacc069f7c597f3f0ebc9e1,53175,72.0,2026-05-08T05:19:42Z,PX651718.1,00_raw_data,
phage/PX651718.1/genome.fna,3c6b8d2907f0136149283f2188495ad8b8da99a580ac114b89fd824f3ed02659,53765,1.0,2026-05-08T05:19:42Z,PX651718.1,00_raw_data,
phage/PX651718.1/proteins.faa,0e2340307386c76a0fccb1d59785be566c68f36b9bf0cd8d5d5e816181618dc2,17033,72.0,2026-05-08T05:19:42Z,PX651718.1,00_raw_data,
phage/PX654436.1/cds.fna,5ddd7a75c90a07be940decbacfec840e7a0d746d65e48ac831a597a4cec83a1c,157714,237.0,2026-05-08T05:19:42Z,PX654436.1,00_raw_data,
phage/PX654436.1/genome.fna,7d78abf5bb7a1c465b66e01af088f0c9b763f3cba962ce699c960b599266064c,150757,1.0,2026-05-08T05:19:42Z,PX654436.1,00_raw_data,
phage/PX654436.1/proteins.faa,b4e3ee7976c7b75338148efa7d7ff4c069b1fad973afe44516ccaf333ccf7e8c,66219,237.0,2026-05-08T05:19:42Z,PX654436.1,00_raw_data,
phage/PX655697.1/cds.fna,94a0b555cb5ebbcbc07912991a57c6ae3386ff56c72e0a9a7af26ffc4456da7c,150003,218.0,2026-05-08T05:19:42Z,PX655697.1,00_raw_data,
phage/PX655697.1/genome.fna,e1c40039b68738bcff875ca046dcd6779805fbe57b363bf515a697be85add539,142937,1.0,2026-05-08T05:19:42Z,PX655697.1,00_raw_data,
phage/PX655697.1/proteins.faa,37ac1f773fc87be229f99842c50984816d2f2c95b3e450aaaedb03c7e0ae376a,63805,218.0,2026-05-08T05:19:42Z,PX655697.1,00_raw_data,
phage/PX667142.1/cds.fna,d1493fa64e9eed8fd0276d0eec12c425523ad81fbfb1e82df41d506dd5cebe7d,52194,59.0,2026-05-08T05:19:42Z,PX667142.1,00_raw_data,
phage/PX667142.1/genome.fna,1f278b572b3251bdbf26b000694d72cbaaf162b7641e05bac5273303ab1a8ec3,132591,1.0,2026-05-08T05:19:42Z,PX667142.1,00_raw_data,
phage/PX667142.1/proteins.faa,a386f95fcf8927e557ba84aed0ff6295b00076380090f6a555086177b3eb20bb,11624,50.0,2026-05-08T05:19:42Z,PX667142.1,00_raw_data,
phage/PX670425.1/genome.fna,1a160a6756b50b7576d1c86b639866e062054f1c35ac0a1737f6a3e0d98f17d3,62355,1.0,2026-05-08T05:19:42Z,PX670425.1,00_raw_data,
phage/PX670425.1/proteins.faa,01ba4719c80b6fe911b091a7c05124b64eeece964e09c058ef8f9805daca546b,1,,2026-05-08T05:19:42Z,PX670425.1,00_raw_data,
phage/PX673948.1/cds.fna,b21baafe66f56315cd54a4b43bd69f078f370c1f94e8a10b943810f331565f03,46586,53.0,2026-05-08T05:19:42Z,PX673948.1,00_raw_data,
phage/PX673948.1/genome.fna,bfefd7d34dd836064be8eb6d194f64ac924e8fbfc8568f5eab57e30a10c6095c,47651,1.0,2026-05-08T05:19:42Z,PX673948.1,00_raw_data,
phage/PX673948.1/proteins.faa,01ba4719c80b6fe911b091a7c05124b64eeece964e09c058ef8f9805daca546b,1,,2026-05-08T05:19:42Z,PX673948.1,00_raw_data,
phage/PX673949.1/cds.fna,c96ccd25afcc19b4bb9950c636008a6de162ad7a6fb09cecba1d00b92de331af,98476,127.0,2026-05-08T05:19:42Z,PX673949.1,00_raw_data,
phage/PX673949.1/genome.fna,33e59786418bccb170fb2a49eb0be00299f65728a1c2ef4b9da1f09789ebd412,102307,1.0,2026-05-08T05:19:42Z,PX673949.1,00_raw_data,
phage/PX673949.1/proteins.faa,2b61a51082d855f75237089aa5cc71a7b36e24eaa43bd4c7469957eddd9c1962,32702,130.0,2026-05-08T05:19:42Z,PX673949.1,00_raw_data,
phage/PX674298.1/cds.fna,16f21f5b6081910dbf2c5fb573479b5bd76434d62c7fc69658825f7744f2bf5f,147412,216.0,2026-05-08T05:19:42Z,PX674298.1,00_raw_data,
phage/PX674298.1/genome.fna,03976a6abfaf2f2840319e453072769a0259c64c7af5ad688e19c361af6e8215,155181,1.0,2026-05-08T05:19:42Z,PX674298.1,00_raw_data,
phage/PX674298.1/proteins.faa,34ece36395a73826ce889566bd230f1493b6ac9190a4519cf701ebc58d0b54d2,74340,223.0,2026-05-08T05:19:42Z,PX674298.1,00_raw_data,
phage/PX677422.1/cds.fna,94f5262369e1029cc058be2eb017a7b8a24b6afacd199d69fd895764e9161e6f,49728,79.0,2026-05-08T05:19:42Z,PX677422.1,00_raw_data,
phage/PX677422.1/genome.fna,ba86edf4e8f6bc4811b5afb7699773ba7222b5406e46b86242f335f9c5b560d0,48437,1.0,2026-05-08T05:19:42Z,PX677422.1,00_raw_data,
phage/PX677422.1/proteins.faa,bc4d5611554eaae1501c82be0bed151c1106268b6914df0fa195aab0d5c054e0,19998,79.0,2026-05-08T05:19:42Z,PX677422.1,00_raw_data,
phage/PX680747.1/cds.fna,38c3543b1420e691f6cc0a12f31e055bc8f7a44ccaaabed6b4f93f27361a6135,45182,53.0,2026-05-08T05:19:42Z,PX680747.1,00_raw_data,
phage/PX680747.1/genome.fna,27aa201e3e3e799e9128e1ddad3a425a9c1b2d877fb1fe7c721fe77136c6fd72,43088,1.0,2026-05-08T05:19:42Z,PX680747.1,00_raw_data,
phage/PX680747.1/proteins.faa,78d81386e46ae663dd10a3ed67a1de48aeb439f7db918bceaa0e1e37d77444ff,19905,53.0,2026-05-08T05:19:42Z,PX680747.1,00_raw_data,
phage/PX680748.1/cds.fna,7fdc73fefc014edbfc4eeaad9b0f5798f9f86c617ad81643afd3611988f2fbd5,77641,84.0,2026-05-08T05:19:42Z,PX680748.1,00_raw_data,
phage/PX680748.1/genome.fna,1b2cd96ff666a7344925097d5314be76b4b4798452a847fcb70d8bb6f913e19b,77023,1.0,2026-05-08T05:19:42Z,PX680748.1,00_raw_data,
phage/PX680748.1/proteins.faa,d74308565dc6e99a008e75201ff55f0eb064ea68afbef0457e2b7086cfa1d8d6,23067,84.0,2026-05-08T05:19:42Z,PX680748.1,00_raw_data,
phage/PX682299.1/cds.fna,a08a9cf751a1c45a758545e1adc5939738207c49af33129f54f6ba935c6879e6,48753,72.0,2026-05-08T05:19:42Z,PX682299.1,00_raw_data,
phage/PX682299.1/genome.fna,805e1a097d1f4a970d1b2c46064543ae895de8f72210bfdc2ec6bbeee171a0e2,44032,1.0,2026-05-08T05:19:42Z,PX682299.1,00_raw_data,
phage/PX682299.1/proteins.faa,5ac7a092140dfa1b51b8324a3ce312ebf1e88d9351533ada9c91d823c63fa252,27292,72.0,2026-05-08T05:19:42Z,PX682299.1,00_raw_data,
phage/PX682300.1/cds.fna,b4c0042a952b34ec17fa2105cb71616b9fd73605d1ea40e978bf12cfe0c17e5b,48385,73.0,2026-05-08T05:19:42Z,PX682300.1,00_raw_data,
phage/PX682300.1/genome.fna,52e2377261cbcac901bc497c162388509158ab5983fc2f764f46d3f100e98ec4,44497,1.0,2026-05-08T05:19:42Z,PX682300.1,00_raw_data,
phage/PX682300.1/proteins.faa,0accbc55641cc14e0184d866f14aa7942f7767985ae1ac2aef33044a7083e3bd,22624,72.0,2026-05-08T05:19:42Z,PX682300.1,00_raw_data,
phage/PX682301.1/cds.fna,07b8e20d595f4306a25b494e245fed207866e75d38b8981345f5ed3e3eb93fec,48028,69.0,2026-05-08T05:19:42Z,PX682301.1,00_raw_data,
phage/PX682301.1/genome.fna,cef8bad56b79cc8fbb04aaa23187f37e0a6fe7a36e6d7b0f50b1689b0d48e3c2,43174,1.0,2026-05-08T05:19:42Z,PX682301.1,00_raw_data,
phage/PX682301.1/proteins.faa,c4aa47fcab45ec559fea4659259d10b757a7bf55b59af31ff9bcba6b478e322f,19544,69.0,2026-05-08T05:19:42Z,PX682301.1,00_raw_data,
phage/PX682302.1/cds.fna,03eed7cae24825b46d777f3c2e80a20253449baf792834135dd11ffdd9fff5cb,49909,76.0,2026-05-08T05:19:42Z,PX682302.1,00_raw_data,
phage/PX682302.1/genome.fna,0251768d8b984dc93069712cb71b27a66f5ed077c9c722a4669d54c9e18badbd,45561,1.0,2026-05-08T05:19:42Z,PX682302.1,00_raw_data,
phage/PX682302.1/proteins.faa,0e9d08ffa95b1f515fd484fee8cdd1639cdf7ae0673df4acdb668098e5da193b,20434,76.0,2026-05-08T05:19:42Z,PX682302.1,00_raw_data,
phage/PX682303.1/cds.fna,bc7b64f62b094e8cd49496d87e59e838a49df97a29efc72b7269ed04eea33213,50528,72.0,2026-05-08T05:19:42Z,PX682303.1,00_raw_data,
phage/PX682303.1/genome.fna,bccaa8d0268f68905f3e8a84fc87fec8e1bcdbbdf3525f5b4fe8713be3df2ded,46533,1.0,2026-05-08T05:19:42Z,PX682303.1,00_raw_data,
phage/PX682303.1/proteins.faa,f735bc9ce689fb9c7e83d43747cea1102fbae01d04264e778e177f61d07643eb,20532,72.0,2026-05-08T05:19:42Z,PX682303.1,00_raw_data,
phage/PX682304.1/cds.fna,bedd79399d9a2f6ee6dfbfc9b1514a81c9a901fd5d0b6d59b6508172db6bb0f4,50160,76.0,2026-05-08T05:19:42Z,PX682304.1,00_raw_data,
phage/PX682304.1/genome.fna,87e2526a21a0af5506e8f0b2f16943a6ecf421410fd105b9dbfd98535788f98f,45433,1.0,2026-05-08T05:19:42Z,PX682304.1,00_raw_data,
phage/PX682304.1/proteins.faa,391fb3b5ccea5bddbc70f0072a07da160f86e8065be3cf06adc04cf1523ddd98,20609,76.0,2026-05-08T05:19:42Z,PX682304.1,00_raw_data,
phage/PX682305.1/cds.fna,e5bbc7acdb6324bd5d73b9541026fccdbe1552a2c5d6f1a2cded411e5543b661,47686,69.0,2026-05-08T05:19:42Z,PX682305.1,00_raw_data,
phage/PX682305.1/genome.fna,1f660351af71ec3d307f460dc258a629c07a60c2430779d4dd0235cfda7ab279,43113,1.0,2026-05-08T05:19:42Z,PX682305.1,00_raw_data,
phage/PX682305.1/proteins.faa,80fe49a490ab277ee90d1d7d9439a1148c039ef7d8a79aa2533292aafcd13d49,19353,69.0,2026-05-08T05:19:42Z,PX682305.1,00_raw_data,
phage/PX682306.1/cds.fna,b28c90c488b0e4b592353e4de600ee47a8259b2f36fa4a7d3f086aaa92fcb08b,51109,75.0,2026-05-08T05:19:42Z,PX682306.1,00_raw_data,
phage/PX682306.1/genome.fna,b291d864c6664f3fa8ce6e8386162db87d42c6062d64eb3d746a079e677fbe6e,46860,1.0,2026-05-08T05:19:42Z,PX682306.1,00_raw_data,
phage/PX682306.1/proteins.faa,bd2c1e3a676dcbae9467141adc8ffad5f1b3b31e84ef0b25951396f297e8b322,20782,75.0,2026-05-08T05:19:42Z,PX682306.1,00_raw_data,
phage/PX682307.1/cds.fna,1cb01b5cad4ba09f5b1ed764f93c5f48892101a0d2f2be6342526f32500a3ca0,51300,76.0,2026-05-08T05:19:42Z,PX682307.1,00_raw_data,
phage/PX682307.1/genome.fna,d7f6f42711f68775c9a3d01eb128998036ebb8c0bb7163aacb908b649b819ab8,46886,1.0,2026-05-08T05:19:42Z,PX682307.1,00_raw_data,
phage/PX682307.1/proteins.faa,93c4cf7fc08a1c7d15a59eefd8608194d20ef8ef61b79210352f3b70b6b9107b,20896,76.0,2026-05-08T05:19:42Z,PX682307.1,00_raw_data,
phage/PX682308.1/cds.fna,1152cd7c12483c8c11c530baa023ec4cd379902d5690035cf9798f5ec23bed20,49558,78.0,2026-05-08T05:19:42Z,PX682308.1,00_raw_data,
phage/PX682308.1/genome.fna,f2dfbe51c2423c6e6db1f2e45f606a8f479b48d586822af2e3890e077a05bb5a,45201,1.0,2026-05-08T05:19:42Z,PX682308.1,00_raw_data,
phage/PX682308.1/proteins.faa,75a2283cb974dc9b9711151facf4266560ebd988a6192b547baa797da879661f,20427,78.0,2026-05-08T05:19:42Z,PX682308.1,00_raw_data,
phage/PX682309.1/cds.fna,9b260fde609caaf3389e7137b7ff8c5dc7cac0e98526dbd986b3eee9e439e9c2,49994,76.0,2026-05-08T05:19:42Z,PX682309.1,00_raw_data,
phage/PX682309.1/genome.fna,c34a0a32ad2584adbf61fa73049124678e164b73009ced5a1beeaca755cfb7a7,45251,1.0,2026-05-08T05:19:42Z,PX682309.1,00_raw_data,
phage/PX682309.1/proteins.faa,b3c1b695bb2940bbe80c3c0a895966e0cac34477aab85b81cc2b348cbef162bc,20521,76.0,2026-05-08T05:19:42Z,PX682309.1,00_raw_data,
phage/PX682310.1/cds.fna,4f3842b8b3bf3ec2733ceb5bcb14e94f63ceb21edeebc1e83bb2428a5dc47b04,50023,76.0,2026-05-08T05:19:42Z,PX682310.1,00_raw_data,
phage/PX682310.1/genome.fna,ece0f2f65d3c27615cdff5b5880e826ec6661d32eff75fc5080ee622111e2dad,45379,1.0,2026-05-08T05:19:42Z,PX682310.1,00_raw_data,
phage/PX682310.1/proteins.faa,47888162ec33bfab5eaab4c6b446650da06f47d8ae791d3d7b577707c2bdb11e,20523,76.0,2026-05-08T05:19:42Z,PX682310.1,00_raw_data,
phage/PX682311.1/cds.fna,1723b06fff8d9f3351103c3d5309f7dadd8bc2b8ea364f7f1933bbfa1820e7d9,49820,77.0,2026-05-08T05:19:42Z,PX682311.1,00_raw_data,
phage/PX682311.1/genome.fna,097742cc71a0e16b2541d0fbce67391931240d072fa8d739b4c8232ee0e57665,44602,1.0,2026-05-08T05:19:42Z,PX682311.1,00_raw_data,
phage/PX682311.1/proteins.faa,4762a880bce191cc3df9b92f089d6f1c8f6f5aedf3f313183d2a48123b2b1b1b,20463,77.0,2026-05-08T05:19:42Z,PX682311.1,00_raw_data,
phage/PX682312.1/cds.fna,235955ad55661942e9d25d34ce5f28a5d5aa36775554234435fa67225d92a9f6,50021,79.0,2026-05-08T05:19:42Z,PX682312.1,00_raw_data,
phage/PX682312.1/genome.fna,f30cb611649d84ac7d871594c8f418d8d7bd50c10208981d58292964fd0620e2,44828,1.0,2026-05-08T05:19:42Z,PX682312.1,00_raw_data,
phage/PX682312.1/proteins.faa,f0abbb9ba5359e5f68a43c1d7a26eabf1f018543d64dcac37c9f3753f1d64b52,20620,79.0,2026-05-08T05:19:42Z,PX682312.1,00_raw_data,
phage/PX682313.1/cds.fna,aa88289846bd04e6cc9e73c9b414b8a0ca384750f9e323e254b448a609c0aeb4,50049,76.0,2026-05-08T05:19:42Z,PX682313.1,00_raw_data,
phage/PX682313.1/genome.fna,f24e8aca3d89d977ad81864ce4a2b2465beb5af4c7107b270d91dfd319f0bc55,45074,1.0,2026-05-08T05:19:42Z,PX682313.1,00_raw_data,
phage/PX682313.1/proteins.faa,02835c6c29a4e7441877f2200da241be030baad603ce820f9687e0b80d94b77c,20481,76.0,2026-05-08T05:19:42Z,PX682313.1,00_raw_data,
phage/PX682314.1/cds.fna,9090d407619589a2653c7e9ff1ef211c88da972c036d092daa0bb798a23566a0,49889,75.0,2026-05-08T05:19:42Z,PX682314.1,00_raw_data,
phage/PX682314.1/genome.fna,159a8d6f979a38ecdd3b7ba804df70698b972b066c331ef5c9c426d67133478c,44654,1.0,2026-05-08T05:19:42Z,PX682314.1,00_raw_data,
phage/PX682314.1/proteins.faa,9ec38950b8acf8058bbdb318e989dabcdd7934143b4b319c407b00aaf8fdf696,20381,75.0,2026-05-08T05:19:42Z,PX682314.1,00_raw_data,
phage/PX682315.1/cds.fna,9ced576c77f66fdb35ed078ec6f9fc49629b0ddc8bfb468954c4c14576e6bced,50488,68.0,2026-05-08T05:19:42Z,PX682315.1,00_raw_data,
phage/PX682315.1/genome.fna,4611e47e5c0148d728e215d1eaac1e255d6e1260565a748f849af500bcf3984a,46838,1.0,2026-05-08T05:19:42Z,PX682315.1,00_raw_data,
phage/PX682315.1/proteins.faa,27ddc74ee33bcc6bfd18a30c1a7ed2e1d3eec0d7cc914ff2795ccf9c3b0dd109,20297,68.0,2026-05-08T05:19:42Z,PX682315.1,00_raw_data,
phage/PX682316.1/cds.fna,3f23541e3fa9a255ca5f3ecd8cefe2466e5c90c76654284c2e96ece916ee512d,50102,73.0,2026-05-08T05:19:42Z,PX682316.1,00_raw_data,
phage/PX682316.1/genome.fna,c1840afea99874ccc18b57c7dbbccbf13120ead1ae40f7cfedebf03223e3efe2,45512,1.0,2026-05-08T05:19:42Z,PX682316.1,00_raw_data,
phage/PX682316.1/proteins.faa,0795da070788b4a18eb2145534e4e9619e3e99d69c40a6e74f6a04a873989661,20444,73.0,2026-05-08T05:19:42Z,PX682316.1,00_raw_data,
phage/PX682317.1/cds.fna,c936e181b69d087cf8297dff179447c672ed02eed53d4dccbe7f77971c96fec4,49994,76.0,2026-05-08T05:19:42Z,PX682317.1,00_raw_data,
phage/PX682317.1/genome.fna,6eb41a5f4a2aa83939198cd39e6c3408336b158576ee9006f1516eaba745d3fe,45251,1.0,2026-05-08T05:19:42Z,PX682317.1,00_raw_data,
phage/PX682317.1/proteins.faa,d550d664da9621a0fb8190257627d539663f4a4c45d9b1a7613c8e75e876ab49,20521,76.0,2026-05-08T05:19:42Z,PX682317.1,00_raw_data,
phage/PX682318.1/cds.fna,913e0c9d64af655155661024cc7a73d49bb4864de9d916bb06edb727923b269e,50631,74.0,2026-05-08T05:19:42Z,PX682318.1,00_raw_data,
phage/PX682318.1/genome.fna,97e2085b3b51a6ec6e4513276e861103ad05f8f48b6cf90c18b2be7a1989252a,46434,1.0,2026-05-08T05:19:42Z,PX682318.1,00_raw_data,
phage/PX682318.1/proteins.faa,f17fa323e312409dbe577c22bd35d342ca045ced5d11726da11d12846e60859e,20620,74.0,2026-05-08T05:19:42Z,PX682318.1,00_raw_data,
phage/PX682319.1/cds.fna,d1bad5e5d8365d2866b6e70cfdaf4910acd9ce04f362238b1ba9317957fb491d,50048,69.0,2026-05-08T05:19:42Z,PX682319.1,00_raw_data,
phage/PX682319.1/genome.fna,8eea1e14038ca0b7a2eeb9ae254531901938345e5568785d7ac9ce5289aac4e0,46838,1.0,2026-05-08T05:19:42Z,PX682319.1,00_raw_data,
phage/PX682319.1/proteins.faa,3959be6cbaaea278f27b078c8ff1769203bf5afe7035190426ee0d351c2f86e5,20150,69.0,2026-05-08T05:19:42Z,PX682319.1,00_raw_data,
phage/PX682320.1/cds.fna,f4ecdc82f8af0be8aea78b39ca9d4c83738d84c10d91b6bc0dc5a471cafd9e95,50101,73.0,2026-05-08T05:19:42Z,PX682320.1,00_raw_data,
phage/PX682320.1/genome.fna,d95424cb4ae5d3c2ad4d949ab5984b88b887c5b7924202e99660a3bedab2ae54,45511,1.0,2026-05-08T05:19:42Z,PX682320.1,00_raw_data,
phage/PX682320.1/proteins.faa,b1bd912b6dea7808eef560c0727102e2f6b5a8828244280326ec4c143eebba1d,20387,73.0,2026-05-08T05:19:42Z,PX682320.1,00_raw_data,
phage/PX682321.1/cds.fna,f54f98dcd9cf5ca1bf7d3dce4d10fced6730ed88b7ed6561b9ed99a264678e4d,47960,72.0,2026-05-08T05:19:42Z,PX682321.1,00_raw_data,
phage/PX682321.1/genome.fna,e57266bb963aab74b62cf290064a16463b1884607cc8c577b1ec5ec744b575a3,43894,1.0,2026-05-08T05:19:42Z,PX682321.1,00_raw_data,
phage/PX682321.1/proteins.faa,ae6ba39795cf643562e9060c47ef3b60af10ee3eb3d086e58b1b0fe348774e37,19605,72.0,2026-05-08T05:19:42Z,PX682321.1,00_raw_data,
phage/PX682322.1/cds.fna,ded84b08c8e8b91a1daa5f15ba670962b361393d31d59eef8f3ac453ae1ee3a1,49711,74.0,2026-05-08T05:19:42Z,PX682322.1,00_raw_data,
phage/PX682322.1/genome.fna,cd8f3768868ec3e31a1179fb7ea36c334dcbc5f963652f86618bf9744f0e51e9,45417,1.0,2026-05-08T05:19:42Z,PX682322.1,00_raw_data,
phage/PX682322.1/proteins.faa,54bb30afb42d8badec6d78ccc4e3bdc4ebe13792e3e55c89653d8ccb9e544036,20358,74.0,2026-05-08T05:19:42Z,PX682322.1,00_raw_data,
phage/PX682323.1/cds.fna,270b5f9326a93a4fabe8f9506abbd5e129ffbab36fedaab5a8687a7ef1178755,51309,79.0,2026-05-08T05:19:42Z,PX682323.1,00_raw_data,
phage/PX682323.1/genome.fna,8c7ab6cc3195f681195e9b75fa702a3c359a2b85d6aac6145c1062424f16e527,47471,1.0,2026-05-08T05:19:42Z,PX682323.1,00_raw_data,
phage/PX682323.1/proteins.faa,42ec137360a510c6ae25f787bf5b303412c2d873ba7715c33571ce0c3196a0cc,21040,79.0,2026-05-08T05:19:42Z,PX682323.1,00_raw_data,
phage/PX682324.1/cds.fna,03a64fb772e0d1981aa42d1a988d99ebfb7c352473f8b8c848ec5d387cd17ac3,49714,78.0,2026-05-08T05:19:42Z,PX682324.1,00_raw_data,
phage/PX682324.1/genome.fna,76ffca11b51d1af9452785d7a696e8d5c208e5945d00ca9f3aaa7d2c66a5fb4a,45634,1.0,2026-05-08T05:19:42Z,PX682324.1,00_raw_data,
phage/PX682324.1/proteins.faa,608a13e6e409c8512c57c76da1b463287b9e66131377b335c56743e7e58e1bc5,20448,78.0,2026-05-08T05:19:42Z,PX682324.1,00_raw_data,
phage/PX682327.1/cds.fna,f86972fdcf3310f7234d0f7764d5091634c7bd810aa7faf9bf7a17f66385e715,51489,80.0,2026-05-08T05:19:42Z,PX682327.1,00_raw_data,
phage/PX682327.1/genome.fna,f786079661e746c10785986dcf60538af0f80ecce2a9a29445585a43db7a2725,46741,1.0,2026-05-08T05:19:42Z,PX682327.1,00_raw_data,
phage/PX682327.1/proteins.faa,a7f8d038bb630339fb15c5af62b03c5b6167cdb5f0ad56b2609af0b26ee159ca,21201,80.0,2026-05-08T05:19:42Z,PX682327.1,00_raw_data,
phage/PX682328.1/cds.fna,4da3ca89022028c25954a8e546e2bfc1adb131a9d40856f369bf356bee779f12,50857,75.0,2026-05-08T05:19:42Z,PX682328.1,00_raw_data,
phage/PX682328.1/genome.fna,1ab0434b38a9287f0f5995cf43c6a8472b4a00f477b92ac52948070bfe838d03,46372,1.0,2026-05-08T05:19:42Z,PX682328.1,00_raw_data,
phage/PX682328.1/proteins.faa,83f5f3a2bed617925a659f9deae0a0b0988f994f39ce96122d606131ee996dc4,20681,75.0,2026-05-08T05:19:42Z,PX682328.1,00_raw_data,
phage/PX682329.1/cds.fna,c8e0d298b74d8e790ce5ab989f145dc2529f9a7d66c8b3665c8c99d7de0d417f,51762,79.0,2026-05-08T05:19:42Z,PX682329.1,00_raw_data,
phage/PX682329.1/genome.fna,f9009b7b22147333db672a2d532db5a21436033d64cb02e2b9f04168f98fe2d3,47657,1.0,2026-05-08T05:19:42Z,PX682329.1,00_raw_data,
phage/PX682329.1/proteins.faa,4df95032fc0546938bc8eb181ad012ec0ab90dde4196aea7d63be5fac7ef0c52,21292,79.0,2026-05-08T05:19:42Z,PX682329.1,00_raw_data,
phage/PX682330.1/cds.fna,d4a661a932c695a3b8e9182e3b197e572d67a9e556103023ea9c4ef6be4728e1,51456,77.0,2026-05-08T05:19:42Z,PX682330.1,00_raw_data,
phage/PX682330.1/genome.fna,9c241f5161963167aed9f5a67965bed889959e0b71e6ab709cd346fdd7c8c559,47665,1.0,2026-05-08T05:19:42Z,PX682330.1,00_raw_data,
phage/PX682330.1/proteins.faa,ace6b11b6357fe3cf0ad3b818027b23b2ef545a5b16554da61a97c63599886e6,21038,77.0,2026-05-08T05:19:42Z,PX682330.1,00_raw_data,
phage/PX725649.1/cds.fna,b3ad4604d601b9d763f05fdc8d5eca0b21a135cf09e3624f463891c315f59e2e,45741,53.0,2026-05-08T05:19:42Z,PX725649.1,00_raw_data,
phage/PX725649.1/genome.fna,0108541ac0adc1608892f58d4f3e22c227d5dc494f2bc4ba86bc39ac81d9b96a,43791,1.0,2026-05-08T05:19:42Z,PX725649.1,00_raw_data,
phage/PX725649.1/proteins.faa,9e0ec67044cd160610d987192d7e9297e8e7c1d5d92e1a3513d75fcee3448c04,12926,53.0,2026-05-08T05:19:42Z,PX725649.1,00_raw_data,
phage/PX725670.1/cds.fna,26ff7f9640bb6e9d63e1548e5be1748d813ccce3a7a0e28f0a9908ffaef2c202,99735,170.0,2026-05-08T05:19:42Z,PX725670.1,00_raw_data,
phage/PX725670.1/genome.fna,3e01ae66eb528d913229329806b7565eff0d1280e98890cf834873b490980c19,94200,1.0,2026-05-08T05:19:42Z,PX725670.1,00_raw_data,
phage/PX725670.1/proteins.faa,05c2a7314fa6060732935eeabfa33b9f0cf72f5655046efb49899b2e0804ca86,54183,185.0,2026-05-08T05:19:42Z,PX725670.1,00_raw_data,
phage/PX753197.1/cds.fna,77ff7070e3857221e5bb989c7a53cf05866ce86f96f12850908000a29e52d081,48600,63.0,2026-05-08T05:19:42Z,PX753197.1,00_raw_data,
phage/PX753197.1/genome.fna,38de99cdbc2aa404213c525a1fa0f7282181c2ea1e54b86889c9c97945d79189,44880,1.0,2026-05-08T05:19:42Z,PX753197.1,00_raw_data,
phage/PX753197.1/proteins.faa,e6a42e44be4735eee34e5d6d6a0064db6ca57e913eb8a7b426625672897644ff,14200,63.0,2026-05-08T05:19:42Z,PX753197.1,00_raw_data,
phage/PX753198.1/cds.fna,89c189c66903404e58dc3160bb2dbf734c1895163824636ed1e58d1cbb75999f,47930,60.0,2026-05-08T05:19:42Z,PX753198.1,00_raw_data,
phage/PX753198.1/genome.fna,18333916e8f4175a3a8b3b45d7dcbe427d921189c2533f65b8d0cdb3888edbc0,44880,1.0,2026-05-08T05:19:42Z,PX753198.1,00_raw_data,
phage/PX753198.1/proteins.faa,17fb11e37ba37ff817179e9c527ca221e0403137bc503ae75541d9e4743597be,18638,60.0,2026-05-08T05:19:42Z,PX753198.1,00_raw_data,
phage/PX753199.1/cds.fna,dedae7c15d2085a1551dafaf64f0f954afabea03aa32a7b0fb5adf082fa2cb95,48404,61.0,2026-05-08T05:19:42Z,PX753199.1,00_raw_data,
phage/PX753199.1/genome.fna,0ff806daaedf58aa120eab89bb828f834433e591b6c49456fc325c28d2dcae57,45126,1.0,2026-05-08T05:19:42Z,PX753199.1,00_raw_data,
phage/PX753199.1/proteins.faa,79930dadf69fa0c280f6d333b6ee5fd4db7f9eb8b793c04843de7e438d46cff7,18694,61.0,2026-05-08T05:19:42Z,PX753199.1,00_raw_data,
phage/PX787798.1/cds.fna,4a2232b721b634272e1b2225c8f84e494fe2e688c7740a76a05ca156817f246b,16680,17.0,2026-05-08T05:19:42Z,PX787798.1,00_raw_data,
phage/PX787798.1/genome.fna,99633f5c2615f768e75f20af152241ccb6ae8ebc32bd56e7e6f102fba4684b9f,17290,1.0,2026-05-08T05:19:42Z,PX787798.1,00_raw_data,
phage/PX787798.1/proteins.faa,cb3147c8060aa5db5340c40bedb31c86e202ad2aff5a319c51591649618f9f2a,6696,17.0,2026-05-08T05:19:42Z,PX787798.1,00_raw_data,
phage/PX789324.1/cds.fna,ed88b9f6ff8595fd92c57b0f4d1119afea5e041c0f8dc39e8ec4b1f94155f932,64760,88.0,2026-05-08T05:19:42Z,PX789324.1,00_raw_data,
phage/PX789324.1/genome.fna,f210ae044cc54e851f51329ab720bb76fb5038b36a1c8d1fcb58797758f83073,59699,1.0,2026-05-08T05:19:42Z,PX789324.1,00_raw_data,
phage/PX789324.1/proteins.faa,319dfeb4ef5f293ea39ccbfebcc28060e4bb087a219f08e6913b15e895768e20,21841,88.0,2026-05-08T05:19:42Z,PX789324.1,00_raw_data,
phage/PX789325.1/cds.fna,8ad43ed7ac94788d20bd176e920dd88cbb78aa6d42555c49b6a8a3752a40e6f2,66980,82.0,2026-05-08T05:19:42Z,PX789325.1,00_raw_data,
phage/PX789325.1/genome.fna,ceedb480ee6444986cab970fbacb55c3929890661c0775709b037b009cba6138,61763,1.0,2026-05-08T05:19:42Z,PX789325.1,00_raw_data,
phage/PX789325.1/proteins.faa,5717a59b91aa257a7d59315987e2ec699a0b1037a6c3ceaf4c51f7f4174b5e49,17298,82.0,2026-05-08T05:19:42Z,PX789325.1,00_raw_data,
phage/PX789326.1/cds.fna,35e6fc084fc3375c84758d8aa956c7bf3b6d73c289591a3dc08c1134be5a8d1c,66184,81.0,2026-05-08T05:19:42Z,PX789326.1,00_raw_data,
phage/PX789326.1/genome.fna,9f1ac714cbb10c0eb3935550817aa7be5a5fcc99bb7b4f9ae328aada552b3c3e,61004,1.0,2026-05-08T05:19:42Z,PX789326.1,00_raw_data,
phage/PX789326.1/proteins.faa,008876cbf82b7967fef0cf497aebb8856b377f8116ced80aefcba44150f6de16,30875,81.0,2026-05-08T05:19:42Z,PX789326.1,00_raw_data,
phage/PX789327.1/cds.fna,46d874b328729f9a86bca95bb686b783173ca3ec5c8b8018b7b01fb89582ea22,66482,81.0,2026-05-08T05:19:42Z,PX789327.1,00_raw_data,
phage/PX789327.1/genome.fna,f2285fd2ac0ac65017bedd1e0cf379f539652bf8fd75be1cce171449c826c07a,61088,1.0,2026-05-08T05:19:42Z,PX789327.1,00_raw_data,
phage/PX789327.1/proteins.faa,fe6bc0f454f37659bc9e3a0233142c50b8124e7cb27ccb40f0370bbf12b28ccc,18826,81.0,2026-05-08T05:19:42Z,PX789327.1,00_raw_data,
phage/PX789328.1/cds.fna,d7abd60855fc1f0aad325b385a440bfdabe5cdb3df6f099a3d39221e467cc00c,70453,82.0,2026-05-08T05:19:42Z,PX789328.1,00_raw_data,
phage/PX789328.1/genome.fna,3ac20cc9c7432ec14cc5dfbfe16692bb0d78b39e82fa83a6b14a514d77cf1785,65704,1.0,2026-05-08T05:19:42Z,PX789328.1,00_raw_data,
phage/PX789328.1/proteins.faa,93ab418f92d756908a9193b6a9388c896f4ad50ae7faae1166e2a807fc2d047d,30993,82.0,2026-05-08T05:19:42Z,PX789328.1,00_raw_data,
phage/PX789329.1/cds.fna,bc4b6f64157b5c8eef58fc1263889f2b2ca4683de9da39f7ead4a9c41acb30af,60379,88.0,2026-05-08T05:19:42Z,PX789329.1,00_raw_data,
phage/PX789329.1/genome.fna,0f171a72a2984ace4a94aaba5428239594cd48e2cc53635ecaef43ccbab07a07,57845,1.0,2026-05-08T05:19:42Z,PX789329.1,00_raw_data,
phage/PX789329.1/proteins.faa,05f9bbd2a0fc1d48fab66b2d95826a8d90d69b3f357bca4944498d2476b39145,26245,88.0,2026-05-08T05:19:42Z,PX789329.1,00_raw_data,
phage/PX789330.1/cds.fna,58030752eb739d9127678c674896ac4508db2f70294a300e0ca4c06acb658811,49671,70.0,2026-05-08T05:19:42Z,PX789330.1,00_raw_data,
phage/PX789330.1/genome.fna,0931205f23e72939e8be42c491812199043736b5bc308c92f6165c9830660d0e,45416,1.0,2026-05-08T05:19:42Z,PX789330.1,00_raw_data,
phage/PX789330.1/proteins.faa,2ed3e614226115c722eb63768f5d6f8062c8b8fa3c676a3ed13f49944c8a32f5,22906,70.0,2026-05-08T05:19:42Z,PX789330.1,00_raw_data,
phage/PX828561.1/cds.fna,31b95139768830e5d75d0ea0dd1a43f582e0e7cb6fa9de43dd2c58520f0d20b5,79544,93.0,2026-05-08T05:19:42Z,PX828561.1,00_raw_data,
phage/PX828561.1/genome.fna,e2b5e13e98853f0a30427e883874122df8304a654f51e9c13ff91131916bf67a,75965,1.0,2026-05-08T05:19:42Z,PX828561.1,00_raw_data,
phage/PX828561.1/proteins.faa,968dc8c9ca302e07fd49cdc6be271174f806f9adb91b303965688f0ac3a78caf,29689,94.0,2026-05-08T05:19:42Z,PX828561.1,00_raw_data,
phage/PX828562.1/cds.fna,54dcfb4518b599e699c0666f126f1291b94cb94d5c99f65ffc43136d249dda86,79027,82.0,2026-05-08T05:19:42Z,PX828562.1,00_raw_data,
phage/PX828562.1/genome.fna,bcea6a94f5df2ea27d510283ab85f33843a9ca2104ce47d48a2319d71ecdda8a,75838,1.0,2026-05-08T05:19:42Z,PX828562.1,00_raw_data,
phage/PX828562.1/proteins.faa,119b15d00782cb47f37ba5b9281395bebe0e3247c69a4be7f458d9eee82512fd,26391,82.0,2026-05-08T05:19:42Z,PX828562.1,00_raw_data,
phage/PX828563.1/cds.fna,577a1dbaa16e684bb10aefcc79fafc210b97723e253a23b0c46f7b9cbdedf075,78281,92.0,2026-05-08T05:19:42Z,PX828563.1,00_raw_data,
phage/PX828563.1/genome.fna,93f39b80ad844bad049814aca9800fccec0db4102d3ae38fb11079f17616765c,75965,1.0,2026-05-08T05:19:42Z,PX828563.1,00_raw_data,
phage/PX828563.1/proteins.faa,c9cdcb7fd9fd9ef201046b313363ca63acc6a20a003a99207b3f5cf86ae25efc,30206,93.0,2026-05-08T05:19:42Z,PX828563.1,00_raw_data,
phage/PX828564.1/cds.fna,6f80430e5e3b3d687a349f03140429055d5305ffa922fc1ad3b11148a86acbf9,59688,77.0,2026-05-08T05:19:42Z,PX828564.1,00_raw_data,
phage/PX828564.1/genome.fna,5f0b4afc96a920ca053a630736b8a4772495c5a85702885b70f970623cc56f0f,57201,1.0,2026-05-08T05:19:42Z,PX828564.1,00_raw_data,
phage/PX828564.1/proteins.faa,1f3811a2c535b756781b7a04696263dae3bfd1e8313a1251ddfcf9fd4655d564,22479,77.0,2026-05-08T05:19:42Z,PX828564.1,00_raw_data,
phage/PX842512.1/cds.fna,450eca6f5891c99a134aa04232f5273a235ebe29856565fd59e5b33daa32e690,160419,224.0,2026-05-08T05:19:42Z,PX842512.1,00_raw_data,
phage/PX842512.1/genome.fna,71b3066f20718ef90c9292c31aad87b346f49a1f511aa9a7d8ab894f8bd24001,158558,1.0,2026-05-08T05:19:42Z,PX842512.1,00_raw_data,
phage/PX842512.1/proteins.faa,80416261b295a897be04023f928c422bf33d4f6f4472653f9b9e43ec1b0e03ed,63846,244.0,2026-05-08T05:19:42Z,PX842512.1,00_raw_data,
phage/PX842636.1/cds.fna,1107f4223bfb6a55d9442e091d5be2a1c300f1afedad6735c07e83a801ac5345,45286,67.0,2026-05-08T05:19:42Z,PX842636.1,00_raw_data,
phage/PX842636.1/genome.fna,27fb371b2f3c50b3348c9f4968b9cbe44e111d0a1ff302eafc07d101143f5543,44104,1.0,2026-05-08T05:19:42Z,PX842636.1,00_raw_data,
phage/PX842636.1/proteins.faa,5b33736bd532d9be4ac03ca31e6917ade68ed4bf7587fed7a3f610b6bf4d7717,22073,67.0,2026-05-08T05:19:42Z,PX842636.1,00_raw_data,
phage/PX842708.1/cds.fna,1427f9e5bc856ed7c4beebf3195dd259c7425e57ec669cd81ec181cc344378ff,136106,186.0,2026-05-08T05:19:42Z,PX842708.1,00_raw_data,
phage/PX842708.1/genome.fna,cb5839f5fddc036e3c3fb75660cf8b404f68ebde34c08aea27dd636a588968ba,138321,1.0,2026-05-08T05:19:42Z,PX842708.1,00_raw_data,
phage/PX842708.1/proteins.faa,b6f6ce5a0c8265c6bbf1cc24c1f0b34637df50e5a87bb7d2548138b9b18a8b2d,67515,187.0,2026-05-08T05:19:42Z,PX842708.1,00_raw_data,
phage/PX843004.1/cds.fna,9bf07e431b749ab8cdcd2433ae4f94ae6e407a35164d61bd65a441e03be07ba0,53408,70.0,2026-05-08T05:19:42Z,PX843004.1,00_raw_data,
phage/PX843004.1/genome.fna,12776393b2dd43dd2d14e56ae911dceac48c907a41942774faaa4f523aad2b24,50742,1.0,2026-05-08T05:19:42Z,PX843004.1,00_raw_data,
phage/PX843004.1/proteins.faa,f9f03aee47c352f3287fa63234ad1c5655183b603ef3dc51e2e2ccc2935f2fe3,23757,70.0,2026-05-08T05:19:42Z,PX843004.1,00_raw_data,
phage/PX843005.1/cds.fna,527068d3e0bcdc2440023213ffc2dad5c2073402654b673c66885270800875f3,49801,72.0,2026-05-08T05:19:42Z,PX843005.1,00_raw_data,
phage/PX843005.1/genome.fna,9c820af353c7ed7bb814d7a2cdab9751e8ac39cf25ae7030c835788a5da253ee,49996,1.0,2026-05-08T05:19:42Z,PX843005.1,00_raw_data,
phage/PX843005.1/proteins.faa,fc6a83221921e828623f4ef1550f5deba94e3233c1527213070dcaa7c1f3aeef,24904,72.0,2026-05-08T05:19:42Z,PX843005.1,00_raw_data,
phage/PX843006.1/cds.fna,def58ff04ee52de1f36e68c56fb482c0291d78b568c64e933f4fcf67b0810c5a,48417,68.0,2026-05-08T05:19:42Z,PX843006.1,00_raw_data,
phage/PX843006.1/genome.fna,a99746a3d0a9f9c9963b68452655f110117a022772fde0d685e898de612762d5,46547,1.0,2026-05-08T05:19:42Z,PX843006.1,00_raw_data,
phage/PX843006.1/proteins.faa,41b11a59d655500a816633237875df8794faafeb5aaeed6bb7cc45a2258006bc,21447,72.0,2026-05-08T05:19:42Z,PX843006.1,00_raw_data,
phage/PX843241.1/cds.fna,96cf8e70cab99d691854ebeca1c89af875244fc4ba468a825e8b891c8a73b530,45276,52.0,2026-05-08T05:19:42Z,PX843241.1,00_raw_data,
phage/PX843241.1/genome.fna,7bbfc03f39991e38cee78fd4a8c6f1427c3b4999afe88950f9622f9d0c33f88a,43900,1.0,2026-05-08T05:19:42Z,PX843241.1,00_raw_data,
phage/PX843241.1/proteins.faa,313318d371d874755bcc5034ca9b4b7d330177ee1fab5361472af5ba2bef9635,16934,52.0,2026-05-08T05:19:42Z,PX843241.1,00_raw_data,
phage/PX843242.1/cds.fna,39705b17607cac3e810a057a516fea7b447afb2cb5823afa1841730b8f5f04db,46484,57.0,2026-05-08T05:19:42Z,PX843242.1,00_raw_data,
phage/PX843242.1/genome.fna,52ac18e3ff977a3a39ed6645c5bcce38e0d9510761539a8432208813745927df,43523,1.0,2026-05-08T05:19:42Z,PX843242.1,00_raw_data,
phage/PX843242.1/proteins.faa,1afa9cb9cab0bb25c878b7786600070ae6cd48d9858cd7d4cc29a840149672b8,16083,57.0,2026-05-08T05:19:42Z,PX843242.1,00_raw_data,
phage/PX843243.1/cds.fna,5b0af7d87686b7913412b3b5854d07d1d4904a97f999f075da8ed21b2ddf695c,46721,61.0,2026-05-08T05:19:42Z,PX843243.1,00_raw_data,
phage/PX843243.1/genome.fna,6e64c48f7d4975ef0c7ac7d1021c2591c7a27ed29605ba5e971e190c564b8059,43483,1.0,2026-05-08T05:19:42Z,PX843243.1,00_raw_data,
phage/PX843243.1/proteins.faa,b1f438583d0b811a9716bc15dc93bd783d044b373da5c3ac479a222a218f0d8d,17810,61.0,2026-05-08T05:19:42Z,PX843243.1,00_raw_data,
phage/PX843244.1/cds.fna,6085ad40ba2a50ce806692bd0de58afdea361be83702170a6b5014711506bee6,41035,46.0,2026-05-08T05:19:42Z,PX843244.1,00_raw_data,
phage/PX843244.1/genome.fna,48683b80c0c09c2edc439b880f9e1ef42b482d92d2a690f393820d30b8540856,41376,1.0,2026-05-08T05:19:42Z,PX843244.1,00_raw_data,
phage/PX843244.1/proteins.faa,c47597046223267b610ee5a9afb1a70067ee099c13c486f273fcd136ecc6a2ea,13793,46.0,2026-05-08T05:19:42Z,PX843244.1,00_raw_data,
phage/PX843245.1/cds.fna,54ab8cb25ab0db61032e486ce2d54295ab14bc9817744cd8912afc9840c3fe9f,67803,87.0,2026-05-08T05:19:42Z,PX843245.1,00_raw_data,
phage/PX843245.1/genome.fna,28b48bb5078e3bdd86d8cd945045fed923bc63f23d1b4efd7aa4d56303ef37a2,64234,1.0,2026-05-08T05:19:42Z,PX843245.1,00_raw_data,
phage/PX843245.1/proteins.faa,a7ec0cd2cde09fef9dad109f279c3ab776225df3f2e552b6b60fe3faa70f4a85,18097,87.0,2026-05-08T05:19:42Z,PX843245.1,00_raw_data,
phage/PX843246.1/cds.fna,9ad0b342e7857d53cf7dec822787c73cc7fef9d9eeabe225e5fd3df1eed94c21,47507,68.0,2026-05-08T05:19:42Z,PX843246.1,00_raw_data,
phage/PX843246.1/genome.fna,aef49a441690925bee1c8c2144ee01cb9d26e2cb17999cf358110c90fad12ffb,45898,1.0,2026-05-08T05:19:42Z,PX843246.1,00_raw_data,
phage/PX843246.1/proteins.faa,b336e83f60bd9d3788b8d64f1825bf90e64e8996d30dfa36302ad6609b4c99aa,14667,68.0,2026-05-08T05:19:42Z,PX843246.1,00_raw_data,
phage/PX848770.1/cds.fna,c85ef0aee2d0daa6efca04083296c7f90f43a8e7f0a2985552b2e82c1e5a1574,138365,204.0,2026-05-08T05:19:42Z,PX848770.1,00_raw_data,
phage/PX848770.1/genome.fna,d939b8cc799157f787d87cbd272ce660b61f5d4328f67c486007ae0f710f99f2,135777,1.0,2026-05-08T05:19:42Z,PX848770.1,00_raw_data,
phage/PX848770.1/proteins.faa,50f6d6ef34347874ca6cf8f6c769071623dd28bde71203b00b823903369c3c61,75334,204.0,2026-05-08T05:19:42Z,PX848770.1,00_raw_data,
phage/PX852194.1/cds.fna,362df36101de8eefb021f70567869fe00d7d3ed59ae5cb08d282ad319b945906,85456,74.0,2026-05-08T05:19:42Z,PX852194.1,00_raw_data,
phage/PX852194.1/genome.fna,e90277c3d8656cd9825d1656bb7a39dde7a3add0d585b1c03d0ec1b23082fe93,88998,1.0,2026-05-08T05:19:42Z,PX852194.1,00_raw_data,
phage/PX852194.1/proteins.faa,119f020d5567fa2ddceafb2de73f4271aac68f1757e101153852c235e12ddace,20272,74.0,2026-05-08T05:19:42Z,PX852194.1,00_raw_data,
phage/PX852245.1/cds.fna,ccd5c120fa16f3a91f2e994e1b7c88940bdd5af32b64e7de612d1c1b3454cfe0,65253,69.0,2026-05-08T05:19:42Z,PX852245.1,00_raw_data,
phage/PX852245.1/genome.fna,f6cbd30c70068e819e9731ffe91dabdd45a41b0e3713533339f6a02064a31d85,65058,1.0,2026-05-08T05:19:42Z,PX852245.1,00_raw_data,
phage/PX852245.1/proteins.faa,7ba2189314fdacf35974a99e398458a61e4e01e47ebdbddc6adaa2b5cf1c5913,14256,69.0,2026-05-08T05:19:42Z,PX852245.1,00_raw_data,
phage/PX853108.1/cds.fna,a64cb88ff167fba228154bf7050624ff85be0fd66af4d31f6821a323e014a4e5,72480,86.0,2026-05-08T05:19:42Z,PX853108.1,00_raw_data,
phage/PX853108.1/genome.fna,7f36fc9d7c271a70dadb0369fc8838ee7ea36157f18a4cc40a7bbb949aa46038,72889,1.0,2026-05-08T05:19:42Z,PX853108.1,00_raw_data,
phage/PX853108.1/proteins.faa,006ecfee9663a39dc6113cc6db5266d4d2fa7a76c436352948cb10850dc6d93f,29842,86.0,2026-05-08T05:19:42Z,PX853108.1,00_raw_data,
phage/PX853812.1/cds.fna,9b031d94b079bfaf1571796bddc82da53714991a653cfb6a4ff48a32aa6dbf11,181298,265.0,2026-05-08T05:19:42Z,PX853812.1,00_raw_data,
phage/PX853812.1/genome.fna,6c125b726d3d88869e98e1c86687c4a9d79fd5137e869621602e43a62f292f3e,170347,1.0,2026-05-08T05:19:42Z,PX853812.1,00_raw_data,
phage/PX853812.1/proteins.faa,b6c84b1b983c195e55c8b2e0041e62fd61de5bc990ba8881eb7bdf85b8898a93,73067,276.0,2026-05-08T05:19:42Z,PX853812.1,00_raw_data,
phage/PX854772.1/cds.fna,65b5f1615c6e88ae2047d97490f7fc9bfabb51acb0543013e2c2f4a924d3079d,43187,51.0,2026-05-08T05:19:42Z,PX854772.1,00_raw_data,
phage/PX854772.1/genome.fna,ec1b8a01e8621b4e7f771ac9f352545fd44745910dfa3c6244b33628c0050a87,42187,1.0,2026-05-08T05:19:42Z,PX854772.1,00_raw_data,
phage/PX854772.1/proteins.faa,3342ad95ca32cbd59758b1e31eeed155f689b8e986a044267d836f3abcd232c5,11400,51.0,2026-05-08T05:19:42Z,PX854772.1,00_raw_data,
phage/PX866597.1/cds.fna,c0d1d0a64187ae9123fcfff59e95fe8105b0e93558b97316612014f288629d22,162029,252.0,2026-05-08T05:19:42Z,PX866597.1,00_raw_data,
phage/PX866597.1/genome.fna,fbe1db84acf38404a74661d6c076c732cdb1a3d23414a6760a1be6b664a0546f,155411,1.0,2026-05-08T05:19:42Z,PX866597.1,00_raw_data,
phage/PX866597.1/proteins.faa,6d24ba07165faaad0528c609c82745e91f2283058e0f7f7db909633369dcb8d2,69436,258.0,2026-05-08T05:19:42Z,PX866597.1,00_raw_data,
phage/PX866599.1/cds.fna,2dcc4666a667025b08b96e8b9f5009f32135ed8eb7d6c259ad5ac6098f080921,42265,50.0,2026-05-08T05:19:42Z,PX866599.1,00_raw_data,
phage/PX866599.1/genome.fna,ca4414caac82c627e3964fa81e9ffc4dcd0bb48c7d54bd06e72540cf1e9cd32b,39831,1.0,2026-05-08T05:19:42Z,PX866599.1,00_raw_data,
phage/PX866599.1/proteins.faa,d8bf631b3a7d432fac998f7c8377f43628ecd50a6adad240aa29a94fd21031d7,21148,50.0,2026-05-08T05:19:42Z,PX866599.1,00_raw_data,
phage/PX866600.1/cds.fna,fbe4da98aed16af3dc8cb04cd1b1902e4b8c262df468348fd1c1749015bf2dc4,142921,170.0,2026-05-08T05:19:42Z,PX866600.1,00_raw_data,
phage/PX866600.1/genome.fna,c625bb3c3d29fcb146b745d2ca43333c378680a18315715ee2e7c8030bf2e076,145357,1.0,2026-05-08T05:19:42Z,PX866600.1,00_raw_data,
phage/PX866600.1/proteins.faa,a5bc2e87e3905b88854ca515b9f0c3d2cdc8a0eafafd1a05b2049d4dcdde4ef3,61115,176.0,2026-05-08T05:19:42Z,PX866600.1,00_raw_data,
phage/PX866601.1/cds.fna,9f34379e5c0b73b8160a76554a6e762ebb455cb1ac6b1eb2f6babc886d64c36d,164524,263.0,2026-05-08T05:19:42Z,PX866601.1,00_raw_data,
phage/PX866601.1/genome.fna,8206b5332f5b2c842868a947b756a6c6c5507d1ae5c299846b14222b6df9e43a,157136,1.0,2026-05-08T05:19:42Z,PX866601.1,00_raw_data,
phage/PX866601.1/proteins.faa,326b292b841a222f2b9a4bee16c57f1dca5ed2a22f505923c08659f81460ba22,83097,270.0,2026-05-08T05:19:42Z,PX866601.1,00_raw_data,
phage/PX866603.1/cds.fna,e88666b7752786c2088b9de74dd614ce2213e9be42a911d1de61ae50bddf48b0,81671,107.0,2026-05-08T05:19:42Z,PX866603.1,00_raw_data,
phage/PX866603.1/genome.fna,d0c28710e33f5a5a2a4be168a401bd1d9bc609c7e66cf27acc07abc9b7bb79fc,81648,1.0,2026-05-08T05:19:42Z,PX866603.1,00_raw_data,
phage/PX866603.1/proteins.faa,56eabe306075682dc747c6df57ea101de0a504057eeb5a1800c5e0066589d0f9,31802,107.0,2026-05-08T05:19:42Z,PX866603.1,00_raw_data,
phage/PX866605.1/cds.fna,ace2efba01aee8e7ca4c70091ac9280b163eb9a5b830e463668d4310122b5e8e,63151,102.0,2026-05-08T05:19:42Z,PX866605.1,00_raw_data,
phage/PX866605.1/genome.fna,7d04950b1065f53be2750b9c8022cffa5949eae638ad33edd5aa0de062abfa86,57934,1.0,2026-05-08T05:19:42Z,PX866605.1,00_raw_data,
phage/PX866605.1/proteins.faa,ddbc06d24910f84dc2ba9df1379527def3c341577cc823f79de33ebe65a08be0,29653,105.0,2026-05-08T05:19:42Z,PX866605.1,00_raw_data,
phage/PX866611.1/cds.fna,77ae06c36696063c1f8d36df643f358002d06feab4ce0b3a473a0357a80221dd,65572,97.0,2026-05-08T05:19:42Z,PX866611.1,00_raw_data,
phage/PX866611.1/genome.fna,75c0e68fc29138b254d0a5b38406e7530242529185702af9feb355914c81f1a1,60913,1.0,2026-05-08T05:19:42Z,PX866611.1,00_raw_data,
phage/PX866611.1/proteins.faa,e5e8f5b1e4c0e2e275b5fd69621b4054e6e876d44a5f5f7f504abafd7234908a,22759,97.0,2026-05-08T05:19:42Z,PX866611.1,00_raw_data,
phage/PX866612.1/cds.fna,848ee39a1525711512180163840427b254fd2614a8ee21bd397e8e1815783078,68153,104.0,2026-05-08T05:19:42Z,PX866612.1,00_raw_data,
phage/PX866612.1/genome.fna,4710978b70cf6c9acef2b7f32f8efbf9f14234e256d06094b05c018821f3a3f3,61988,1.0,2026-05-08T05:19:42Z,PX866612.1,00_raw_data,
phage/PX866612.1/proteins.faa,ab1f7c818ece26ada0de4a1a8cbf8b31b5914b2e2889f552bb28b2f08ef61f7d,33183,104.0,2026-05-08T05:19:42Z,PX866612.1,00_raw_data,
phage/PX866998.1/cds.fna,732b9b2620b76967aab217ef6e5f98a98edb959faf6974a276c032f3bd41a88e,44977,55.0,2026-05-08T05:19:42Z,PX866998.1,00_raw_data,
phage/PX866998.1/genome.fna,411eaa63758f712b406ac31dd5a0f1a3cc9749a12dbc14c701797534ad8d8b61,43498,1.0,2026-05-08T05:19:42Z,PX866998.1,00_raw_data,
phage/PX866998.1/proteins.faa,c966d6729c4ce29da2dc70c83202b8c5095571dac50da7636b3291bc8409bb1b,17548,55.0,2026-05-08T05:19:42Z,PX866998.1,00_raw_data,
phage/PX871048.2/cds.fna,6b87880b06dad81a05528c6ce35c2d912bb1f319ad4843591f1e2aa635a9ae6b,49596,86.0,2026-05-08T05:19:42Z,PX871048.2,00_raw_data,
phage/PX871048.2/genome.fna,d2931d43464b4534ad33b7f2ed7668a8f2dafe7fa3a0ee81958b2bb5a5332ad2,44279,1.0,2026-05-08T05:19:42Z,PX871048.2,00_raw_data,
phage/PX871048.2/proteins.faa,8a20532ddb662322cb622971714b1267bad99c766866fd901f4cb08aff4d2244,170,1.0,2026-05-08T05:19:42Z,PX871048.2,00_raw_data,
phage/PX872122.1/cds.fna,4e85e743766324cde0de793d7ffb44c8a65e7d33d37c57eaf086dca7cd8955bf,142739,222.0,2026-05-08T05:19:42Z,PX872122.1,00_raw_data,
phage/PX872122.1/genome.fna,e8064f5ee40b3e4765f61a43dd20e3d4d0d624be346269e4da33d3a179e5f549,136826,1.0,2026-05-08T05:19:42Z,PX872122.1,00_raw_data,
phage/PX872122.1/proteins.faa,0aa0831cb223b08d8c33492a16cb2c05bcb696db6845f0def3d56adf933d04e8,61926,222.0,2026-05-08T05:19:42Z,PX872122.1,00_raw_data,
phage/PX872532.1/cds.fna,c1e50fa83b85ff21cf3fdc78c811fb5079da555b7c6be44bea5051f1484a2438,21987,33.0,2026-05-08T05:19:42Z,PX872532.1,00_raw_data,
phage/PX872532.1/genome.fna,9caf8029383a2150f62f12b479437e5045d7c8c57e18a625c3c10b5afb5d23fa,21316,1.0,2026-05-08T05:19:42Z,PX872532.1,00_raw_data,
phage/PX872532.1/proteins.faa,fec2354f32913f49373d8051e81d6991b060aa05059b7816c31dc2a160644ea8,5208,33.0,2026-05-08T05:19:42Z,PX872532.1,00_raw_data,
phage/PX872915.1/cds.fna,f09b21c1c627f8e7530a93860ec61f839013adcef2214e68e0be07ef7c0e3ebf,53728,83.0,2026-05-08T05:19:42Z,PX872915.1,00_raw_data,
phage/PX872915.1/genome.fna,fc6baa9613f34e843c42c04f758ffbc14819c630a17acf37a3a3f3fae62cb84a,50158,1.0,2026-05-08T05:19:42Z,PX872915.1,00_raw_data,
phage/PX872915.1/proteins.faa,3d520106515d89e9e28fb53ea110cd25eba39967730a2a2bd0a1d49550613598,23567,83.0,2026-05-08T05:19:42Z,PX872915.1,00_raw_data,
phage/PX872916.1/cds.fna,5ca84c973119e514c80e7c473b36ea93ebe0907958eef4ab7dde154aff4b8b57,47675,61.0,2026-05-08T05:19:42Z,PX872916.1,00_raw_data,
phage/PX872916.1/genome.fna,83de3cf9d1910882e4e719afe67a0ec6cc2380a2992bd791238ffd767c857f90,43829,1.0,2026-05-08T05:19:42Z,PX872916.1,00_raw_data,
phage/PX872916.1/proteins.faa,68bf560deaf10482582ab89d0f4886e6daeb135e3efd05506be885558fcbcae1,16130,61.0,2026-05-08T05:19:42Z,PX872916.1,00_raw_data,
phage/PX872917.1/cds.fna,b06a0346c3212396a8841c54acd7d525afcb107d924470e70164b664b52b44f7,43027,57.0,2026-05-08T05:19:42Z,PX872917.1,00_raw_data,
phage/PX872917.1/genome.fna,27d8c3734943a593fce5289f98f21751f3f812c6c04418763aec7211b06cff85,40753,1.0,2026-05-08T05:19:42Z,PX872917.1,00_raw_data,
phage/PX872917.1/proteins.faa,44fae71ec9518b21acf2bdbe5fd3f4c23b05075283edd0f4185b8d50eaeffc26,20118,57.0,2026-05-08T05:19:42Z,PX872917.1,00_raw_data,
phage/PX872919.1/cds.fna,d9d094e24219a76fa24876410cf83faa28bc675327c8dff51f504f87142c5bcc,42514,60.0,2026-05-08T05:19:42Z,PX872919.1,00_raw_data,
phage/PX872919.1/genome.fna,d7d74f8bbbf55dbf4fa08fa1738a58bf6188a2cf4cd588af054c9c24dca2a4b9,41822,1.0,2026-05-08T05:19:42Z,PX872919.1,00_raw_data,
phage/PX872919.1/proteins.faa,114020f097e23d1769c2d56e96129c3ac4fd667badfa1f3a8e674843b0958545,13435,60.0,2026-05-08T05:19:42Z,PX872919.1,00_raw_data,
phage/PX872920.1/cds.fna,80d07c5bfc057d9968e504fe4d81d463f2c9bc2d7c5241bcc572fd9553c15cc7,40443,55.0,2026-05-08T05:19:42Z,PX872920.1,00_raw_data,
phage/PX872920.1/genome.fna,2cf7577a7934eb2f32961393d43d433d3a0353a883a14316e62581cba6d1d731,40857,1.0,2026-05-08T05:19:42Z,PX872920.1,00_raw_data,
phage/PX872920.1/proteins.faa,76337d5ff941d86453734aef511b9f26eff887e87466bb1733e75bc9ec1db7e0,8725,55.0,2026-05-08T05:19:42Z,PX872920.1,00_raw_data,
phage/PX872921.1/cds.fna,b35a0d66bcedf415a0ffe4606c88e93aba4d906539c1b2cc26e824adc9c7f464,39707,56.0,2026-05-08T05:19:42Z,PX872921.1,00_raw_data,
phage/PX872921.1/genome.fna,66e32ad19ec6cd3eedcc197db67ac3aa33614aa4d4ba556641687bfed67a4ebd,41286,1.0,2026-05-08T05:19:42Z,PX872921.1,00_raw_data,
phage/PX872921.1/proteins.faa,e1fb897fd474bec39d40e2d2df415ce6b0ca66bc81588cec93c75bbcb986616c,10407,56.0,2026-05-08T05:19:42Z,PX872921.1,00_raw_data,
phage/PX872922.1/cds.fna,c8b183b73d43c8093b1873f7219578c6c8571e01118e000ed9f73a8d2c702930,53364,84.0,2026-05-08T05:19:42Z,PX872922.1,00_raw_data,
phage/PX872922.1/genome.fna,483e5b3105bccf9dd64bed43a54c77de21a74e6b8dc0868dc4a283a04ded48e8,50199,1.0,2026-05-08T05:19:42Z,PX872922.1,00_raw_data,
phage/PX872922.1/proteins.faa,047f4a9a70e54632bdaf3955023f8a841fdbc8c23c0cc95d24997982694ea6ef,19016,84.0,2026-05-08T05:19:42Z,PX872922.1,00_raw_data,
phage/PX872923.1/cds.fna,4031d92020a67e258ef4663aca299eab7dc249a91a895054b56a64c6125b4d60,51711,81.0,2026-05-08T05:19:42Z,PX872923.1,00_raw_data,
phage/PX872923.1/genome.fna,ece5ddf69c7b15b566b3882a6f735a2232d5717feff2d2bd803d4384a623fdbc,46902,1.0,2026-05-08T05:19:42Z,PX872923.1,00_raw_data,
phage/PX872923.1/proteins.faa,5dd72552cb0977652040358b0855733bd11bb20f7ce64a51d47b8ef518e3740f,26419,81.0,2026-05-08T05:19:42Z,PX872923.1,00_raw_data,
phage/PX880098.1/cds.fna,e663deb506ae86b28b09bb5a036751d35120e140a171ecaff393e4b7edf2dfde,49976,81.0,2026-05-08T05:19:42Z,PX880098.1,00_raw_data,
phage/PX880098.1/genome.fna,02d9e61d59b8f60d8e410e46bbf45eccc95ce629fbd4fe12af4db9d3a1e92566,45383,1.0,2026-05-08T05:19:42Z,PX880098.1,00_raw_data,
phage/PX880098.1/proteins.faa,bd9ebe4157e353f2d9d9aec06a65f8d2576a30eceeff4a0e5b3782463a399066,13818,81.0,2026-05-08T05:19:42Z,PX880098.1,00_raw_data,
phage/PX880099.1/cds.fna,43f818930dd1d87957d6170be2be80cb528481971a8870f49501173e1d4075de,171378,312.0,2026-05-08T05:19:42Z,PX880099.1,00_raw_data,
phage/PX880099.1/genome.fna,24af79a3df37e713109e1d5eeb1625d9bd7e3fa414519e1679ff7ecf8a72a161,154387,1.0,2026-05-08T05:19:42Z,PX880099.1,00_raw_data,
phage/PX880099.1/proteins.faa,0da92ae46648786908111e3e4ccb45851c6532da39b5745709d8873590d8a12d,83353,326.0,2026-05-08T05:19:42Z,PX880099.1,00_raw_data,
phage/PX880100.1/cds.fna,612196b224b0895a25a90ca2bc04dc267cb2a07813c512c57d19b81a2ef4b1ef,116863,197.0,2026-05-08T05:19:42Z,PX880100.1,00_raw_data,
phage/PX880100.1/genome.fna,3df6025c61ab906c71601bf6cf5eb1b285eea1e752c71763bf269a9e93673a66,110137,1.0,2026-05-08T05:19:42Z,PX880100.1,00_raw_data,
phage/PX880100.1/proteins.faa,1c7f1c1bf09b1beb2b8e1f0cbfd60401a6d1cf1bc65659e8c5d2bbbac8bd9d5d,52779,219.0,2026-05-08T05:19:42Z,PX880100.1,00_raw_data,
phage/PX880101.1/cds.fna,16c02a06a660fb7c42c192c6e30b5a58350219fa2ce06e605c01dbb97db2f9ab,150054,253.0,2026-05-08T05:19:42Z,PX880101.1,00_raw_data,
phage/PX880101.1/genome.fna,c4d0a811ffc38d7cd97496fdef297481c6a1d8d57a136fb2f5f4a597c1e058fe,137294,1.0,2026-05-08T05:19:42Z,PX880101.1,00_raw_data,
phage/PX880101.1/proteins.faa,bf01dfbf2d545e4ab9e22e374834a073ee0bc59b0625675a909d95c6d484e581,71997,258.0,2026-05-08T05:19:42Z,PX880101.1,00_raw_data,
phage/PX880102.1/cds.fna,f54ed0b74b9e31d0f43ee4ac055b6beae4f43755afdc3ba5f462c96b00733c86,185573,279.0,2026-05-08T05:19:42Z,PX880102.1,00_raw_data,
phage/PX880102.1/genome.fna,b607239516855289fd156edf5c40a90150f090a712da75bfd4ac9e66338abdad,168702,1.0,2026-05-08T05:19:42Z,PX880102.1,00_raw_data,
phage/PX880102.1/proteins.faa,c4eea1b033a50addb37e1b86031518df111d4ca79a72ebdeafe53d9a5d33f491,76269,289.0,2026-05-08T05:19:42Z,PX880102.1,00_raw_data,
phage/PX880103.1/cds.fna,b5715b924bf85e48b77622390a43ecffe9c7574fa114648da87879ea7c28892f,184532,273.0,2026-05-08T05:19:42Z,PX880103.1,00_raw_data,
phage/PX880103.1/genome.fna,eb6e9e9c7aba304d33a9b0b87b85f0ecef4dba9b2f2ab532c70c69b6a04f604f,167923,1.0,2026-05-08T05:19:42Z,PX880103.1,00_raw_data,
phage/PX880103.1/proteins.faa,5ffd8f7010657d9511410da342be88dcf45b9abb409bf17e2871bbd27bab8349,79412,281.0,2026-05-08T05:19:42Z,PX880103.1,00_raw_data,
phage/PX884078.1/genome.fna,b036d8686c3616496b0dd835a9104006f4b574f82cd3cbc1e9566aa70058a4ef,290715,1.0,2026-05-08T05:19:42Z,PX884078.1,00_raw_data,
phage/PX884078.1/proteins.faa,01ba4719c80b6fe911b091a7c05124b64eeece964e09c058ef8f9805daca546b,1,,2026-05-08T05:19:42Z,PX884078.1,00_raw_data,
phage/PX884079.1/genome.fna,e1ac36c44b2461b72556e9055e886bbfe2ee55c5802af5a4f8dbcdc38c072311,284276,1.0,2026-05-08T05:19:42Z,PX884079.1,00_raw_data,
phage/PX884079.1/proteins.faa,01ba4719c80b6fe911b091a7c05124b64eeece964e09c058ef8f9805daca546b,1,,2026-05-08T05:19:42Z,PX884079.1,00_raw_data,
phage/PX884080.1/genome.fna,bf4263377b5068e86fc1820236aa10a1d136c3485a0b95c0e7250ef4fa047f78,67052,1.0,2026-05-08T05:19:42Z,PX884080.1,00_raw_data,
phage/PX884080.1/proteins.faa,01ba4719c80b6fe911b091a7c05124b64eeece964e09c058ef8f9805daca546b,1,,2026-05-08T05:19:42Z,PX884080.1,00_raw_data,
phage/PX907400.1/cds.fna,208d09ed32347370ab0112a8bd86bd009a851d3b6da90326a8a5ecc6127d52dd,48741,81.0,2026-05-08T05:19:42Z,PX907400.1,00_raw_data,
phage/PX907400.1/genome.fna,cd9c8d8cc29de6632ae99bc589147111b701af6d544c0614b24a12139bf51d8f,43990,1.0,2026-05-08T05:19:42Z,PX907400.1,00_raw_data,
phage/PX907400.1/proteins.faa,00473185578aa52863811761af4ebe64c0b072ada1f68f75d14e0fd03043af12,29362,81.0,2026-05-08T05:19:42Z,PX907400.1,00_raw_data,
phage/PX907401.1/cds.fna,d872c6b422eaca64b65341c9cbecf1244e919e45fd7e553c60972e87e62b093c,48582,72.0,2026-05-08T05:19:42Z,PX907401.1,00_raw_data,
phage/PX907401.1/genome.fna,21669f0e97cfe3fe1f3114a7c194d814f81ab69085222e1a9a169d7d57469872,44691,1.0,2026-05-08T05:19:42Z,PX907401.1,00_raw_data,
phage/PX907401.1/proteins.faa,fbd70255683de87ebb26470a55da1a1ce9d93323ed5c42ec37ebbfe1ceae843b,14228,72.0,2026-05-08T05:19:42Z,PX907401.1,00_raw_data,
phage/PX907402.1/cds.fna,fc51e8e9850de8718da4908cf1653eb1b2cd90d60aea98710bd1c6ca4adf3ccf,48810,69.0,2026-05-08T05:19:42Z,PX907402.1,00_raw_data,
phage/PX907402.1/genome.fna,1410f53502865199f2eead16d11e2342b15d3a2521fb20b3ad0b124a3bc10f59,45007,1.0,2026-05-08T05:19:42Z,PX907402.1,00_raw_data,
phage/PX907402.1/proteins.faa,6d9166a2dc14190a6f1034345d2ba84e05d0476233f511758b3a2701c1fb8512,24056,69.0,2026-05-08T05:19:42Z,PX907402.1,00_raw_data,
phage/PX907403.1/cds.fna,7671966dc966bcfd6662e3c8061a45c71ee80f8e7e9a30df5f6d42d68bdb551a,49108,70.0,2026-05-08T05:19:42Z,PX907403.1,00_raw_data,
phage/PX907403.1/genome.fna,de2b08c5a0afb2b874060190e874112eb154b1f3adbab00acaf3ae6271f85189,45553,1.0,2026-05-08T05:19:42Z,PX907403.1,00_raw_data,
phage/PX907403.1/proteins.faa,fcbf39ab014cef6ed5d8273bf2291d151773f3b8f41e8676f16eb7227bf0ec14,18270,70.0,2026-05-08T05:19:42Z,PX907403.1,00_raw_data,
phage/PX907404.1/cds.fna,1c23433374005dff4baac55bdc2975e5f2f588c3c6aaa30745b660202fecdeb5,56040,99.0,2026-05-08T05:19:42Z,PX907404.1,00_raw_data,
phage/PX907404.1/genome.fna,eee56807e533e999375ef61f5be7ccb0c4b04cb792588034b6e40fe3a7666bea,51717,1.0,2026-05-08T05:19:42Z,PX907404.1,00_raw_data,
phage/PX907404.1/proteins.faa,c234d3c9aa98fdde11a7c46d79b6e94ddf031be6c511b2f53d88a6900824d1c0,24633,99.0,2026-05-08T05:19:42Z,PX907404.1,00_raw_data,
phage/PX943558.1/cds.fna,43d6a3226ef3a6bf90c9300fda803226d11a256072f7c645094cd0de4bccffbc,42651,58.0,2026-05-08T05:19:42Z,PX943558.1,00_raw_data,
phage/PX943558.1/genome.fna,90a45d875a7d31dbc4e207f6af8bcc9e0e51b6601deba412e074eaf85fde4368,41728,1.0,2026-05-08T05:19:42Z,PX943558.1,00_raw_data,
phage/PX943558.1/proteins.faa,8ea984a22ddd0c88515ae28b1687b22e5c45187468936bc5b0f09cac8320aa74,15534,58.0,2026-05-08T05:19:42Z,PX943558.1,00_raw_data,
phage/PX943615.1/cds.fna,43b7fd49d668b84a48adcb2dd9beb8c9464503362dbc93ea7d15fe7f61973df9,43536,47.0,2026-05-08T05:19:42Z,PX943615.1,00_raw_data,
phage/PX943615.1/genome.fna,538028732434cdef4f7ca2db257b6cac8865fb8b1afc92bb9c94f8fa1ca4af69,44673,1.0,2026-05-08T05:19:42Z,PX943615.1,00_raw_data,
phage/PX943615.1/proteins.faa,f1986c14baec121c9f60a2cba80898cf58202a98d596ab745b76855699358013,13242,47.0,2026-05-08T05:19:42Z,PX943615.1,00_raw_data,
phage/PX943855.1/cds.fna,7e9b8eb17d8e66e3eacf539fce7a9371601a780ff952b8dd762afb4d2ec785cb,150847,227.0,2026-05-08T05:19:42Z,PX943855.1,00_raw_data,
phage/PX943855.1/genome.fna,830a532d430e62d78659c97271c14627ec3f8e72ebcd73c1f36cbf13922faff8,141530,1.0,2026-05-08T05:19:42Z,PX943855.1,00_raw_data,
phage/PX943855.1/proteins.faa,958148ebbdc56ea834ca22284bb118537d0bd074ef1eec61bfa1b7741e1c19fd,61526,227.0,2026-05-08T05:19:42Z,PX943855.1,00_raw_data,
phage/PX943856.1/cds.fna,375ae3afbcc520d71e6c431deac617abf74788f9b992dbab2e0b0bf85afa199a,171933,223.0,2026-05-08T05:19:42Z,PX943856.1,00_raw_data,
phage/PX943856.1/genome.fna,bfa4d0b1958471d3368d47dfb5b033df1727161cbd855081738b844d645221cf,157203,1.0,2026-05-08T05:19:42Z,PX943856.1,00_raw_data,
phage/PX943856.1/proteins.faa,e8e7d0115c731d8de4406436cfe40f2bd2442be06ab3bebad8747e8746cd4b13,53258,225.0,2026-05-08T05:19:42Z,PX943856.1,00_raw_data,
phage/PX944703.1/cds.fna,618f95b11759f2fef0b4c19d0473a153b23072b91b0c6fb38e83fc4637e54a42,40536,50.0,2026-05-08T05:19:42Z,PX944703.1,00_raw_data,
phage/PX944703.1/genome.fna,07a7baf3fe5de71355bcb17c55922860da27bae9b19cb85cfcb1bc01d552cc73,39175,1.0,2026-05-08T05:19:42Z,PX944703.1,00_raw_data,
phage/PX944703.1/proteins.faa,59297e63355d2f54444b48ea434b8c1952092260c9101eadd21f4f93c7fa142d,10462,50.0,2026-05-08T05:19:42Z,PX944703.1,00_raw_data,
phage/PX944704.1/cds.fna,e95dd481bb2422a69d34f7dc95f1f3248bb3a99bb9e9513fb9e9299bed8fe7f2,93368,151.0,2026-05-08T05:19:42Z,PX944704.1,00_raw_data,
phage/PX944704.1/genome.fna,bf79a2817953fb4e6044ede9712809f55fdc481772ff0df18b784e83154563f4,89016,1.0,2026-05-08T05:19:42Z,PX944704.1,00_raw_data,
phage/PX944704.1/proteins.faa,846d55b19e3c6bf9741dcbd7a933581089034d357549264afc059372302e476c,48586,171.0,2026-05-08T05:19:42Z,PX944704.1,00_raw_data,
phage/PX944705.1/cds.fna,4baf314ccbcd45a418f0a866a026c7ecc649eac6ec07c781b4a02f54ea5eb8e6,171351,235.0,2026-05-08T05:19:42Z,PX944705.1,00_raw_data,
phage/PX944705.1/genome.fna,e0be885ea4d518dafad22d3b47c489b86552dffc3ec2bf084b93f6272253f19b,159537,1.0,2026-05-08T05:19:42Z,PX944705.1,00_raw_data,
phage/PX944705.1/proteins.faa,117acb5cc388637c665ce7ddc2b94dd22df493af454acd2077fe221f4788462b,61520,239.0,2026-05-08T05:19:42Z,PX944705.1,00_raw_data,
phage/PX944706.1/cds.fna,2fc3ea4d9a02c830e8953538ad643eec86a576e7779a48f57a2069491efd7d78,119862,206.0,2026-05-08T05:19:42Z,PX944706.1,00_raw_data,
phage/PX944706.1/genome.fna,ef06243a999a0044cd75a7ce1bfb22d0df2f7d776e73c1869615a96de43d1a47,113919,1.0,2026-05-08T05:19:42Z,PX944706.1,00_raw_data,
phage/PX944706.1/proteins.faa,753b39d32a89c334b834aae664e13b87cd648808c876538bc5b8a5cbd44879b7,58912,230.0,2026-05-08T05:19:42Z,PX944706.1,00_raw_data,
phage/PX944707.1/cds.fna,9084ebfc1a0366e644150d80434611744e3db3a76f508e87fd893735bca71b59,119061,207.0,2026-05-08T05:19:42Z,PX944707.1,00_raw_data,
phage/PX944707.1/genome.fna,9d5465a8e16d3431833b10a26a1c2deaa033db3644f6d05fd2bb893c17d13223,112953,1.0,2026-05-08T05:19:42Z,PX944707.1,00_raw_data,
phage/PX944707.1/proteins.faa,f6ef7e754af182d9a7af9ee0920a8c377829336a02b679c55aec364e07f540dd,66842,229.0,2026-05-08T05:19:42Z,PX944707.1,00_raw_data,
phage/PX944708.1/cds.fna,cd8c354db0f401fae1d78228e4e249c29aa431e56775fc428e770216d840994f,173078,231.0,2026-05-08T05:19:42Z,PX944708.1,00_raw_data,
phage/PX944708.1/genome.fna,598faef8e3f233285dcf91c380b6f078bb291c97d59a4e09671c16f0f5457f11,161858,1.0,2026-05-08T05:19:42Z,PX944708.1,00_raw_data,
phage/PX944708.1/proteins.faa,630eea04ef2c5ed5ff0ad62c5fdf396a13f84e06c29aa1eb98ad2810810661ec,66957,238.0,2026-05-08T05:19:42Z,PX944708.1,00_raw_data,
phage/PX944709.1/cds.fna,4a128a5a34cbb5e985dd91a02dfac922c6c956ab671e8f91db826790e4d43753,120084,206.0,2026-05-08T05:19:42Z,PX944709.1,00_raw_data,
phage/PX944709.1/genome.fna,41ed43b85521738ce65f023a09b0f8f07a893ac7ae39f2e6bd4bfb3194d5eca9,114005,1.0,2026-05-08T05:19:42Z,PX944709.1,00_raw_data,
phage/PX944709.1/proteins.faa,2f9b68c02cf93a93bd7ce3f1d0bc3e7dac7fa20e1bcb60fc95b588b42776a353,65129,231.0,2026-05-08T05:19:42Z,PX944709.1,00_raw_data,
phage/PX944710.1/cds.fna,152f01d8b83d7defe2260c237caecd128a505daaea76a0c4ad788ebcadfb683f,91035,145.0,2026-05-08T05:19:42Z,PX944710.1,00_raw_data,
phage/PX944710.1/genome.fna,f3afedf99512b4fa0abe54e63c3c43a991981b963b45ee4f90a01383b284986d,87440,1.0,2026-05-08T05:19:42Z,PX944710.1,00_raw_data,
phage/PX944710.1/proteins.faa,4d8f47b5d01a0c0c82ba76636bc3f6e27275d678ccaf155cf5f15f22f2b0b9e4,47810,165.0,2026-05-08T05:19:42Z,PX944710.1,00_raw_data,
phage/PX946034.1/cds.fna,4de5176de56cccba9892fdeb9a47e6a1c2de32dbfc1e86862bd791ec5ff08ec4,112222,153.0,2026-05-08T05:19:42Z,PX946034.1,00_raw_data,
phage/PX946034.1/genome.fna,24566f35b299399eec61d5066fe88ad9beb120ddf104da17f004988572663fb2,115621,1.0,2026-05-08T05:19:42Z,PX946034.1,00_raw_data,
phage/PX946034.1/proteins.faa,6d8bfd12e775c167510bfe4aa0716bb51989499c1c544840aa39c369823b0ab2,54086,177.0,2026-05-08T05:19:42Z,PX946034.1,00_raw_data,
phage/PX946180.1/cds.fna,b5ca3ddd920c66a5b6535dfc4fc4ef1d097cff34c7dee91dedefa7f980523980,38898,54.0,2026-05-08T05:19:42Z,PX946180.1,00_raw_data,
phage/PX946180.1/genome.fna,f330a7a3e9225c9d2f37f82fb8dfe781899c2b8743bda121a6c025cd86d8bfd1,38914,1.0,2026-05-08T05:19:42Z,PX946180.1,00_raw_data,
phage/PX946180.1/proteins.faa,5102a39be61d6a14e6af97bd18910acbf185079c6de0113acde167dfa7b45df3,13149,54.0,2026-05-08T05:19:42Z,PX946180.1,00_raw_data,
phage/PX946874.1/genome.fna,209a9fbb3d4d5acb6f997a5fdd945b73ba7fa29bee50d8d36e1246b1dc499f3e,65249,1.0,2026-05-08T05:19:42Z,PX946874.1,00_raw_data,
phage/PX946874.1/proteins.faa,01ba4719c80b6fe911b091a7c05124b64eeece964e09c058ef8f9805daca546b,1,,2026-05-08T05:19:42Z,PX946874.1,00_raw_data,
phage/PX946875.1/genome.fna,7188bb9d44ce70995c79ff34308827aef4e234754cdb596d235f8778c8f48db5,51151,1.0,2026-05-08T05:19:42Z,PX946875.1,00_raw_data,
phage/PX946875.1/proteins.faa,01ba4719c80b6fe911b091a7c05124b64eeece964e09c058ef8f9805daca546b,1,,2026-05-08T05:19:42Z,PX946875.1,00_raw_data,
phage/PX951411.1/cds.fna,2c39c43947775fff32c4bd6875a31240b61914e63abec8be932e5ce356d2ddfd,95439,166.0,2026-05-08T05:19:42Z,PX951411.1,00_raw_data,
phage/PX951411.1/genome.fna,5027c19da0bd024dfb5249fa674d92401ead082b891d52d3039649209c8d79c6,92864,1.0,2026-05-08T05:19:42Z,PX951411.1,00_raw_data,
phage/PX951411.1/proteins.faa,23cc7fcd348e038851050ccb69b69d79615756693d0f8e182fe2241df75c8ccb,47605,166.0,2026-05-08T05:19:42Z,PX951411.1,00_raw_data,
phage/PX962436.1/cds.fna,f7b112f40965883077ee60573cc4c50a68e028fe84d1e41991818162979252f4,47901,51.0,2026-05-08T05:19:42Z,PX962436.1,00_raw_data,
phage/PX962436.1/genome.fna,2bc3ff9b7578d40f89ef7ec1ff712d1c6d98ebf5ee6d062cb2caafb98842d5a0,48864,1.0,2026-05-08T05:19:42Z,PX962436.1,00_raw_data,
phage/PX962436.1/proteins.faa,5d8ad349f288cce06d17f5283faabb8c237896c39d2d2ea4aaaa6b8c6db34ea4,15839,51.0,2026-05-08T05:19:42Z,PX962436.1,00_raw_data,
phage/PX963123.1/cds.fna,098b5ae1621a2153e059993cc08b484125829cd8d0bf5ea5343855162b524469,54689,75.0,2026-05-08T05:19:42Z,PX963123.1,00_raw_data,
phage/PX963123.1/genome.fna,a616e85935e5a35cfece5d180a701e4156dd84c5986dfa835406294769075223,50851,1.0,2026-05-08T05:19:42Z,PX963123.1,00_raw_data,
phage/PX963123.1/proteins.faa,1ddb2bfdc177b5250d30552e07c1c01e053a427a563b4030671bd3f7fe76c465,22412,75.0,2026-05-08T05:19:42Z,PX963123.1,00_raw_data,
phage/PX963124.1/cds.fna,6a185ed841d31d6b4a7e9ecde654552f148a7eea1d0c0971dd3681aa4d319654,47016,57.0,2026-05-08T05:19:42Z,PX963124.1,00_raw_data,
phage/PX963124.1/genome.fna,96b8284fde86cd4bc3f6aefbadbf8ebb495713eb4cfbcdc3ed388536685e362b,42987,1.0,2026-05-08T05:19:42Z,PX963124.1,00_raw_data,
phage/PX963124.1/proteins.faa,fd5fa66c68376a3f2b7df65b1520c012d3a3b511d3362e3c9a66f2879f22397b,21639,57.0,2026-05-08T05:19:42Z,PX963124.1,00_raw_data,
phage/PX963126.1/cds.fna,8a22048a83504b9ca207920a2e872d3d51c50777a6925f7478bbb1e9d83b3efe,47799,66.0,2026-05-08T05:19:42Z,PX963126.1,00_raw_data,
phage/PX963126.1/genome.fna,a8cc5ec5c21c12988f1b59d3af1f9744e9b134ee00df5d5f68bdbc45a590419c,43740,1.0,2026-05-08T05:19:42Z,PX963126.1,00_raw_data,
phage/PX963126.1/proteins.faa,bf75e2d9f40df887bc5735680c1734b45d3ce262556100c6a61bbb56d30a3cb2,15861,66.0,2026-05-08T05:19:42Z,PX963126.1,00_raw_data,
phage/PX963128.1/cds.fna,b2f2063b2334e65c71aef5125ea49ca48510159bef3ea16fe43094805ce276ab,116586,174.0,2026-05-08T05:19:42Z,PX963128.1,00_raw_data,
phage/PX963128.1/genome.fna,68df964eb8e338c5042accd8acf5402573b9bb1afa31976334a29d459705e42b,110011,1.0,2026-05-08T05:19:42Z,PX963128.1,00_raw_data,
phage/PX963128.1/proteins.faa,5f859dbe38132f0f3c8fd6dd8462f5f23272bcb0438e6208c9ba471e872d50e6,50639,186.0,2026-05-08T05:19:42Z,PX963128.1,00_raw_data,
phage/PX963129.1/cds.fna,28f204833f0d7a317b084f8dc9bb04ed572299d1498891dd39ed7313b90db88e,46069,58.0,2026-05-08T05:19:42Z,PX963129.1,00_raw_data,
phage/PX963129.1/genome.fna,7b3d9e1afe03ecd2420cb127fcd7c500655f2b32ef4b6b8b59be07c1bf8b8f1e,43409,1.0,2026-05-08T05:19:42Z,PX963129.1,00_raw_data,
phage/PX963129.1/proteins.faa,ee18fd5df700e8178d668b2ce4416ca5311770a608a7113cb53e0a34bb16b998,14321,58.0,2026-05-08T05:19:42Z,PX963129.1,00_raw_data,
phage/PX963130.1/cds.fna,ff8072b7e7f100cbde6deb8a425e229f94431a1f430cb1d5e36624aa5eac9b35,70484,107.0,2026-05-08T05:19:42Z,PX963130.1,00_raw_data,
phage/PX963130.1/genome.fna,4e70a892cb28123a017b22219209f920fd592d912bd4774ecfbb24f1ecf99580,63904,1.0,2026-05-08T05:19:42Z,PX963130.1,00_raw_data,
phage/PX963130.1/proteins.faa,6ee1a5b587743a5b83cfd563e174d61bd936103a72ddf5160007893ff81e5429,11769,29.0,2026-05-08T05:19:42Z,PX963130.1,00_raw_data,
phage/PX963132.1/cds.fna,6cdb485657aa765c739c9ec200df157c2b109ddf96fafab66eac087a6ef2b4a7,46539,52.0,2026-05-08T05:19:42Z,PX963132.1,00_raw_data,
phage/PX963132.1/genome.fna,4ecc7add481ed2c047e5d00eac5e3c9117582d254423c7f85b9bbb1ca677e687,43965,1.0,2026-05-08T05:19:42Z,PX963132.1,00_raw_data,
phage/PX963132.1/proteins.faa,01ba4719c80b6fe911b091a7c05124b64eeece964e09c058ef8f9805daca546b,1,,2026-05-08T05:19:42Z,PX963132.1,00_raw_data,
phage/PX968304.1/cds.fna,81c01833283be5d39315a2f7a372634a13ac206abb53683c333e469e6dd72cca,54963,89.0,2026-05-08T05:19:42Z,PX968304.1,00_raw_data,
phage/PX968304.1/genome.fna,eeb38e2f25bcecac805fd198910249160db8c443e7c4bcf8e502a228fd1cace1,45714,1.0,2026-05-08T05:19:42Z,PX968304.1,00_raw_data,
phage/PX968304.1/proteins.faa,01ba4719c80b6fe911b091a7c05124b64eeece964e09c058ef8f9805daca546b,1,,2026-05-08T05:19:42Z,PX968304.1,00_raw_data,
phage/PX968319.1/genome.fna,4e8a91b61b5b1b1df6687f4e2cc97920fca65c05f787ceb8a65924068d2db6af,94234,1.0,2026-05-08T05:19:42Z,PX968319.1,00_raw_data,
phage/PX968319.1/proteins.faa,01ba4719c80b6fe911b091a7c05124b64eeece964e09c058ef8f9805daca546b,1,,2026-05-08T05:19:42Z,PX968319.1,00_raw_data,
phage/PX969073.1/cds.fna,49bf7942f0caaed5ad3e880070ccf3a134691e97eb6fc969843fbc13b0c69a22,46951,63.0,2026-05-08T05:19:42Z,PX969073.1,00_raw_data,
phage/PX969073.1/genome.fna,57df8cc8e933ba11dada6eb86890df86f96d2553987069f347d251cff8315d92,43379,1.0,2026-05-08T05:19:42Z,PX969073.1,00_raw_data,
phage/PX969073.1/proteins.faa,9d0050ac50ebefb0b1e3bd5afeae5eb1ad2534bf464fb544dff4d56802f9aabc,14522,63.0,2026-05-08T05:19:42Z,PX969073.1,00_raw_data,
phage/PX969074.1/cds.fna,ede81a88a134690ae5bad706ef627e218467576b2194a91f48162664a23c1f4f,50812,84.0,2026-05-08T05:19:42Z,PX969074.1,00_raw_data,
phage/PX969074.1/genome.fna,0a6c3b1986b8efb3c764114e6c7b43c0462c5d03ecf3fdbbfde8f8eb81c68a10,46139,1.0,2026-05-08T05:19:42Z,PX969074.1,00_raw_data,
phage/PX969074.1/proteins.faa,ebacc498a11a0b9c261782f351755dddbad171dd1e4e388127926bf675780736,29588,84.0,2026-05-08T05:19:42Z,PX969074.1,00_raw_data,
phage/PX969075.1/cds.fna,917894d459c5dd08e059fad4774d217e107616ab67904f9858f29e50177882f2,44704,72.0,2026-05-08T05:19:42Z,PX969075.1,00_raw_data,
phage/PX969075.1/genome.fna,c5fcf372ad02c1a8d0b81137496e13546f486003e58058616e42f35c5f2740db,41345,1.0,2026-05-08T05:19:42Z,PX969075.1,00_raw_data,
phage/PX969075.1/proteins.faa,999c446ab91e1bc0a404371a7d8d0f16317710c983446339436b8cdb8ad82d3b,12339,71.0,2026-05-08T05:19:42Z,PX969075.1,00_raw_data,
phage/PX969080.1/cds.fna,f48ce30534204a36612406c98070134674329b29aa1a194e1bff10e07703797a,39330,53.0,2026-05-08T05:19:42Z,PX969080.1,00_raw_data,
phage/PX969080.1/genome.fna,cced55a251feda0698156a0240ded23cd9a0ce630e04ec088f1a61ec5b950ebb,38851,1.0,2026-05-08T05:19:42Z,PX969080.1,00_raw_data,
phage/PX969080.1/proteins.faa,ee6b72698a45566f8e6dc462464083b58b5d07f7ebbe31d4fc74ce13554ba6ee,9812,53.0,2026-05-08T05:19:42Z,PX969080.1,00_raw_data,
phage/PX969468.1/cds.fna,88e5e147341b5fd92fa0f09a3753684d9bd4b1c7cf8340f5c5f855962a94ae5d,145301,221.0,2026-05-08T05:19:42Z,PX969468.1,00_raw_data,
phage/PX969468.1/genome.fna,725fff92d57ddb8ca34fbb05a7fb3985740ffd95228f497bfa0473c76a0eee01,142253,1.0,2026-05-08T05:19:42Z,PX969468.1,00_raw_data,
phage/PX969468.1/proteins.faa,f9845650fa39e88c1e40987b756da4fea0f0a83f1fb8d157547c7dc7b588ba11,52944,221.0,2026-05-08T05:19:42Z,PX969468.1,00_raw_data,
phage/PX974237.1/cds.fna,f307fe65ac2501846d62f7c3f2a52eaef89ef0d18412490c59a481608ca66cba,48242,79.0,2026-05-08T05:19:42Z,PX974237.1,00_raw_data,
phage/PX974237.1/genome.fna,25cc6a07ed7653541bc61a06eff3244d43a8d412740eff5a9f4596feec4753f9,45446,1.0,2026-05-08T05:19:42Z,PX974237.1,00_raw_data,
phage/PX974237.1/proteins.faa,1d0c42b2df103e0ef19b1681e37105d9706fe6e24c2281cf321b3accdd6edc8d,19948,79.0,2026-05-08T05:19:42Z,PX974237.1,00_raw_data,
phage/PX974238.1/genome.fna,4f17c0f0e0d6c6ac840724973334b37b438dd377ea3612aff7968595ee1bbbfe,50389,1.0,2026-05-08T05:19:42Z,PX974238.1,00_raw_data,
phage/PX974239.1/cds.fna,e11f435df73768b6b3aaaa4d68f4e0ef787614878a527a72354ff80d15c45dc9,50056,81.0,2026-05-08T05:19:42Z,PX974239.1,00_raw_data,
phage/PX974239.1/genome.fna,bd271ad16645c5e084caa8e00a1df16b5142abc54c54d51ed03682f7af7eb3f8,44429,1.0,2026-05-08T05:19:42Z,PX974239.1,00_raw_data,
phage/PX974239.1/proteins.faa,1ca4409edb7513f872fc328ebefb073b8825f5820b9912e05a437cb90fe08221,19838,81.0,2026-05-08T05:19:42Z,PX974239.1,00_raw_data,
phage/PX974311.1/cds.fna,c385396e1b816358b18fa7d3acbb5c864dd1b05dd40a1335d176475084aa1931,42215,50.0,2026-05-08T05:19:42Z,PX974311.1,00_raw_data,
phage/PX974311.1/genome.fna,b14b6b775c04c49642a7aae4471a58ed55ed3c35208965d839f5c0a826cde1c0,42115,1.0,2026-05-08T05:19:42Z,PX974311.1,00_raw_data,
phage/PX974311.1/proteins.faa,3294a6c2ae07e00ce9052d23da777a13e8a0fd26d76338d7a8e702b96472d1f8,17927,50.0,2026-05-08T05:19:42Z,PX974311.1,00_raw_data,
phage/PX974331.1/cds.fna,ec93ec0badf05a1668c6709112ea9f3ce48b5ccc288037112141ec275b962ab9,40919,48.0,2026-05-08T05:19:42Z,PX974331.1,00_raw_data,
phage/PX974331.1/genome.fna,d9061019d5188282f360c9e5fa4ff04822d3f3fc93dcdfd16042e8346232a97f,41494,1.0,2026-05-08T05:19:42Z,PX974331.1,00_raw_data,
phage/PX974331.1/proteins.faa,66a90f4539484f11afa246f93cec2beb18b816efceee4a5dc9dc49187bbcd200,10312,48.0,2026-05-08T05:19:42Z,PX974331.1,00_raw_data,
phage/PX974332.1/cds.fna,4ca2806360366f8fba4fdcf18ca7d894d5c6a389e47cb47c50c96bf2bf4823b1,52894,83.0,2026-05-08T05:19:42Z,PX974332.1,00_raw_data,
phage/PX974332.1/genome.fna,8e66bb8d898e0f94a51def1440b11270b13a8198740f922415ceee1244723668,49285,1.0,2026-05-08T05:19:42Z,PX974332.1,00_raw_data,
phage/PX974332.1/proteins.faa,faaf3e0a5ef43dbbfae3cfe9122ea0e38b02d99b3542dbde993a94f9fd7b7f0a,19490,83.0,2026-05-08T05:19:42Z,PX974332.1,00_raw_data,
phage/PX974333.1/cds.fna,11cb9d04ed1c686446167e19480752ae10e0aa1ac828633da0bfc98b1471cdda,52534,80.0,2026-05-08T05:19:42Z,PX974333.1,00_raw_data,
phage/PX974333.1/genome.fna,512dd284b47b561853abb1c0d3005155d825051082a6fb2c437453344262c4b3,49750,1.0,2026-05-08T05:19:42Z,PX974333.1,00_raw_data,
phage/PX974333.1/proteins.faa,a4f5ebf4eb975c5efc62cddce13692ba2def1261b599ce4643e440f9c32a89ad,22537,80.0,2026-05-08T05:19:42Z,PX974333.1,00_raw_data,
phage/PX974340.1/cds.fna,ea994e32240e612a528c1fac2bc82fbcbb373ab0627f5249226f75408e32c32a,22762,34.0,2026-05-08T05:19:42Z,PX974340.1,00_raw_data,
phage/PX974340.1/genome.fna,ee3e729564bb2b646ad49ea3bb5b6fdf036aeb013b3c12b52ad197950ba98a1d,26096,1.0,2026-05-08T05:19:42Z,PX974340.1,00_raw_data,
phage/PX974340.1/proteins.faa,2f61844c2fcd4bbffa3865c545d404e1696a9ef171b8a0e1a14363a1c361b4eb,10512,34.0,2026-05-08T05:19:42Z,PX974340.1,00_raw_data,
phage/PX974351.1/cds.fna,2d53329b689eabad5f1929d26c8a2041ccf3698cebb9cf2e6883b4f815a5c24a,43480,56.0,2026-05-08T05:19:42Z,PX974351.1,00_raw_data,
phage/PX974351.1/genome.fna,87694969b770916fdbf271026be2dbce098a5fda1ec02f5f66a925de5c0fdc76,45063,1.0,2026-05-08T05:19:42Z,PX974351.1,00_raw_data,
phage/PX974351.1/proteins.faa,3c09afeee805f503d58252bf63711ce86eaf3b4e3581b4b67246e07eabe2082c,15036,56.0,2026-05-08T05:19:42Z,PX974351.1,00_raw_data,
phage/PX979746.1/genome.fna,3e68d676b648c7beedba0027d9241137977d581851be5cd05fd88e8f90c84e30,60210,1.0,2026-05-08T05:19:42Z,PX979746.1,00_raw_data,
phage/PX979746.1/proteins.faa,01ba4719c80b6fe911b091a7c05124b64eeece964e09c058ef8f9805daca546b,1,,2026-05-08T05:19:42Z,PX979746.1,00_raw_data,
phage/PX994957.1/cds.fna,ab2ed1f3ea4d117bb365e7513c7e7f06790fbe6ff55405c9deeb09af29340789,184151,264.0,2026-05-08T05:19:42Z,PX994957.1,00_raw_data,
phage/PX994957.1/genome.fna,daffe35bd4628a9b4ebac32ecbdc588120adb8e8689983b6ebf3ee00ec6b2d06,169886,1.0,2026-05-08T05:19:42Z,PX994957.1,00_raw_data,
phage/PX994957.1/proteins.faa,3d5df69826e3e30c63ca561d481ed9f6697e8f664da2d92ad78308beb838de46,78123,274.0,2026-05-08T05:19:42Z,PX994957.1,00_raw_data,
phage/PX997083.1/cds.fna,9be445ea1fa5dd30c40ad8fe8db685f83edad118d3bef6896613c0b3d73e2b0f,46069,62.0,2026-05-08T05:19:42Z,PX997083.1,00_raw_data,
phage/PX997083.1/genome.fna,45fd6980e739b45c3e7a92bf2064246b723def62dc7e717d9072067f188dcc19,43608,1.0,2026-05-08T05:19:42Z,PX997083.1,00_raw_data,
phage/PX997083.1/proteins.faa,85e396915bc9cb7e1a72366816e3d0c3c59f8c7427c4a3d59070a2c9774b37ad,18110,62.0,2026-05-08T05:19:42Z,PX997083.1,00_raw_data,
phage/PX997131.1/cds.fna,ef1366cfdc453af1d4f020b082ea665ff4a3fa917acd30baed76f7c7ccb3e67f,55633,93.0,2026-05-08T05:19:42Z,PX997131.1,00_raw_data,
phage/PX997131.1/genome.fna,70d87cfb912447c5be35335a984d5d1ee5a47cd7dc240a8293384006cb60b660,49756,1.0,2026-05-08T05:19:42Z,PX997131.1,00_raw_data,
phage/PX997131.1/proteins.faa,ef021cc8c464f0d1cc5f47e298b6ee2d74befc60e708beffc05025e4e8e5db6a,28418,93.0,2026-05-08T05:19:42Z,PX997131.1,00_raw_data,
phage/PZ000613.1/cds.fna,13ba65168f25074d3d109a6ea139d8d220899dc7f4408bb648cf4765034adb5d,79334,126.0,2026-05-08T05:19:42Z,PZ000613.1,00_raw_data,
phage/PZ000613.1/genome.fna,d0eb4a3986c05e2d28e47ea5c7194c8a5c675994df406fe7268ae4cb459e3238,78078,1.0,2026-05-08T05:19:42Z,PZ000613.1,00_raw_data,
phage/PZ000613.1/proteins.faa,9de8241b4f2fa05f09e5f943ed366d12cf66b50f93a8e9773ca3905ac247aae2,35136,127.0,2026-05-08T05:19:42Z,PZ000613.1,00_raw_data,
phage/PZ000615.1/cds.fna,65e7d0764e631d663cc100933a378428385ded4162d6143c130d17024c8170a7,55278,83.0,2026-05-08T05:19:42Z,PZ000615.1,00_raw_data,
phage/PZ000615.1/genome.fna,ef61d802fb5333f705f7aa2174398a3fb36e8d102f188e15f2f569f6d0a0aa7a,52765,1.0,2026-05-08T05:19:42Z,PZ000615.1,00_raw_data,
phage/PZ000615.1/proteins.faa,5d8ca37488253f5d98ee29d99723f07113b751af1c283ad3c579f33c3fb7fc33,24563,83.0,2026-05-08T05:19:42Z,PZ000615.1,00_raw_data,
phage/PZ000751.1/cds.fna,683f9c43fe30941a8afd5baf317856c242b7f0e23a22a135f464c56052d0d578,51791,79.0,2026-05-08T05:19:42Z,PZ000751.1,00_raw_data,
phage/PZ000751.1/genome.fna,0d1ea0ebec70e4181b0fbd8f74d2c80b38a416fb6669c234de78350b92dcc6e1,50923,1.0,2026-05-08T05:19:42Z,PZ000751.1,00_raw_data,
phage/PZ000751.1/proteins.faa,dee37f4ae0c379c2b358e9633e13f07b142099db6c22f3bd640be87e343f7b8f,22700,79.0,2026-05-08T05:19:42Z,PZ000751.1,00_raw_data,
phage/PZ000752.1/cds.fna,0d34419a52dd5e405531ed963c0f4ff029f4f06f3d016cd37b108897734e0683,40688,52.0,2026-05-08T05:19:42Z,PZ000752.1,00_raw_data,
phage/PZ000752.1/genome.fna,b0178cf69a08f041d7d1fd970a5b4c0f47deb3f7fc45de3adf77bd13f814cd0a,40918,1.0,2026-05-08T05:19:42Z,PZ000752.1,00_raw_data,
phage/PZ000752.1/proteins.faa,285085b9f938bb1b39302f69e03192ed970e7a2c02b87e17f5711bfa812a30f8,12371,52.0,2026-05-08T05:19:42Z,PZ000752.1,00_raw_data,
phage/PZ005745.1/cds.fna,5e24155dc18a0856c9aa8f1bd88f7c3160511206fedf9ac4204fa8ce0b72f9c3,293617,363.0,2026-05-08T05:19:42Z,PZ005745.1,00_raw_data,
phage/PZ005745.1/genome.fna,35e54a156e9da62fbd50fa68f262c4562dbc84c990eb33c773b7b3544c2fa85f,284948,1.0,2026-05-08T05:19:42Z,PZ005745.1,00_raw_data,
phage/PZ005745.1/proteins.faa,bf649294b49e28c3e2d14295cb7f9105598b0da8be9612e8fcb45d2bc9491884,102723,369.0,2026-05-08T05:19:42Z,PZ005745.1,00_raw_data,
phage/PZ014354.1/cds.fna,ae8aee14267534b50400c94dea8f72cf1561b6ee8d2454b3fead6d4b931bcd12,51547,86.0,2026-05-08T05:19:42Z,PZ014354.1,00_raw_data,
phage/PZ014354.1/genome.fna,c3cb56cc552048acb1cd8bbd515dee8500a6792cde79519224c47fa5caf24bf8,47211,1.0,2026-05-08T05:19:42Z,PZ014354.1,00_raw_data,
phage/PZ014354.1/proteins.faa,17d245f1b879e96786d036f7eb8b0221da3affda3b30a3efd59dc323f6703c1c,22804,86.0,2026-05-08T05:19:42Z,PZ014354.1,00_raw_data,
phage/PZ019082.1/cds.fna,4f9a5d79132430e2d061493bd7d2392782e34ce72b18b1eab02b45af81ab6a01,45206,76.0,2026-05-08T05:19:42Z,PZ019082.1,00_raw_data,
phage/PZ019082.1/genome.fna,438d4c84e63b3f38632277c02ec76e30503e3063fd13239f8f154d3be22979c9,41246,1.0,2026-05-08T05:19:42Z,PZ019082.1,00_raw_data,
phage/PZ019082.1/proteins.faa,d767b5fb54abd3a0f2bfd9ae62b3097f5e31900f7f8e79a3447e903fc6f274bf,18660,76.0,2026-05-08T05:19:42Z,PZ019082.1,00_raw_data,
phage/PZ019083.1/cds.fna,09138cfe7a7688aa0f1d91f79d854437dc29fa7ac01ddef5082b2c60e7202e43,46135,80.0,2026-05-08T05:19:42Z,PZ019083.1,00_raw_data,
phage/PZ019083.1/genome.fna,0e47a4d5956df3769e5484e2276fc8ac786840f41d0958bfd505eed58ed2a677,41783,1.0,2026-05-08T05:19:42Z,PZ019083.1,00_raw_data,
phage/PZ019083.1/proteins.faa,73917cc8d3ab6d60927fada7d5c34b5213e5857174f300ccf2925b66f01cc153,22076,80.0,2026-05-08T05:19:42Z,PZ019083.1,00_raw_data,
phage/PZ019084.1/cds.fna,a48638f585d0c32dcc35647b7b32cd1af2c6a96121ef707c4e54b71d5b73ba8a,185079,277.0,2026-05-08T05:19:42Z,PZ019084.1,00_raw_data,
phage/PZ019084.1/genome.fna,5661b6887faf16b6af1f1f2630ff6ddee0a4adb449deac57c5dc46a04780325a,168838,1.0,2026-05-08T05:19:42Z,PZ019084.1,00_raw_data,
phage/PZ019084.1/proteins.faa,0edcff18a454c59fa11dd3f13fb82de4285fba82bf4d2279ae182e222b8b048f,74702,277.0,2026-05-08T05:19:42Z,PZ019084.1,00_raw_data,
phage/PZ019085.1/cds.fna,ba507cda48a015fe1e8d337c0443454abe5c3dd1e44376e6a1412d575ec54e1d,187679,281.0,2026-05-08T05:19:42Z,PZ019085.1,00_raw_data,
phage/PZ019085.1/genome.fna,eea82e3ccfe30922334010c3e03bdf32375b402a6d0382e8656e039289ced34a,170892,1.0,2026-05-08T05:19:42Z,PZ019085.1,00_raw_data,
phage/PZ019085.1/proteins.faa,d2bd332aea991f540ba036f89a323304260a246e8ede0262d765da750423ad57,76156,281.0,2026-05-08T05:19:42Z,PZ019085.1,00_raw_data,
phage/PZ019086.1/cds.fna,de6d6a2b90ed878cdb2bba201d8fdcd3e1be46330c538e7775ce962b064cf900,189439,282.0,2026-05-08T05:19:42Z,PZ019086.1,00_raw_data,
phage/PZ019086.1/genome.fna,26985a4d6608f37c1e9ae75364ce1046e8ed27700159bad8c2f99d8de2b8852f,172289,1.0,2026-05-08T05:19:42Z,PZ019086.1,00_raw_data,
phage/PZ019086.1/proteins.faa,875625a64e645738b69343117057a0c4cb7d339cd3c31d7b15ad5253da17e145,79396,282.0,2026-05-08T05:19:42Z,PZ019086.1,00_raw_data,
phage/PZ019799.1/cds.fna,e69e1ea8c7b3b630dcf1b7929c6469df5837d32e4b65d991f088c40c616d4afc,53033,83.0,2026-05-08T05:19:42Z,PZ019799.1,00_raw_data,
phage/PZ019799.1/genome.fna,cea513f1541f5361a39bd012afa01756e3354c81910895009aaff421f5529e97,48634,1.0,2026-05-08T05:19:42Z,PZ019799.1,00_raw_data,
phage/PZ019799.1/proteins.faa,23757a5737eb48daae40338ad6a58b426e6c81e581b901c37fd2dd50bd7645d7,21739,83.0,2026-05-08T05:19:42Z,PZ019799.1,00_raw_data,
phage/PZ019800.1/cds.fna,5c33459a0222901fc96adc03958640c73020a6ea262f4eab01ea98fae25ed160,52197,81.0,2026-05-08T05:19:42Z,PZ019800.1,00_raw_data,
phage/PZ019800.1/genome.fna,0966ee510f312b017cafee75c78b9abe301db0da1448bbc7eb17871da67a8076,48159,1.0,2026-05-08T05:19:42Z,PZ019800.1,00_raw_data,
phage/PZ019800.1/proteins.faa,1e1caad17cf6e34d6050bce06335371eac684eb7d65237947bbbc07d3ba5cedd,21371,81.0,2026-05-08T05:19:42Z,PZ019800.1,00_raw_data,
phage/PZ019801.1/cds.fna,18615996ecbf0d96a164d70a8effbaa2dc1c21f5b509e7b9134d592dca95fc87,52506,80.0,2026-05-08T05:19:42Z,PZ019801.1,00_raw_data,
phage/PZ019801.1/genome.fna,756615253d43a5dfaf7cabc701504fcbf20dee901db354af30559d5f29984bba,48157,1.0,2026-05-08T05:19:42Z,PZ019801.1,00_raw_data,
phage/PZ019801.1/proteins.faa,7321e1556c704ef3e7d8c6f99357d4644694b1811a96522847233642be93f066,21479,80.0,2026-05-08T05:19:42Z,PZ019801.1,00_raw_data,
phage/PZ019802.1/cds.fna,78626b1ff537d733311a768cef2b4ae9a13d3234cc40376be1b33f88731bc75a,52559,86.0,2026-05-08T05:19:42Z,PZ019802.1,00_raw_data,
phage/PZ019802.1/genome.fna,fede3fb5822a22b85698b4470270b892f18dbf1ab8fa5d2c1e6e121f3a11d7f0,48146,1.0,2026-05-08T05:19:42Z,PZ019802.1,00_raw_data,
phage/PZ019802.1/proteins.faa,35e55c447fd2d042aec773c1cc6b9b86101c9ad44e33b324510c8b02357cff19,21798,86.0,2026-05-08T05:19:42Z,PZ019802.1,00_raw_data,
phage/PZ019803.1/cds.fna,e81d80d7f797fb7a03b0dbc15adb874b26084af1339446f80242536ac7f51a2c,52193,82.0,2026-05-08T05:19:42Z,PZ019803.1,00_raw_data,
phage/PZ019803.1/genome.fna,0adc2e93b8b0c3df1e64541a4a97d441785d273d6bf343d95c43249f18af34c2,48160,1.0,2026-05-08T05:19:42Z,PZ019803.1,00_raw_data,
phage/PZ019803.1/proteins.faa,7c2c7fc553083a8ba1c8e4ed459860f6dd279dbd5cafba00a85fbb7852cd3923,21466,82.0,2026-05-08T05:19:42Z,PZ019803.1,00_raw_data,
phage/PZ020097.1/cds.fna,7dec2e4b931f90d19f7472e8b511ef312d5cd27fb70e0f233b0e69b7ebf25c8d,119186,207.0,2026-05-08T05:19:42Z,PZ020097.1,00_raw_data,
phage/PZ020097.1/genome.fna,f459b72fa26f8a0dbddc6b32eb20b490b6bdde685c7c631ea6fe5b8aa7e95a44,113892,1.0,2026-05-08T05:19:42Z,PZ020097.1,00_raw_data,
phage/PZ020097.1/proteins.faa,5e791193540842784a32b6a371219797155550a519b418bb5678a3b9575ac507,63403,232.0,2026-05-08T05:19:42Z,PZ020097.1,00_raw_data,
phage/PZ020098.1/cds.fna,1d05e9c9a8dd03b95e1cfe1655837ad77611af1f94a6ecf711ee031f0fb0e7a3,119281,203.0,2026-05-08T05:19:42Z,PZ020098.1,00_raw_data,
phage/PZ020098.1/genome.fna,0a3230f44dfe165dddb88384abb15831654ea1d4f8a7a16a5870fd22c4a9f20c,113918,1.0,2026-05-08T05:19:42Z,PZ020098.1,00_raw_data,
phage/PZ020098.1/proteins.faa,ac64bdc0dc6cfce74a569af86edbd85ea9e85b85d2a90eb875bfc43ad67ee9ee,63772,226.0,2026-05-08T05:19:42Z,PZ020098.1,00_raw_data,
phage/PZ022450.1/genome.fna,e923263c0f65f66c3896ffd2f60a00e0ec6d0f9874e2151612ed79d7da6d1ae6,177160,1.0,2026-05-08T05:19:42Z,PZ022450.1,00_raw_data,
phage/PZ022450.1/proteins.faa,01ba4719c80b6fe911b091a7c05124b64eeece964e09c058ef8f9805daca546b,1,,2026-05-08T05:19:42Z,PZ022450.1,00_raw_data,
phage/PZ025973.1/cds.fna,a8a30890cca1f686f883e40bf3ae7602b973574039baa01c2eba5d82a9a4d7ac,18163,20.0,2026-05-08T05:19:42Z,PZ025973.1,00_raw_data,
phage/PZ025973.1/genome.fna,a5eec1ced5c01f5f2caa6bd3df84d968e6feea7fa236ddde0d6dc871324c7542,18182,1.0,2026-05-08T05:19:42Z,PZ025973.1,00_raw_data,
phage/PZ025973.1/proteins.faa,3fe905a6c4a42a0f018da391b608892c42e1604d2c63c09fef605d7cbda60a31,4404,20.0,2026-05-08T05:19:42Z,PZ025973.1,00_raw_data,
phage/PZ026127.1/cds.fna,17f02347031fe8018e588b16fc1a9a92e0418fa4e54f66acd8d39864116478b0,189898,277.0,2026-05-08T05:19:42Z,PZ026127.1,00_raw_data,
phage/PZ026127.1/genome.fna,0d05a1596c651bc50ecfd0b95195fb515fbc3f69c1c5853101b480b743ff88f4,173854,1.0,2026-05-08T05:19:42Z,PZ026127.1,00_raw_data,
phage/PZ026127.1/proteins.faa,b69a76da031c552ed9fd1decf092b6c5f0fe94c75f2ae5747c95bda91fdc2319,74640,277.0,2026-05-08T05:19:42Z,PZ026127.1,00_raw_data,
phage/PZ027503.1/genome.fna,9726013da1cb954d923b0c9e7f33e19fbe409839dd7a5b8db5165026ab0db9ac,153155,1.0,2026-05-08T05:19:42Z,PZ027503.1,00_raw_data,
phage/PZ027503.1/proteins.faa,01ba4719c80b6fe911b091a7c05124b64eeece964e09c058ef8f9805daca546b,1,,2026-05-08T05:19:42Z,PZ027503.1,00_raw_data,
phage/PZ036784.1/cds.fna,c58414f97e05af18f0b8896f94f7cb04cf702e903d0ae479faa168accec768b4,39172,46.0,2026-05-08T05:19:42Z,PZ036784.1,00_raw_data,
phage/PZ036784.1/genome.fna,6564a7fae53ec5960b5c217e438dee22134e9a5aeb6d2b176d97b3875c17e505,40109,1.0,2026-05-08T05:19:42Z,PZ036784.1,00_raw_data,
phage/PZ036784.1/proteins.faa,3d07cf128f125a9f99e8b779c584bd8b3e3b8a5e2b5be26c600ae1a68d6603d2,14701,46.0,2026-05-08T05:19:42Z,PZ036784.1,00_raw_data,
phage/PZ043209.1/cds.fna,7e19adcf33af0566c7bd5c81703da619961357937ca221a92a1b8aee849277f5,50741,80.0,2026-05-08T05:19:42Z,PZ043209.1,00_raw_data,
phage/PZ043209.1/genome.fna,23d05ee2a2fba090b585af96ac5c2f0829d0d9c84bfcab5d959edf0c80845335,46224,1.0,2026-05-08T05:19:42Z,PZ043209.1,00_raw_data,
phage/PZ043209.1/proteins.faa,4183995235b07e1bd18c12670d63d768772e7485b4a399f82edb01c33b35aeb5,18866,83.0,2026-05-08T05:19:42Z,PZ043209.1,00_raw_data,
phage/PZ048998.1/cds.fna,ed1d621cbd469b7c2408557ce63d5be1ebe7a6e40f2ff79a51f9914dac71dea1,44532,61.0,2026-05-08T05:19:42Z,PZ048998.1,00_raw_data,
phage/PZ048998.1/genome.fna,9909b991c7790187240e921e22a0e07f7efd83ba0183efeab7b18804c4984293,43196,1.0,2026-05-08T05:19:42Z,PZ048998.1,00_raw_data,
phage/PZ048998.1/proteins.faa,5e7c0c164ba1deea75f3256c290efac0349be14859fea4b8495e2e11edb30c87,20395,61.0,2026-05-08T05:19:42Z,PZ048998.1,00_raw_data,
phage/PZ049337.1/cds.fna,d9bf0d3041632171281d286130e9d8f731e47bccd435271ca21a99fbb249aec0,52047,72.0,2026-05-08T05:19:42Z,PZ049337.1,00_raw_data,
phage/PZ049337.1/genome.fna,736595b1bcb2ab738899d0513aa257f32a6a7cf31765bb2fa1c97e70eb0bf8c1,53786,1.0,2026-05-08T05:19:42Z,PZ049337.1,00_raw_data,
phage/PZ049337.1/proteins.faa,6ddfef3b2fbb2953c6f2e30d9f178c2d5c5f3ac4616f30b4310d032d6e9885c0,22991,72.0,2026-05-08T05:19:42Z,PZ049337.1,00_raw_data,
phage/PZ049338.1/cds.fna,0aacfcf9490636f22be0a86b3ffd7def981288956db781dddf32078a19f6d6a1,71136,117.0,2026-05-08T05:19:42Z,PZ049338.1,00_raw_data,
phage/PZ049338.1/genome.fna,b03b745f54243334a838bf00ad16cc385794538f5ac1c4108a399f70ddfc62c6,68496,1.0,2026-05-08T05:19:42Z,PZ049338.1,00_raw_data,
phage/PZ049338.1/proteins.faa,b3e524342fef95fedc43c1c345034d1ebd4e9d1060e3aa6f90e15169dbee851a,37369,117.0,2026-05-08T05:19:42Z,PZ049338.1,00_raw_data,
phage/PZ049449.1/genome.fna,7c3c3d169a142609148a248a25af16be986524c6f685c33b0125a8d40337b7f3,110802,1.0,2026-05-08T05:19:42Z,PZ049449.1,00_raw_data,
phage/PZ049449.1/proteins.faa,01ba4719c80b6fe911b091a7c05124b64eeece964e09c058ef8f9805daca546b,1,,2026-05-08T05:19:42Z,PZ049449.1,00_raw_data,
phage/PZ049694.1/cds.fna,4e65e38398333c70449e87407768a11cf44b690d2917c9633f7fa0bf5dbf429b,151320,213.0,2026-05-08T05:19:42Z,PZ049694.1,00_raw_data,
phage/PZ049694.1/genome.fna,08456924dfef31b72b97b3e9f20183d39694eaf93ed8462d6e721f3bbada46c0,170934,1.0,2026-05-08T05:19:42Z,PZ049694.1,00_raw_data,
phage/PZ049694.1/proteins.faa,86a315dd056634f695d92af5cc20ce1750d40ad7d65c38cb8b40a28551a0838d,68099,215.0,2026-05-08T05:19:42Z,PZ049694.1,00_raw_data,
phage/PZ050807.1/cds.fna,4c4164b647604bf957581390db02674cd1286b17ede69d034a21cb5d3150c78e,47764,68.0,2026-05-08T05:19:42Z,PZ050807.1,00_raw_data,
phage/PZ050807.1/genome.fna,74a13bec2598eac30e0a8dcb655c259bbf20d4962e84bba045c91adf58ff543e,45891,1.0,2026-05-08T05:19:42Z,PZ050807.1,00_raw_data,
phage/PZ050807.1/proteins.faa,1192864942ec0858bb1eab6bcae3510a059e34fd0e4749b29667823324e5018d,17873,68.0,2026-05-08T05:19:42Z,PZ050807.1,00_raw_data,
phage/PZ050808.1/cds.fna,c29dd669d011fe205f757e2a77e67576d399f3a28ca4294b9c68f4d58db90b30,57953,86.0,2026-05-08T05:19:42Z,PZ050808.1,00_raw_data,
phage/PZ050808.1/genome.fna,667bc91a896a6e16d65c9d1973ea6b98714b95953ec16ba304babca10793ba3c,53552,1.0,2026-05-08T05:19:42Z,PZ050808.1,00_raw_data,
phage/PZ050808.1/proteins.faa,53cdddb0c401baa12dd2a2d9de12775368db1c12545ab162e7bb118795680dc0,24708,86.0,2026-05-08T05:19:42Z,PZ050808.1,00_raw_data,
phage/PZ051231.1/cds.fna,9b9355c998f7cb7af5d36fe668ceab7334584a57324a093fee5f7954007e11aa,142742,222.0,2026-05-08T05:19:42Z,PZ051231.1,00_raw_data,
phage/PZ051231.1/genome.fna,cd65091c5b7dfdb442dcab887cc004ddfd3278bdba26c162d3f1a0d3c1662fe6,136847,1.0,2026-05-08T05:19:42Z,PZ051231.1,00_raw_data,
phage/PZ051231.1/proteins.faa,82369628893df3f3ff0145a7f1d2dc0624ff1a7bbe0a4a77a6a6698d8f69d338,63715,222.0,2026-05-08T05:19:42Z,PZ051231.1,00_raw_data,
phage/PZ051232.1/cds.fna,dd52ff99ce041d0c33a6faacc742a375ce8b3177cbffe35c8af93631d7e8eed7,145418,228.0,2026-05-08T05:19:42Z,PZ051232.1,00_raw_data,
phage/PZ051232.1/genome.fna,426965e9bee98f870689ca4ed5c6e63c69b3cddccd7e77661fb14e269cfdae35,140348,1.0,2026-05-08T05:19:42Z,PZ051232.1,00_raw_data,
phage/PZ051232.1/proteins.faa,64215a7b411878d0e92515abcfef5425fe2586b617c707cd2154f7b7bc6224dd,58792,228.0,2026-05-08T05:19:42Z,PZ051232.1,00_raw_data,
phage/PZ053910.1/cds.fna,16e7b36099cd4117b8d9cd18872b03985407bfc339065adbf5f9cd168af06d1b,70216,94.0,2026-05-08T05:19:42Z,PZ053910.1,00_raw_data,
phage/PZ053910.1/genome.fna,4489b56f10f0bc3185d5b7f50f4e4e377b911f3f8c94c877d4545ab7f0c5576e,64534,1.0,2026-05-08T05:19:42Z,PZ053910.1,00_raw_data,
phage/PZ053910.1/proteins.faa,d36bff75f035922e4e56e9eb480d77ca911b5826acf0583be97fb047ab39bfe4,21121,94.0,2026-05-08T05:19:42Z,PZ053910.1,00_raw_data,
phage/PZ053911.1/cds.fna,883784477093c66979fff62f7c1bb2d14b3f2712a50eb7c3e0d495e899d3ceea,73548,108.0,2026-05-08T05:19:42Z,PZ053911.1,00_raw_data,
phage/PZ053911.1/genome.fna,77037bba1cb7a7fc456a28fa58038b56119efcfa961f2b88bc269f7c2d65d222,67682,1.0,2026-05-08T05:19:42Z,PZ053911.1,00_raw_data,
phage/PZ053911.1/proteins.faa,46e54603f55f1d9420ee445b22a366b1d306386f1db6acd27d6b975b858ffff4,26099,108.0,2026-05-08T05:19:42Z,PZ053911.1,00_raw_data,
phage/PZ053912.1/cds.fna,ed80bad75efe00cd0cbc4281c633649ca360496f9626f5c4efc804132c7fc5fa,183047,268.0,2026-05-08T05:19:42Z,PZ053912.1,00_raw_data,
phage/PZ053912.1/genome.fna,2b07f6686d2dc0a1d3ab0cc0746f0bb62390dc95ab3321017d44d4b1c6707ec7,172518,1.0,2026-05-08T05:19:42Z,PZ053912.1,00_raw_data,
phage/PZ053912.1/proteins.faa,46e6afb9e172c9cb6be7f16c2d7c05d8d1190a5de09901e58f96f89820ca6380,71353,255.0,2026-05-08T05:19:42Z,PZ053912.1,00_raw_data,
phage/PZ055531.1/cds.fna,dbe427be73c5130f2d13ac8ff75b194935093ef74f9f6268cea7702e3e8bfda3,42393,56.0,2026-05-08T05:19:42Z,PZ055531.1,00_raw_data,
phage/PZ055531.1/genome.fna,eac049a64845c6e0ce54e7222c2611c21b90598c3231074dd91b7fcc5fe8a339,40019,1.0,2026-05-08T05:19:42Z,PZ055531.1,00_raw_data,
phage/PZ055531.1/proteins.faa,01ba4719c80b6fe911b091a7c05124b64eeece964e09c058ef8f9805daca546b,1,,2026-05-08T05:19:42Z,PZ055531.1,00_raw_data,
phage/PZ055532.1/cds.fna,46cb807b54e24fb124d57a5f35f703e85736f8df0edeb1da8fecbf8fc1cd7f07,47136,60.0,2026-05-08T05:19:42Z,PZ055532.1,00_raw_data,
phage/PZ055532.1/genome.fna,d6d4b790e2e30b0c52feef6ae46f24f15ef97dc37af34a907e3fcfe68049dc1a,43748,1.0,2026-05-08T05:19:42Z,PZ055532.1,00_raw_data,
phage/PZ055532.1/proteins.faa,eaa76ba8744e3d9faffda30a3438a7fda51f8e4df25f599569598344c784dd95,18152,60.0,2026-05-08T05:19:42Z,PZ055532.1,00_raw_data,
phage/PZ055533.1/cds.fna,063a5ae22fd7f1bdf410020c5131638c0226d5c6eadc790dc82e742f866837a4,165253,279.0,2026-05-08T05:19:42Z,PZ055533.1,00_raw_data,
phage/PZ055533.1/genome.fna,00badd8e0425b93c74ac7f0ec56f458632d8ba7b2bcf4f73abdbb41229e26d3d,149351,1.0,2026-05-08T05:19:42Z,PZ055533.1,00_raw_data,
phage/PZ055533.1/proteins.faa,494ba46ca6fec2d076b69966cf41bbd2ed86588724d9cc634c932f7e41325625,88723,279.0,2026-05-08T05:19:42Z,PZ055533.1,00_raw_data,
phage/PZ055534.1/cds.fna,02bfdbb8cf868ed2645a3526743e504518415db37151150c8b7081fc88028dbb,118777,195.0,2026-05-08T05:19:42Z,PZ055534.1,00_raw_data,
phage/PZ055534.1/genome.fna,f36835c2ed0eb725a961137324b94d4803df445cee09e44b7b71cf4222c61cf7,111579,1.0,2026-05-08T05:19:42Z,PZ055534.1,00_raw_data,
phage/PZ055534.1/proteins.faa,7317dcb4092fd044ed60648078d03060ecd4468362e64a82f6b41fbce168783e,44796,195.0,2026-05-08T05:19:42Z,PZ055534.1,00_raw_data,
phage/PZ055535.1/cds.fna,1691067fc095a7af5657dbe23720b0b853a600285398247071f8e3648b17600b,48915,66.0,2026-05-08T05:19:42Z,PZ055535.1,00_raw_data,
phage/PZ055535.1/genome.fna,8e8e922f7ffed91adeadf8f3a50b2cbbb4e0b25ca44516a36dc3752e64a1234a,44602,1.0,2026-05-08T05:19:42Z,PZ055535.1,00_raw_data,
phage/PZ055535.1/proteins.faa,b6d8edfdba2f3e475df324ab4f449e0fa8645dd2de56d8ba13f0870ee89b7975,18927,66.0,2026-05-08T05:19:42Z,PZ055535.1,00_raw_data,
phage/PZ055536.1/cds.fna,6fe88b8bbfeb557f1ecfd463006bbab91faffadb7ae653916d34cd76e4165546,42174,55.0,2026-05-08T05:19:42Z,PZ055536.1,00_raw_data,
phage/PZ055536.1/genome.fna,fce790380384bea256926b1a4da7b7e1a096e2828d486a9357c59d87745ab5ef,40019,1.0,2026-05-08T05:19:42Z,PZ055536.1,00_raw_data,
phage/PZ055536.1/proteins.faa,f58dc65ce499e1b8ea99cd3c4bc940890fa10ccf9e62b94d865e03f511bceb74,10487,55.0,2026-05-08T05:19:42Z,PZ055536.1,00_raw_data,
phage/PZ055537.1/cds.fna,166e649dd00c6e2fed4d6f4c4686d40cd7ee02ba85e84da6796a0917f900e2d1,54098,83.0,2026-05-08T05:19:42Z,PZ055537.1,00_raw_data,
phage/PZ055537.1/genome.fna,65526777d8c484176577122515ecb7696acdb43a637ec4b18a1d9c8b603defd8,50120,1.0,2026-05-08T05:19:42Z,PZ055537.1,00_raw_data,
phage/PZ055537.1/proteins.faa,fc19271bb19b9d61bccfbdb339383e042aa73dab8218bdb715b5cf2e3802c6f5,16158,83.0,2026-05-08T05:19:42Z,PZ055537.1,00_raw_data,
phage/PZ055538.1/cds.fna,a35190d70c102512c97744e9d0c1f525c37d0c13e88b28342b1d65d94b46d8d7,54306,84.0,2026-05-08T05:19:42Z,PZ055538.1,00_raw_data,
phage/PZ055538.1/genome.fna,cf93bd2ffe82ec0f0a6c699ce93ac35cc78c6e37a21f0c7b7c26890a7a9e30e4,50279,1.0,2026-05-08T05:19:42Z,PZ055538.1,00_raw_data,
phage/PZ055538.1/proteins.faa,108037dbccdfbcc2dffeec4ee33dae99105432c061de4114a0ded6992b326f32,30118,84.0,2026-05-08T05:19:42Z,PZ055538.1,00_raw_data,
phage/PZ055573.1/cds.fna,1766a31655397601df9e466cc3746db62f3c6d93f4ab7427f52fa92f9e195492,44538,57.0,2026-05-08T05:19:42Z,PZ055573.1,00_raw_data,
phage/PZ055573.1/genome.fna,dc22c9c67cac2ec95fd4f8c8906a255e927c1749ef8c26731eb4a67475a0da07,41373,1.0,2026-05-08T05:19:42Z,PZ055573.1,00_raw_data,
phage/PZ055573.1/proteins.faa,1a8a57f3da52aedf87ca5acf4e1b20d010541746c15c60eab1ac95b1463fc79c,17666,57.0,2026-05-08T05:19:42Z,PZ055573.1,00_raw_data,
phage/PZ055574.1/cds.fna,17124c189c452cdf09603d0de13888c3f6363d04143fbe5f0ee244daedb5129a,43577,56.0,2026-05-08T05:19:42Z,PZ055574.1,00_raw_data,
phage/PZ055574.1/genome.fna,a273e366c9ad2993833c5472a542e76a7162c1ef8ff3e0019ffd7bda64784181,40914,1.0,2026-05-08T05:19:42Z,PZ055574.1,00_raw_data,
phage/PZ055574.1/proteins.faa,c27243da5c7565bd054bca7f8e7b018aeace3f373a551538d73a2bb9984bc41f,12247,56.0,2026-05-08T05:19:42Z,PZ055574.1,00_raw_data,
phage/PZ055575.1/cds.fna,e8f4e5b99724f0b824efa2c41fbb6854c5b86b6be2b046a0d9a39db7d37a91fe,43493,55.0,2026-05-08T05:19:42Z,PZ055575.1,00_raw_data,
phage/PZ055575.1/genome.fna,10a40d98025683234c2da6d9565d4111dd7ed660414fd3ddd036cc067591f096,40839,1.0,2026-05-08T05:19:42Z,PZ055575.1,00_raw_data,
phage/PZ055575.1/proteins.faa,c5d45fa6101d589e6f183f6f427041bc02560d099d15856fb5412ad33f72dee9,15789,55.0,2026-05-08T05:19:42Z,PZ055575.1,00_raw_data,
phage/PZ055576.1/cds.fna,95d251a47e7ad98217014f468d07d68747ac9bef83e8359f4679716412437d1e,43753,54.0,2026-05-08T05:19:42Z,PZ055576.1,00_raw_data,
phage/PZ055576.1/genome.fna,61b9e59427586ed91061d27c3cefcd0a49ac82213f831856c19e282cda320247,41071,1.0,2026-05-08T05:19:42Z,PZ055576.1,00_raw_data,
phage/PZ055576.1/proteins.faa,47bd258f3a27b18e573d34a90f5eb27354ba662fcb23dcc0658f9ab23c2770d2,15929,54.0,2026-05-08T05:19:42Z,PZ055576.1,00_raw_data,
phage/PZ069137.1/cds.fna,340f5cd1c62a2ca32f2d8d8fb56cb01af0ae840ab85452a1db014076d313009a,54019,98.0,2026-05-08T05:19:42Z,PZ069137.1,00_raw_data,
phage/PZ069137.1/genome.fna,7f2f6a87d2429b33d9458f00c17bbcc4dd07895eb6ec5e31fd9a328f650348e6,48451,1.0,2026-05-08T05:19:42Z,PZ069137.1,00_raw_data,
phage/PZ069137.1/proteins.faa,9aed0c069f7f6084c79c26aa726c08b7175b579753329de97f8ff2e9d4965ca4,22470,98.0,2026-05-08T05:19:42Z,PZ069137.1,00_raw_data,
phage/PZ091928.1/cds.fna,9b89fd7ad1b552cd784af606c7015de74ac23f369d1eeb0314a6d782bde2a1e4,40441,43.0,2026-05-08T05:19:42Z,PZ091928.1,00_raw_data,
phage/PZ091928.1/genome.fna,13a6cca44b7892fcf419e0ee4b2b62abeb96b3b22ff4ef58427c2134e0f56e78,41669,1.0,2026-05-08T05:19:42Z,PZ091928.1,00_raw_data,
phage/PZ091928.1/proteins.faa,c63bb30b7d450c6d6ce35c8d3b1876aaca0c28eda88fbc51ee392edb06088db2,15514,43.0,2026-05-08T05:19:42Z,PZ091928.1,00_raw_data,
phage/PZ091942.1/cds.fna,bec4bbeb87524a330a3aa34a82b5e480bd3abe0e652d8194d6bac875db15c77f,80630,117.0,2026-05-08T05:19:42Z,PZ091942.1,00_raw_data,
phage/PZ091942.1/genome.fna,42f65a7c2e2d3a74d47dd454f8f106fbb7d3ca4672fe5fd33c63d525a1f95e27,79109,1.0,2026-05-08T05:19:42Z,PZ091942.1,00_raw_data,
phage/PZ091942.1/proteins.faa,36996db1bf7799354c5b67a7a66a876fd28a5ad1377adda46d828a39d74865a3,32967,117.0,2026-05-08T05:19:42Z,PZ091942.1,00_raw_data,
phage/PZ099256.1/cds.fna,3c7eb3095e20ab5888f92f2c8d57e15d240b5ec8b82f1b9bc7b52f106e8bcd0f,66999,101.0,2026-05-08T05:19:42Z,PZ099256.1,00_raw_data,
phage/PZ099256.1/genome.fna,222cc4d93f165d14dc17f9566c555f62677e2b366dd13d5e871d12ccae588606,63309,1.0,2026-05-08T05:19:42Z,PZ099256.1,00_raw_data,
phage/PZ099256.1/proteins.faa,72a3a5560ea9b119c6199c2eabe363625fb69fce40c42aa11073ec87db116080,34375,101.0,2026-05-08T05:19:42Z,PZ099256.1,00_raw_data,
phage/PZ099670.1/cds.fna,7955f33eb488c7e9586900e3cccd412bdc42ec7b953fb2f5ed97d9b780563660,49715,59.0,2026-05-08T05:19:42Z,PZ099670.1,00_raw_data,
phage/PZ099670.1/genome.fna,6f3f8249c549a4a050c78af48be372d8d848c0cc56c09b10bc88bc35f299e19d,48079,1.0,2026-05-08T05:19:42Z,PZ099670.1,00_raw_data,
phage/PZ099670.1/proteins.faa,18509fde6a7288e9375033c236e9e286e0a11f72b3bb3fa074a576af9782aac0,25354,59.0,2026-05-08T05:19:42Z,PZ099670.1,00_raw_data,
phage/PZ099671.1/cds.fna,c6218ccb81250b3385fbd00b89a8af16d5706d600c18792eba97f96f383c9786,112243,153.0,2026-05-08T05:19:42Z,PZ099671.1,00_raw_data,
phage/PZ099671.1/genome.fna,544eaa5d4ca24487ae9564bad09492a41b7a343ee6db3a5f687a050a7a1a1e37,114320,1.0,2026-05-08T05:19:42Z,PZ099671.1,00_raw_data,
phage/PZ099671.1/proteins.faa,b36a72e5f6cd42c7be080ee748f020ade651055e95485d5201a49ee568b7755e,36721,153.0,2026-05-08T05:19:42Z,PZ099671.1,00_raw_data,
phage/PZ105927.1/cds.fna,7c4be3a94b30d28e196e4bd60ae9c5de017cd4cc3d12a2d2b756ff997fac62ba,36751,39.0,2026-05-08T05:19:42Z,PZ105927.1,00_raw_data,
phage/PZ105927.1/genome.fna,c3c948c8555f716715fd052c1b91f475476478797e5d48f91d507b45fa8e4f18,40929,1.0,2026-05-08T05:19:42Z,PZ105927.1,00_raw_data,
phage/PZ105927.1/proteins.faa,ea5114cbec5bc699a4343673bc8855457eb6b206d2dfbb5d134894d1500e1d65,11476,39.0,2026-05-08T05:19:42Z,PZ105927.1,00_raw_data,
phage/PZ122515.1/cds.fna,12e07210f06fd7c1c464ee0b7d490f68391d88b377496bac462130157d199b25,41992,61.0,2026-05-08T05:19:42Z,PZ122515.1,00_raw_data,
phage/PZ122515.1/genome.fna,1b0f3585d3b8eb743466e5fcfa4b2e687e37708be4311ea7dda8d766719b9a49,37996,1.0,2026-05-08T05:19:42Z,PZ122515.1,00_raw_data,
phage/PZ122515.1/proteins.faa,0766f9b9624d29238697a349a0d36a55adda9468e2343e8e322c5d7dc14e01f4,14051,61.0,2026-05-08T05:19:42Z,PZ122515.1,00_raw_data,
phage/PZ122516.1/cds.fna,e422faabbd79922e369d583ad8edd30a6dbf8730854b6c787613c10eeef5acce,105551,199.0,2026-05-08T05:19:42Z,PZ122516.1,00_raw_data,
phage/PZ122516.1/genome.fna,4129b5ab4e6d002af68d7ee9ae0262a985fbbe3220d1122a7bb7fa5c93449e0b,94428,1.0,2026-05-08T05:19:42Z,PZ122516.1,00_raw_data,
phage/PZ122516.1/proteins.faa,94e6dd08593ac63d2eefa570698b5ab1638cfb31763b476d2f9d1ff998b6a957,50682,213.0,2026-05-08T05:19:42Z,PZ122516.1,00_raw_data,
phage/PZ125038.1/cds.fna,3f58fbc6b4c0b8a96a106df2b15eaf8922bfda5287fe5b3e263e5487687b1bd4,142151,201.0,2026-05-08T05:19:42Z,PZ125038.1,00_raw_data,
phage/PZ125038.1/genome.fna,5692538a437fd97c83e0f3268cb8a23cabe411ed9fd45e647fc6d9f911660921,137817,1.0,2026-05-08T05:19:42Z,PZ125038.1,00_raw_data,
phage/PZ125038.1/proteins.faa,ec8597c5150fdbf144df3cc873dac8a410c9d9dedc369a569285dd30941c933d,52787,205.0,2026-05-08T05:19:42Z,PZ125038.1,00_raw_data,
phage/PZ125052.1/genome.fna,57cf653de4cfdcebb4d797013d0159a958e03d6a987039e8347573386a9478bf,41849,1.0,2026-05-08T05:19:42Z,PZ125052.1,00_raw_data,
phage/PZ125052.1/proteins.faa,01ba4719c80b6fe911b091a7c05124b64eeece964e09c058ef8f9805daca546b,1,,2026-05-08T05:19:42Z,PZ125052.1,00_raw_data,
phage/PZ145240.1/genome.fna,f164378a0c142c470c1f070dd030827f1486cca3e92336d9c97a8f70c490e652,58332,1.0,2026-05-08T05:19:42Z,PZ145240.1,00_raw_data,
phage/PZ145240.1/proteins.faa,01ba4719c80b6fe911b091a7c05124b64eeece964e09c058ef8f9805daca546b,1,,2026-05-08T05:19:42Z,PZ145240.1,00_raw_data,
phage/PZ145241.1/genome.fna,a1dca6e04389a28035a905c0d33e864c5ed1fc39617240357beaeb0dbd7f6adb,69718,1.0,2026-05-08T05:19:42Z,PZ145241.1,00_raw_data,
phage/PZ145241.1/proteins.faa,01ba4719c80b6fe911b091a7c05124b64eeece964e09c058ef8f9805daca546b,1,,2026-05-08T05:19:42Z,PZ145241.1,00_raw_data,
phage/PZ145242.1/genome.fna,2be1315934f8bd6b034610c7ec1cd8c4d53bdaac0adebee435516698052b275c,69718,1.0,2026-05-08T05:19:42Z,PZ145242.1,00_raw_data,
phage/PZ145242.1/proteins.faa,01ba4719c80b6fe911b091a7c05124b64eeece964e09c058ef8f9805daca546b,1,,2026-05-08T05:19:42Z,PZ145242.1,00_raw_data,
phage/PZ145244.1/genome.fna,c0883b9e18594a66cb41eb432bf6f57f560ffffa60afddb66ba48e53d81498e9,57130,1.0,2026-05-08T05:19:42Z,PZ145244.1,00_raw_data,
phage/PZ145244.1/proteins.faa,01ba4719c80b6fe911b091a7c05124b64eeece964e09c058ef8f9805daca546b,1,,2026-05-08T05:19:42Z,PZ145244.1,00_raw_data,
phage/PZ171032.1/cds.fna,9c604adec0623bdbbac6ceae7da8822ad6ef02a852b48e9183cd7089dddcbbae,147951,243.0,2026-05-08T05:19:42Z,PZ171032.1,00_raw_data,
phage/PZ171032.1/genome.fna,d2cd4e3ed28aaa7ac472485f6508afaafc600464a416092c9c18bc49f6a71636,137143,1.0,2026-05-08T05:19:42Z,PZ171032.1,00_raw_data,
phage/PZ171032.1/proteins.faa,adcd2caa8560cde85747c02881e101f02cb02718d84ff5fb861e7efb095a58d7,64756,243.0,2026-05-08T05:19:42Z,PZ171032.1,00_raw_data,
phage/PZ171033.1/cds.fna,a483d4eff1bc3675372f79e10960d7de3d17b60e1c5d33901129866a000cc68d,79073,104.0,2026-05-08T05:19:42Z,PZ171033.1,00_raw_data,
phage/PZ171033.1/genome.fna,cd1923c1cea2667f3e77f718ba265a4432edae8b82143083a4c7e75eac2a7068,74062,1.0,2026-05-08T05:19:42Z,PZ171033.1,00_raw_data,
phage/PZ171033.1/proteins.faa,5b1f09caf9dde56c8e4fa04a1281f50528c2ed6723a1bd7d6f7bfc74ea62181a,26216,104.0,2026-05-08T05:19:42Z,PZ171033.1,00_raw_data,
phage/PZ171034.1/cds.fna,f19efe128881e5d3af50109b752b0fc1eafec0b8d264b2c385f2e2d52acde79c,79456,104.0,2026-05-08T05:19:42Z,PZ171034.1,00_raw_data,
phage/PZ171034.1/genome.fna,08bb42332a4c7226a4cefac7d56c87b1046b84df292e394016213cbe7ec97b95,74066,1.0,2026-05-08T05:19:42Z,PZ171034.1,00_raw_data,
phage/PZ171034.1/proteins.faa,ee5fd56a9733162f7eabe83b0940871acf390758500274527c2077853718e785,20136,104.0,2026-05-08T05:19:42Z,PZ171034.1,00_raw_data,
phage/PZ171035.1/cds.fna,f7243d4e6eb3ad6dd6a06fa67592fe91df78352f97f2522a74430733fd01c2ad,78442,103.0,2026-05-08T05:19:42Z,PZ171035.1,00_raw_data,
phage/PZ171035.1/genome.fna,12d4348ca42305e24e41aecaf1bbc69833074f2df699e0ed912da78fd7360dcb,73119,1.0,2026-05-08T05:19:42Z,PZ171035.1,00_raw_data,
phage/PZ171035.1/proteins.faa,51b7df852790b3217b4fd614e5524d3ec190445d6eb5b789acf23a188a274c0f,31096,103.0,2026-05-08T05:19:42Z,PZ171035.1,00_raw_data,
phage/PZ172977.1/cds.fna,1230411052b28f4732abb5b87bfd4c3f65cac7f6109045dfa7712febbb090891,85843,149.0,2026-05-08T05:19:42Z,PZ172977.1,00_raw_data,
phage/PZ172977.1/genome.fna,df19badf7330d6554aa958353dbe7d2c7f801c15589fe76abb2608f0a59024ae,77863,1.0,2026-05-08T05:19:42Z,PZ172977.1,00_raw_data,
phage/PZ172977.1/proteins.faa,fc7391b1194604d1f5ffbf37703285a0dc19f8b9546f3bb5dd6d22abb6d13899,42252,151.0,2026-05-08T05:19:42Z,PZ172977.1,00_raw_data,
phage/PZ172978.1/cds.fna,5e9952bf5d6a221aa47f9b8ebe68986daaae5911e76dcfad321d6f2be9bbd3f6,75876,118.0,2026-05-08T05:19:42Z,PZ172978.1,00_raw_data,
phage/PZ172978.1/genome.fna,aa533ff34348231252ca7f1295a7ebf43a360a47b49477c66afd46ed7602db94,72283,1.0,2026-05-08T05:19:42Z,PZ172978.1,00_raw_data,
phage/PZ172978.1/proteins.faa,b387ccaaa205a3dfdcc839d08bc3227657a512de006ec17e4885a4275f550866,44094,130.0,2026-05-08T05:19:42Z,PZ172978.1,00_raw_data,
phage/PZ172979.1/cds.fna,b0af59ca56d14495164e48959cc48bb5f4e52be95129c94b33a8b5b2287ab580,57389,96.0,2026-05-08T05:19:42Z,PZ172979.1,00_raw_data,
phage/PZ172979.1/genome.fna,d575789f28b77170c5e095fb8a2a683134f5b9eeeb11ca59346d3b254268b3f2,53037,1.0,2026-05-08T05:19:42Z,PZ172979.1,00_raw_data,
phage/PZ172979.1/proteins.faa,097925f10e265ca56e73e1f19f8cd7dda1c30df7932f0318733f3411b6752e46,20840,99.0,2026-05-08T05:19:42Z,PZ172979.1,00_raw_data,
phage/PZ172980.1/cds.fna,eb29e689250e3f3e574f18c55584f9a5e6fb2fd56b31374bd04e2ee0c090340b,77799,100.0,2026-05-08T05:19:42Z,PZ172980.1,00_raw_data,
phage/PZ172980.1/genome.fna,3bbd7b55875042e93255bfd1aac37f8017541bcaf516af6fe658e1f35ab9f9cc,71796,1.0,2026-05-08T05:19:42Z,PZ172980.1,00_raw_data,
phage/PZ172980.1/proteins.faa,eb0347a016bdf20547fd9422e5d1cae890af065aab487e40eb15a08d211f02e4,24842,100.0,2026-05-08T05:19:42Z,PZ172980.1,00_raw_data,
phage/PZ172981.1/cds.fna,87d88748e8936674dc301b59e592816bb6ea5bebfdc89d845e7559cca1359bb6,57288,95.0,2026-05-08T05:19:42Z,PZ172981.1,00_raw_data,
phage/PZ172981.1/genome.fna,d2c84829d32b940f822460c715f2c0f319f955484ec9f6d5b74b042b461f744e,53408,1.0,2026-05-08T05:19:42Z,PZ172981.1,00_raw_data,
phage/PZ172981.1/proteins.faa,1e9431776dc0b7ca6d2a20bc0ccdf3ff6e31c8cb8e282a5e89c456895c5734d4,28639,98.0,2026-05-08T05:19:42Z,PZ172981.1,00_raw_data,
phage/PZ193109.1/cds.fna,c08e3026dbcb4ca64fdec1158a954b7eec8d6b5aa2257af866f7277376c8eda2,100789,174.0,2026-05-08T05:19:42Z,PZ193109.1,00_raw_data,
phage/PZ193109.1/genome.fna,0c7830f3ca72b470ce0032f262ee970bc74e3977b03807ba4b6e6837e029cab9,97014,1.0,2026-05-08T05:19:42Z,PZ193109.1,00_raw_data,
phage/PZ193109.1/proteins.faa,a58649af406c5b4e7668e3f3e1b39c9b51426832a2b67e02df640b93195f3283,44726,193.0,2026-05-08T05:19:42Z,PZ193109.1,00_raw_data,
phage/PZ212788.1/cds.fna,855f2554283c720f9549275bc75b5a48e049eb265e0ae4ca3ee90e4925df6c8d,143613,236.0,2026-05-08T05:19:42Z,PZ212788.1,00_raw_data,
phage/PZ212788.1/genome.fna,2c354f46ba70d87034bb24d185a70dc60f235e82fe87f2a93e356016e42e3917,132996,1.0,2026-05-08T05:19:42Z,PZ212788.1,00_raw_data,
phage/PZ212788.1/proteins.faa,99c5d6393d2754b3b9e9fe81e628e37980a46cfa4c12d8053f830b730e0456d1,71193,236.0,2026-05-08T05:19:42Z,PZ212788.1,00_raw_data,
phage/PZ223989.1/cds.fna,0ceb60c9c465ffb595636a48a2d433dfaea92cc1e10534f6cee22a353af2b07c,51850,77.0,2026-05-08T05:19:42Z,PZ223989.1,00_raw_data,
phage/PZ223989.1/genome.fna,ba3b8d35e1caca96b2002a882f1df3aa9001143bd7c57d6ba183a6bea88d9793,50986,1.0,2026-05-08T05:19:42Z,PZ223989.1,00_raw_data,
phage/PZ223989.1/proteins.faa,3eb067f0f3c3849b7fe358686243ee0d6a37487a8510045d6f6145d0f973710a,21858,77.0,2026-05-08T05:19:42Z,PZ223989.1,00_raw_data,
phage/PZ223990.1/cds.fna,577d8564c0ace0019f1670744389a03ab3311cab6c975ec4329adb29aca7c2ee,52851,78.0,2026-05-08T05:19:42Z,PZ223990.1,00_raw_data,
phage/PZ223990.1/genome.fna,c315b7f572abf4c03549c342339529b03b3839d806c8c1d9070b2bf20e8c2d48,51814,1.0,2026-05-08T05:19:42Z,PZ223990.1,00_raw_data,
phage/PZ223990.1/proteins.faa,dd2f1ef5831c41d3f9e829b33dcbd7947c425a82afc9cf04cf6579670f03af6d,19087,78.0,2026-05-08T05:19:42Z,PZ223990.1,00_raw_data,
phage/PZ226539.1/cds.fna,eceb590c8e8e5bdf0afbaa4d65fed3fe744f9bb1868b4cab747b7eb94c8880dd,98338,123.0,2026-05-08T05:19:42Z,PZ226539.1,00_raw_data,
phage/PZ226539.1/genome.fna,d07428b25fe0b7e0c0e515f838777b9dc48abe88e629764fe9e70cf0f1189afe,94613,1.0,2026-05-08T05:19:42Z,PZ226539.1,00_raw_data,
phage/PZ226539.1/proteins.faa,43893c2c24839545d36f209c8da23efb37fed014ba1dbc244d2dcfbd5d3ef49e,40486,123.0,2026-05-08T05:19:42Z,PZ226539.1,00_raw_data,
phage/PZ226540.1/cds.fna,d0d744ccdf74ebf6316c54fd95c54ebf917fe200286e909be055374bb49136be,329355,397.0,2026-05-08T05:19:42Z,PZ226540.1,00_raw_data,
phage/PZ226540.1/genome.fna,fb9bcd629dffdab0c4a521868c4885db6d44456c03f097f8a71748f74f1ebeec,310836,1.0,2026-05-08T05:19:42Z,PZ226540.1,00_raw_data,
phage/PZ226540.1/proteins.faa,af05945cef24be2c33727d6d7f6ade70051ee9b4572df8be19342aa5f09e7c6b,127946,397.0,2026-05-08T05:19:42Z,PZ226540.1,00_raw_data,
phage/PZ227171.1/cds.fna,b76f610e97404a895a9d6d2d06fad94b2f95e46c436e34ad094022ae5bce99d4,52092,70.0,2026-05-08T05:19:42Z,PZ227171.1,00_raw_data,
phage/PZ227171.1/genome.fna,230cab293ff46808ff324bf2c7b66836c5115a14f8c1316a9181301767bb5b3e,50301,1.0,2026-05-08T05:19:42Z,PZ227171.1,00_raw_data,
phage/PZ227171.1/proteins.faa,5c919628c774fe799fc798ff229f2f7f066eecc2a15fae30ad7b4bc8c68157ca,21341,70.0,2026-05-08T05:19:42Z,PZ227171.1,00_raw_data,
phage/PZ232053.1/cds.fna,4bbdd73f88ed1c80db27f84742090587304da0a795159f356863fd3b584272cb,46204,61.0,2026-05-08T05:19:42Z,PZ232053.1,00_raw_data,
phage/PZ232053.1/genome.fna,1dfb3a6717f6f4b34fa7ded0c89c112cff43c4fdfdf9a2cb08d2e7060b09fca8,43407,1.0,2026-05-08T05:19:42Z,PZ232053.1,00_raw_data,
phage/PZ232053.1/proteins.faa,872ffdc8930bbc8d9156b1d69cf2389035fea5f960a8812f6c36306c0a5fe4a9,701,4.0,2026-05-08T05:19:42Z,PZ232053.1,00_raw_data,
bacteria/CP003873/cds.fna,cf4ef4a9f1a8fe5a40939bbbd94416fe6bb188469a758d493490d3b6341c4a99,4893902,3949.0,2026-05-08T05:19:42Z,CP003873,00_raw_data,
bacteria/CP003873/genes.gff,d801d6587885e7e4fbd5ff32460e5e7e5c177257a87679429019be9c7a66da37,2586522,,2026-05-08T05:19:42Z,CP003873,00_raw_data,
bacteria/CP003873/genome.fna,cd32d1a51ceba3cb9ce1934ebc2c5dcbd09b69980a97a144f0698ee9e0480445,4733497,2.0,2026-05-08T05:19:42Z,CP003873,00_raw_data,
bacteria/CP003873/proteins.faa,0b464cf33b56f405365b42ecf4596e4ebf11c080f3ccf07976fe38f6e4aa12a4,1668825,3917.0,2026-05-08T05:19:42Z,CP003873,00_raw_data,
bacteria/CP045452/cds.fna,1052f9f5cf4614321616f4685ad67034a9ce3e84a9ef2ea9531336024c0002e9,5169930,4800.0,2026-05-08T05:19:42Z,CP045452,00_raw_data,
bacteria/CP045452/genes.gff,3d49c30b2144641252a88bdfde74c169065f4d77964a82c2f818c4b001a4927b,2316314,,2026-05-08T05:19:42Z,CP045452,00_raw_data,
bacteria/CP045452/genome.fna,ca40d2e6b2e5ad53fb6f1d96f9f9a7796caf7eddb183b233500ce76513ab1477,5075322,1.0,2026-05-08T05:19:42Z,CP045452,00_raw_data,
bacteria/CP045452/proteins.faa,33bf760449f6ef5c363251311cbf6a3edd03037dd1261d629faf70e3c81d42a1,431390,1507.0,2026-05-08T05:19:42Z,CP045452,00_raw_data,
bacteria/CP076725/cds.fna,753f7c78a0fc0891023d4e9088266b496910932a4cdb68e3a5f9ee298d8f7d3c,5446041,4405.0,2026-05-08T05:19:42Z,CP076725,00_raw_data,
bacteria/CP076725/genes.gff,9cb7164f8f5eccbe32c603d00eb59a6d0fef9ec13f28bc261e7b58cb6e290bab,2815789,,2026-05-08T05:19:42Z,CP076725,00_raw_data,
bacteria/CP076725/genome.fna,4f9aeaad87f66f0a8cdae17be2b0b4093ef000298d0de4dd115f308513796f3a,5337550,1.0,2026-05-08T05:19:42Z,CP076725,00_raw_data,
bacteria/CP076725/proteins.faa,16795a56b5e6a91dd47e7ed98877795d4a694541e7f5fe8752ecee3eb25e1435,1796508,4229.0,2026-05-08T05:19:42Z,CP076725,00_raw_data,
bacteria/CP090954/cds.fna,9d4a6fadac09d61bb5805d0982f1597e63a73b44580465917c38363293354a98,5330773,4349.0,2026-05-08T05:19:42Z,CP090954,00_raw_data,
bacteria/CP090954/genes.gff,def69f9f05614f3d84189662b06d42477aa8ba15c4bcb0e290372663aed44e11,2776247,,2026-05-08T05:19:42Z,CP090954,00_raw_data,
bacteria/CP090954/genome.fna,9a4825eb2507058ae67ef7a57f83e0890f19b97a6bf41db42ed458d517adb41a,5219196,2.0,2026-05-08T05:19:42Z,CP090954,00_raw_data,
bacteria/CP090954/proteins.faa,b76be2deca51cc8ee31db67f600efaf64a3ead88d5228e28b334fece4f2ce17d,1737394,4104.0,2026-05-08T05:19:42Z,CP090954,00_raw_data,
bacteria/LT604072/cds.fna,21756a98b6f80084372d28673041339390207b2bda76921cea93089ba5469a0e,4932212,4046.0,2026-05-08T05:19:42Z,LT604072,00_raw_data,
bacteria/LT604072/genes.gff,3fa269f621f2f34b4f9463514bb4d76af0428ec8cd22fa425692f5cb6e31060a,2560857,,2026-05-08T05:19:42Z,LT604072,00_raw_data,
bacteria/LT604072/genome.fna,57c03d45fd6b8f2826ec0ce23263206b706e6aaf4ff86115667187d494261bfe,4774410,1.0,2026-05-08T05:19:42Z,LT604072,00_raw_data,
bacteria/LT604072/proteins.faa,5b06c39ad5f2986987bc2191904dad584627d65ee8c7342b34da0ee788092133,1623107,3807.0,2026-05-08T05:19:42Z,LT604072,00_raw_data,
bacteria/NC_004547/cds.fna,b0c601d4ecdc9abd0ba44608322bb0d0c6d7e5f1946efeaeb8bc17bf651cf83e,5261513,4464.0,2026-05-08T05:19:42Z,NC_004547,00_raw_data,
bacteria/NC_004547/genes.gff,7d349cb24fd0f6fc9fa7d699ce3467b6972ed1a1581f2305b207055832bb0f29,2811620,,2026-05-08T05:19:42Z,NC_004547,00_raw_data,
bacteria/NC_004547/genome.fna,0d181e785420ee91c2ed2e61ed66a2e47de52f6196b8d942816100247354e4bd,5127389,1.0,2026-05-08T05:19:42Z,NC_004547,00_raw_data,
bacteria/NC_004547/proteins.faa,fe0e22f69ee81dda9ba5f86187344f0b24182d11c7e70b0f78f8a7f920dfe6e5,1810124,4380.0,2026-05-08T05:19:42Z,NC_004547,00_raw_data,
bacteria/NZ_AP041801/cds.fna,a9554b30ce657e29343c43fcf213331140ec14166f36a35a8b5817fd2ca3c31a,5132142,4358.0,2026-05-08T05:19:42Z,NZ_AP041801,00_raw_data,
bacteria/NZ_AP041801/genes.gff,45b992fbc7297ff1f8cc8899d2ca721c93cea7e1bae7e0183d0949298477958a,2810245,,2026-05-08T05:19:42Z,NZ_AP041801,00_raw_data,
bacteria/NZ_AP041801/genome.fna,b7a0618129275d803fed703829c56fabac34b6da8c17ca5629555c7832aea4db,4838030,2.0,2026-05-08T05:19:42Z,NZ_AP041801,00_raw_data,
bacteria/NZ_AP041801/proteins.faa,a748866d881d311fb84a48488c9c4aa8e5bbaeebf0743a701dc7d555092c3fc3,1754133,4275.0,2026-05-08T05:19:42Z,NZ_AP041801,00_raw_data,
bacteria/NZ_CP012348/cds.fna,cc78619110f1c718a8b4c1386527b7c05b574651fc1bc8a56a5db9ae4579810b,5148796,4562.0,2026-05-08T05:19:42Z,NZ_CP012348,00_raw_data,
bacteria/NZ_CP012348/genes.gff,ffa8444a5f86de9bf522180adf201cc7821639e7de0913a53ae241086a70ce72,2976866,,2026-05-08T05:19:42Z,NZ_CP012348,00_raw_data,
bacteria/NZ_CP012348/genome.fna,646f5cd863d97bc9dcd60c0674ea954ccb5f0aa678eeab512634648f2bcdd510,4841499,2.0,2026-05-08T05:19:42Z,NZ_CP012348,00_raw_data,
bacteria/NZ_CP012348/proteins.faa,d80b4b37f11d3fa55b276866d4b7481dd35c726a3ee75fd03727ca321eba60a6,1620771,4192.0,2026-05-08T05:19:42Z,NZ_CP012348,00_raw_data,
bacteria/NZ_CP013250/cds.fna,ec58d0c573c469058cf086449907bb5cee5abbf0f86e578a96ddb071aba69523,5540756,4759.0,2026-05-08T05:19:42Z,NZ_CP013250,00_raw_data,
bacteria/NZ_CP013250/genes.gff,4b7be2dff0d7be186b9f15ade9a59e9de2537138dae49b50d367c42e7e8e5495,3133780,,2026-05-08T05:19:42Z,NZ_CP013250,00_raw_data,
bacteria/NZ_CP013250/genome.fna,96a40fcb7988c5483acaf05aa39f58fc3eb4d49e34a81060cbbc13f1769142ea,5406703,3.0,2026-05-08T05:19:42Z,NZ_CP013250,00_raw_data,
bacteria/NZ_CP013250/proteins.faa,1192d26d276bd0031d0127fe9aecb7a90332deb543bc4316927b291ffe1d389e,1869166,4670.0,2026-05-08T05:19:42Z,NZ_CP013250,00_raw_data,
bacteria/NZ_CP014028/cds.fna,5c536b0d2146b2697efb6c87ebe8c644dd9237d77ba1df8c08a681b7c3a90075,6824133,5696.0,2026-05-08T05:19:42Z,NZ_CP014028,00_raw_data,
bacteria/NZ_CP014028/genes.gff,e0caca8e30b7fd6b2611583365ee637915b039644e85c31fd508178c780ab8f8,3698821,,2026-05-08T05:19:42Z,NZ_CP014028,00_raw_data,
bacteria/NZ_CP014028/genome.fna,7f04c541456e962f2460d5785f477dd3769bdbf6cad500449105e62fb60eeb7f,6347204,1.0,2026-05-08T05:19:42Z,NZ_CP014028,00_raw_data,
bacteria/NZ_CP014028/proteins.faa,b86d0306a61c9ade632293d4e7918a2d47940fc6214d3053cec5be57bd3132e5,2340872,5626.0,2026-05-08T05:19:42Z,NZ_CP014028,00_raw_data,
bacteria/NZ_CP016892/cds.fna,884c238389be2445eb66a843b905d70218874d12ab114a29a7ae71974155c05a,5358067,4730.0,2026-05-08T05:19:42Z,NZ_CP016892,00_raw_data,
bacteria/NZ_CP016892/genes.gff,94bbf606e3a61c89dd0c55507c398c3b598b38197b5dbe0b74329450128dc469,3050854,,2026-05-08T05:19:42Z,NZ_CP016892,00_raw_data,
bacteria/NZ_CP016892/genome.fna,fafd5a9f34e9d79838882620c43348356e2d13847c7d4b17333054b231f4a4a6,5179515,4.0,2026-05-08T05:19:42Z,NZ_CP016892,00_raw_data,
bacteria/NZ_CP016892/proteins.faa,ef0d1a6765f2ef493e314075814db1530b994961c623f4d713f1102a1e71fbfd,1733662,4500.0,2026-05-08T05:19:42Z,NZ_CP016892,00_raw_data,
bacteria/NZ_CP017928/cds.fna,a62dff365930445e2f1df86a1591b09ae9cbcd4a219328ceb3d4673c118a5809,7080507,6250.0,2026-05-08T05:19:42Z,NZ_CP017928,00_raw_data,
bacteria/NZ_CP017928/genes.gff,36c4ea37663485baf8f9011f597a3dc659e0c4cf9e9315b1d41ef9f4de5af730,3996205,,2026-05-08T05:19:42Z,NZ_CP017928,00_raw_data,
bacteria/NZ_CP017928/genome.fna,cb19b6a93c413d0029d9dbb6659635c7fb5513a2cd855b4c06341852526c8adc,6665169,6.0,2026-05-08T05:19:42Z,NZ_CP017928,00_raw_data,
bacteria/NZ_CP017928/proteins.faa,f94911125fcb3e807003a033acf2db6a4f4f2fb4cc26d48826e728a4a8426212,2389836,6087.0,2026-05-08T05:19:42Z,NZ_CP017928,00_raw_data,
bacteria/NZ_CP022009/cds.fna,1c56fee6a1b6a1e82f550dc1059e7cf7a52370019743511e50c076ee6e61047b,9282842,7741.0,2026-05-08T05:19:42Z,NZ_CP022009,00_raw_data,
bacteria/NZ_CP022009/genes.gff,1b928e8d9a75795cc70699f6e9091a7c330605be144f951da7194bbfea27b827,4874979,,2026-05-08T05:19:42Z,NZ_CP022009,00_raw_data,
bacteria/NZ_CP022009/genome.fna,a7daed723ea4ce775c7ab609cb636d7f5c9e74892dc740c4ffc2ca4746a8ddcb,8966024,5.0,2026-05-08T05:19:42Z,NZ_CP022009,00_raw_data,
bacteria/NZ_CP022009/proteins.faa,2d3c47c9adea1d5e31b3bc0e95420a4cfcd9c3ec8b50ac16fc9f215e8973fe40,3091943,7491.0,2026-05-08T05:19:42Z,NZ_CP022009,00_raw_data,
bacteria/NZ_CP026795/cds.fna,1a71cbe452fe7aad4f7f70ae1d0cd40b2c13c4aac80de0aad3d741254114c953,5278712,4963.0,2026-05-08T05:19:42Z,NZ_CP026795,00_raw_data,
bacteria/NZ_CP026795/genes.gff,e7f3cc8aa24404981c5f902fabcf1eea07393c62fcd86c4e21756681286120f4,3247023,,2026-05-08T05:19:42Z,NZ_CP026795,00_raw_data,
bacteria/NZ_CP026795/genome.fna,98122397b8b2cdb479ad6494fbfefb7402d90e9545bfe6f3292a66313ff24563,4862474,2.0,2026-05-08T05:19:42Z,NZ_CP026795,00_raw_data,
bacteria/NZ_CP026795/proteins.faa,219b7bcb762d8f24ddbcecf3682d1380700a91de0e892039dc770f43a682b941,1381594,3646.0,2026-05-08T05:19:42Z,NZ_CP026795,00_raw_data,
bacteria/NZ_CP049154/cds.fna,cd04af05421cb2d1893b2241fff2bf32110d76ffdedc391bf78343e28c430eea,4749132,4109.0,2026-05-08T05:19:42Z,NZ_CP049154,00_raw_data,
bacteria/NZ_CP049154/genes.gff,86018c01574358d8b3e8b8da87dbb8df6bffbf922ec4fc08837c10c4d8c16eeb,2675797,,2026-05-08T05:19:42Z,NZ_CP049154,00_raw_data,
bacteria/NZ_CP049154/genome.fna,d2a92b6b4a9caf532c093026852e82965fc386eec8de0df6cfd05d4596cd104b,4488132,2.0,2026-05-08T05:19:42Z,NZ_CP049154,00_raw_data,
bacteria/NZ_CP049154/proteins.faa,484161de67a7dd53cd4dc1db3c21da92acd90ab28edfc70c604b3ee4bff541f0,1623669,4077.0,2026-05-08T05:19:42Z,NZ_CP049154,00_raw_data,
bacteria/NZ_CP066006/cds.fna,b1014be29e52e8c9b5390ab904a5fc7da8fb4b33824e97cac8043598849511da,7360736,6099.0,2026-05-08T05:19:42Z,NZ_CP066006,00_raw_data,
bacteria/NZ_CP066006/genes.gff,11ffcc0760b01d14a9baf4051a2b777004df7baae5b1e3233daf48fa13831a51,3896967,,2026-05-08T05:19:42Z,NZ_CP066006,00_raw_data,
bacteria/NZ_CP066006/genome.fna,e72b8cea28d142b559b17fd52debcea459b6d67d6b17af6525228138fae0e2f0,6881719,1.0,2026-05-08T05:19:42Z,NZ_CP066006,00_raw_data,
bacteria/NZ_CP066006/proteins.faa,6c1dc2d251eb9c6ecbd5155bcb96dfdccfd346e6066d37eb23b0ad6cf3949317,2502899,6058.0,2026-05-08T05:19:42Z,NZ_CP066006,00_raw_data,
bacteria/NZ_CP074661/cds.fna,e70c7fc33e1ff6bad01dfd17b7b72c03951cb430857252cb69dd3563e0d1abc7,5070411,4513.0,2026-05-08T05:19:42Z,NZ_CP074661,00_raw_data,
bacteria/NZ_CP074661/genes.gff,d87cd45bd2523978b7e4b2b488bc445aa72586c7185317cc876ac127b4c96cf5,2897385,,2026-05-08T05:19:42Z,NZ_CP074661,00_raw_data,
bacteria/NZ_CP074661/genome.fna,4666ddf084aa624542b94ade0fe06e83673b150417d2250c1784cdcf9ecebb06,4786921,2.0,2026-05-08T05:19:42Z,NZ_CP074661,00_raw_data,
bacteria/NZ_CP074661/proteins.faa,c071793324b3c4fa731944c3059d8ac4a8e80e1fbdf4c7e549e016557ebc9c56,1693677,4303.0,2026-05-08T05:19:42Z,NZ_CP074661,00_raw_data,
bacteria/NZ_CP077850/cds.fna,663665b523714bd6057b3be7c693d20ca31a56f97b50b61517a422baa86f61d7,3952298,3383.0,2026-05-08T05:19:42Z,NZ_CP077850,00_raw_data,
bacteria/NZ_CP077850/genes.gff,35560bab6e703d8068a753ffeff0e306ee5d8102c5657fafd9e7886d6425232a,2234963,,2026-05-08T05:19:42Z,NZ_CP077850,00_raw_data,
bacteria/NZ_CP077850/genome.fna,4af7ec30700b15bb372063346e6be640fb6f51c98db21fd8cc43629f09b6647a,3880431,2.0,2026-05-08T05:19:42Z,NZ_CP077850,00_raw_data,
bacteria/NZ_CP077850/proteins.faa,3d9ff881eaa0ba1a00b26e3fdc9bd86fc2dcb3335c2aa47ed7952df39eb1de13,1309010,3290.0,2026-05-08T05:19:42Z,NZ_CP077850,00_raw_data,
bacteria/NZ_CP082179/cds.fna,32ad8014a36787bee2f0485f67f6979a208a5df9e3ea22256abeba6e3bb0a49c,4263672,3696.0,2026-05-08T05:19:42Z,NZ_CP082179,00_raw_data,
bacteria/NZ_CP082179/genes.gff,e5c3c8b6cb830666fe0236b5df7edb9c07b09a200e125088752b0f667be30f77,2529388,,2026-05-08T05:19:42Z,NZ_CP082179,00_raw_data,
bacteria/NZ_CP082179/genome.fna,0e915f645ca43c7d47406398250493fe64b05f6063f31586f3cac7fd5c10dcad,4164939,2.0,2026-05-08T05:19:42Z,NZ_CP082179,00_raw_data,
bacteria/NZ_CP082179/proteins.faa,b6797c80e9be53add1075be14d088978dff8e2b91510e2810290077449aa659c,1299044,3122.0,2026-05-08T05:19:42Z,NZ_CP082179,00_raw_data,
bacteria/NZ_CP103838/cds.fna,8d027d5fafc681bdfaacc8fae5003b1b024b92dc874f797e602f14cf90270675,5472038,4404.0,2026-05-08T05:19:42Z,NZ_CP103838,00_raw_data,
bacteria/NZ_CP103838/genes.gff,69ddf22ad9228c5622b9acfa8c54b3279f414843e017297a9316f96e26df5c27,2817683,,2026-05-08T05:19:42Z,NZ_CP103838,00_raw_data,
bacteria/NZ_CP103838/genome.fna,f994a1616006c4f33f65e6584a9cad61b1894a059e3b51d35ebd366e08023b7d,5375179,2.0,2026-05-08T05:19:42Z,NZ_CP103838,00_raw_data,
bacteria/NZ_CP103838/proteins.faa,8f927c86c9d2fb272220db09078006bf9a0b516d28c25ec09782d190c66691ce,1797188,4224.0,2026-05-08T05:19:42Z,NZ_CP103838,00_raw_data,
bacteria/NZ_CP114795/cds.fna,0f6d774138b9b6ba95a134651d277ae9ff50ba5446dca2baea877155117e4612,5211121,4190.0,2026-05-08T05:19:42Z,NZ_CP114795,00_raw_data,
bacteria/NZ_CP114795/genes.gff,3efc545cb54e61073cb29aadd396ce98d044debc7c465b48a0e2bc132a35ab78,2587195,,2026-05-08T05:19:42Z,NZ_CP114795,00_raw_data,
bacteria/NZ_CP114795/genome.fna,1c22c2807bfe2fcfd430d0e9d5a9fa2e8f523a47f4a2cd4c28715bc2296f4576,5117200,1.0,2026-05-08T05:19:42Z,NZ_CP114795,00_raw_data,
bacteria/NZ_CP114795/proteins.faa,49c48fe2c24bb91d6967f4ed87b828e1fb4680834fd58e583f8eed895a9983ec,1703665,4004.0,2026-05-08T05:19:42Z,NZ_CP114795,00_raw_data,
bacteria/NZ_CP118477/cds.fna,bc8d94233dd8a677efd00141b1318452a199a5127b773821c5d935055244c8d0,5465331,4497.0,2026-05-08T05:19:42Z,NZ_CP118477,00_raw_data,
bacteria/NZ_CP118477/genes.gff,d1c097ecab09310cc589d055c3190d5760bb516cedfe04ecce9b7686f2c40ba8,2884729,,2026-05-08T05:19:42Z,NZ_CP118477,00_raw_data,
bacteria/NZ_CP118477/genome.fna,358a9d66fa23b207a3494860abdc6f461d96b17d123a8e90aca284c2a8d05fba,5345665,3.0,2026-05-08T05:19:42Z,NZ_CP118477,00_raw_data,
bacteria/NZ_CP118477/proteins.faa,4ee87a3db4d7acbe94ef73b378057b1ed4233efe063e047c68f4e4013640c3c1,1649389,3952.0,2026-05-08T05:19:42Z,NZ_CP118477,00_raw_data,
bacteria/NZ_CP140715/cds.fna,91e6c1bcdcc4b59c1b77b45573b984c672813dc0827752f022318470655f23f8,3674104,3288.0,2026-05-08T05:19:42Z,NZ_CP140715,00_raw_data,
bacteria/NZ_CP140715/genes.gff,d0c0d08311b9c8d006de5e6647e623042407f1f4d7cdeca63e0dd4ef1f85de04,2134011,,2026-05-08T05:19:42Z,NZ_CP140715,00_raw_data,
bacteria/NZ_CP140715/genome.fna,1083b2a7c0565a90383dba4087fba0ceccea17223d79b14d9a7135afbde2f539,3562492,5.0,2026-05-08T05:19:42Z,NZ_CP140715,00_raw_data,
bacteria/NZ_CP140715/proteins.faa,15fffb2a7f424640875c03b7dde2af13391f288784979a408708980f2b91115e,1206656,3108.0,2026-05-08T05:19:42Z,NZ_CP140715,00_raw_data,
bacteria/NZ_CP150073/cds.fna,67a8953e9aa4ff35eac683496fcb2095358ed74d854fa886956ee89204a0567c,5138415,4415.0,2026-05-08T05:19:42Z,NZ_CP150073,00_raw_data,
bacteria/NZ_CP150073/genes.gff,679405d7c13a536a9f55ba63388ebeffe63294bf6b19320111e6997144b8f274,2859741,,2026-05-08T05:19:42Z,NZ_CP150073,00_raw_data,
bacteria/NZ_CP150073/genome.fna,ce96aae40bf1182d958de97ce2b6399ece905aeb24251109b9eaad5f8cb61941,4988917,1.0,2026-05-08T05:19:42Z,NZ_CP150073,00_raw_data,
bacteria/NZ_CP150073/proteins.faa,7e7413a837e1232954f683bd1c5f99300e02fe690cc5e6f2f7b221eb1eda4328,1484885,3565.0,2026-05-08T05:19:42Z,NZ_CP150073,00_raw_data,
bacteria/NZ_CP155948/cds.fna,d5d47eac28ce9e55fe8b5efd2d444e5a8d4987a591ac65e10b0434fc13b31d06,5292741,4331.0,2026-05-08T05:19:42Z,NZ_CP155948,00_raw_data,
bacteria/NZ_CP155948/genes.gff,ef9e2d7fac636603021da7ec1317fdbef13dd41669e4be34eead406db7cf8823,2739020,,2026-05-08T05:19:42Z,NZ_CP155948,00_raw_data,
bacteria/NZ_CP155948/genome.fna,67c2986c40f266d369f1f74dadea63e4711bd5fc53c14a1744948e3c15ec0416,5215023,1.0,2026-05-08T05:19:42Z,NZ_CP155948,00_raw_data,
bacteria/NZ_CP155948/proteins.faa,431d12ffc27d73685d5d672f429397e9cb2afe41dcae6e71ecf1b7d1b99768cf,1751271,4143.0,2026-05-08T05:19:42Z,NZ_CP155948,00_raw_data,
bacteria/NZ_CP155977/cds.fna,4e2c423b7e4b64fcbd6e8720c7be5a3b88300f9115849846eabfc4a769022097,5203254,4272.0,2026-05-08T05:19:42Z,NZ_CP155977,00_raw_data,
bacteria/NZ_CP155977/genes.gff,a2bf3314f36c8b8972a328e879d1472945c7d2945f56ae8eab408271ed477764,2716639,,2026-05-08T05:19:42Z,NZ_CP155977,00_raw_data,
bacteria/NZ_CP155977/genome.fna,bdcfd5aa47bb67e5a8ba42e116e9f9309d7b17134e27248ae6887fd84a87d024,5126196,1.0,2026-05-08T05:19:42Z,NZ_CP155977,00_raw_data,
bacteria/NZ_CP155977/proteins.faa,2eefb6cbdb7f4ceb0fcd131555992d4f9ea4f6fdbae0a00894e6f594b672f9f7,1700499,4054.0,2026-05-08T05:19:42Z,NZ_CP155977,00_raw_data,
bacteria/NZ_CP167225/cds.fna,74f22154b94f2eac9e4b58bb45097342be1d6a884dbeef8dbba8c57110e83f6c,5226958,4249.0,2026-05-08T05:19:42Z,NZ_CP167225,00_raw_data,
bacteria/NZ_CP167225/genes.gff,abffe6945c499a8375faab48ac51a4376cf05bc516c101ebefa96b2de3385b9d,2639678,,2026-05-08T05:19:42Z,NZ_CP167225,00_raw_data,
bacteria/NZ_CP167225/genome.fna,7c054f3630191ea254cb60574caaf9ca1c5851779dae9079690688f4995a60a6,5121535,2.0,2026-05-08T05:19:42Z,NZ_CP167225,00_raw_data,
bacteria/NZ_CP167225/proteins.faa,2fa9518219fb1686a01445f487e85ec882f94282f4c1b114e9c5bd5fd4460d2f,1767571,4143.0,2026-05-08T05:19:42Z,NZ_CP167225,00_raw_data,
bacteria/NZ_CP167993/cds.fna,b3a205a53fb571f2526c03e3400c3f2647b9af629b2b6b2ba82f94dbef51f860,5147839,4237.0,2026-05-08T05:19:42Z,NZ_CP167993,00_raw_data,
bacteria/NZ_CP167993/genes.gff,37160b02bbd7d85912e2683ec9f11cf780a0335d19797d377996fb2d98e4b68e,2651203,,2026-05-08T05:19:42Z,NZ_CP167993,00_raw_data,
bacteria/NZ_CP167993/genome.fna,0a2988dc91bc56f04b7a8d2dccb24eb3b18be9876ffd14d4352268556118614d,5120978,2.0,2026-05-08T05:19:42Z,NZ_CP167993,00_raw_data,
bacteria/NZ_CP167993/proteins.faa,acc91e03e551e3338750beb58c390f3aae2cf043395836896c1d69cefa67a74e,1705078,4085.0,2026-05-08T05:19:42Z,NZ_CP167993,00_raw_data,
bacteria/NZ_CP168206/cds.fna,c583759626056dfffe501b4fd612d3812c1654d94b2f059ca681045e0bf31edb,5358609,4359.0,2026-05-08T05:19:42Z,NZ_CP168206,00_raw_data,
bacteria/NZ_CP168206/genes.gff,3c52106081a9b03353782810f6d56a62338848e85e2c90f221b9dbe21db0004c,2721771,,2026-05-08T05:19:42Z,NZ_CP168206,00_raw_data,
bacteria/NZ_CP168206/genome.fna,285e4a3d926e699bd2dc1724a1e9998e687dc1040c7aed5c4f25eab0a4f6946f,5247557,2.0,2026-05-08T05:19:42Z,NZ_CP168206,00_raw_data,
bacteria/NZ_CP168206/proteins.faa,8dcd5ecaf29e8875b18b8fd0e805963d0fae2b8be10214677c3ba4e3d178cd31,1771797,4204.0,2026-05-08T05:19:42Z,NZ_CP168206,00_raw_data,
bacteria/NZ_CP169751/cds.fna,76fd95db2ed73d5653d901ca7dd757c94e3b9fe0ffecb844adc983d6c9c38d2f,5567467,4659.0,2026-05-08T05:19:42Z,NZ_CP169751,00_raw_data,
bacteria/NZ_CP169751/genes.gff,37d006333c2077e09ea7d9812adfbd68c80944cf59a4ab4b2c3eefb72b1b7d7f,2990582,,2026-05-08T05:19:42Z,NZ_CP169751,00_raw_data,
bacteria/NZ_CP169751/genome.fna,85dfb722edf2407a78551e8cce2b194366c2b34b4995759ba45ff2956b242cf5,5455621,6.0,2026-05-08T05:19:42Z,NZ_CP169751,00_raw_data,
bacteria/NZ_CP169751/proteins.faa,9e1f4e06ccbfd38980f4fa0818a7b042166b4505546739a2ac5a35b86ac4c062,1787760,4327.0,2026-05-08T05:19:42Z,NZ_CP169751,00_raw_data,
bacteria/NZ_CP172379/cds.fna,1eedc5bb19d1bf4708afea777291b8d968006291bd36c248d6b21d69b8912c44,1948329,1733.0,2026-05-08T05:19:42Z,NZ_CP172379,00_raw_data,
bacteria/NZ_CP172379/genes.gff,173207f227282f6c199054800f9e66fa3db3f6bdfc6d1992cc02e118dde1cba1,1104111,,2026-05-08T05:19:42Z,NZ_CP172379,00_raw_data,
bacteria/NZ_CP172379/genome.fna,2bb086c5a14599e5326495ced45925fbf00274b8ea15084179506bd830cd1cbb,1713074,1.0,2026-05-08T05:19:42Z,NZ_CP172379,00_raw_data,
bacteria/NZ_CP172379/proteins.faa,29dc003d1c859fc90fb6437adc4014b7ba24ce5b8b66247d32f6be0c6c150ca4,654420,1683.0,2026-05-08T05:19:42Z,NZ_CP172379,00_raw_data,
bacteria/NZ_CP173422/cds.fna,d9c3215d6eb9fee87c02ec5c51e36cc99f48eb26f4c273b9a80a1433798d17d7,5481016,4506.0,2026-05-08T05:19:42Z,NZ_CP173422,00_raw_data,
bacteria/NZ_CP173422/genes.gff,fe4220fbc479af8f237f2354f77885c79fb9bae75f14912f398b6a6a990365f8,2693193,,2026-05-08T05:19:42Z,NZ_CP173422,00_raw_data,
bacteria/NZ_CP173422/genome.fna,2c87510c11a90d29e562b2ae8f518d54483448d9315d3042154bbefe378dc495,5343533,4.0,2026-05-08T05:19:42Z,NZ_CP173422,00_raw_data,
bacteria/NZ_CP173422/proteins.faa,9b80a5b66ccb614ad1a84062d96271d114843870baf6a65398a3bf01b01627be,1815219,4326.0,2026-05-08T05:19:42Z,NZ_CP173422,00_raw_data,
bacteria/NZ_CP182287/cds.fna,8a89eb071e3379c3dcf2ed25a6d371636926b613965d8e31213d228a635c5629,2591755,2353.0,2026-05-08T05:19:42Z,NZ_CP182287,00_raw_data,
bacteria/NZ_CP182287/genes.gff,a1ad83fb8792bd325576d559cfdd2edbad7aeab2a005cec962c75d8bba8c4f03,1513585,,2026-05-08T05:19:42Z,NZ_CP182287,00_raw_data,
bacteria/NZ_CP182287/genome.fna,a645464a5637119852297a08f2ac27523136f590bc409f951b2b7cb9676fd7ca,2652753,1.0,2026-05-08T05:19:42Z,NZ_CP182287,00_raw_data,
bacteria/NZ_CP182287/proteins.faa,021b7156e2dc0972f7117f363d946fb2313d672dcf8556caffaf82326519e37b,816824,2178.0,2026-05-08T05:19:42Z,NZ_CP182287,00_raw_data,
bacteria/NZ_JBWJFR000000000/cds.fna,1ff0c41e00b9fb1bf6b13f2739891b0c316a4f7b229fdb52565c07939ad251be,5462682,4521.0,2026-05-08T05:19:42Z,NZ_JBWJFR000000000,00_raw_data,
bacteria/NZ_JBWJFR000000000/genes.gff,8d1aeacca90afabe61a15cdfe3238cf59fa9b07476897537748acc85769933c7,2921581,,2026-05-08T05:19:42Z,NZ_JBWJFR000000000,00_raw_data,
bacteria/NZ_JBWJFR000000000/genome.fna,598430e62d5238e0be691c99b705bd9a200ce30a8edf6c0f9f824484fedca989,5338411,5.0,2026-05-08T05:19:42Z,NZ_JBWJFR000000000,00_raw_data,
bacteria/NZ_JBWJFR000000000/proteins.faa,2526778da48a512c211018e75e559a1e332fb8ff1b01a455e369da0769de1dde,1770028,4239.0,2026-05-08T05:19:42Z,NZ_JBWJFR000000000,00_raw_data,
